-- phpMyAdmin SQL Dump
-- version 5.2.1
-- https://www.phpmyadmin.net/
--
-- Servidor: 127.0.0.1
-- Tiempo de generación: 22-02-2024 a las 13:41:31
-- Versión del servidor: 10.4.28-MariaDB
-- Versión de PHP: 8.2.4

SET SQL_MODE = "NO_AUTO_VALUE_ON_ZERO";
START TRANSACTION;
SET time_zone = "+00:00";


/*!40101 SET @OLD_CHARACTER_SET_CLIENT=@@CHARACTER_SET_CLIENT */;
/*!40101 SET @OLD_CHARACTER_SET_RESULTS=@@CHARACTER_SET_RESULTS */;
/*!40101 SET @OLD_COLLATION_CONNECTION=@@COLLATION_CONNECTION */;
/*!40101 SET NAMES utf8mb4 */;

--
-- Base de datos: `pers_emmu`
--

-- --------------------------------------------------------

--
-- Estructura de tabla para la tabla `asistencia`
--

CREATE TABLE `asistencia` (
  `id` int(11) NOT NULL,
  `dni` int(11) NOT NULL,
  `id_catedra` int(11) NOT NULL,
  `estado` varchar(10) NOT NULL,
  `fecha` date NOT NULL,
  `ingreso` timestamp NOT NULL DEFAULT current_timestamp(),
  `editado` timestamp NULL DEFAULT NULL
) ENGINE=InnoDB DEFAULT CHARSET=utf8mb4 COLLATE=utf8mb4_general_ci;

--
-- Volcado de datos para la tabla `asistencia`
--

INSERT INTO `asistencia` (`id`, `dni`, `id_catedra`, `estado`, `fecha`, `ingreso`, `editado`) VALUES
(38, 51268304, 46, 'A', '2024-03-08', '2024-02-21 14:39:24', NULL),
(45, 51268304, 46, 'P', '2024-04-22', '2024-02-21 15:04:05', NULL),
(46, 51268304, 46, 'A', '2024-04-24', '2024-02-21 15:04:17', NULL),
(48, 51268304, 46, 'A', '2024-05-11', '2024-02-21 15:09:23', NULL),
(51, 51268304, 46, 'P', '2024-05-29', '2024-02-21 15:12:22', NULL),
(52, 51268304, 46, 'A', '2024-06-03', '2024-02-21 15:12:43', NULL),
(55, 12234345, 63, 'AJ', '2024-03-09', '2024-02-21 15:32:04', NULL);

-- --------------------------------------------------------

--
-- Estructura de tabla para la tabla `asistencia_historial`
--

CREATE TABLE `asistencia_historial` (
  `id` int(11) NOT NULL,
  `fecha` date NOT NULL,
  `id_catedra` int(11) NOT NULL,
  `created_at` timestamp NOT NULL DEFAULT current_timestamp() ON UPDATE current_timestamp()
) ENGINE=InnoDB DEFAULT CHARSET=utf8mb4 COLLATE=utf8mb4_general_ci;

-- --------------------------------------------------------

--
-- Estructura de tabla para la tabla `calificaciones`
--

CREATE TABLE `calificaciones` (
  `id` bigint(11) NOT NULL,
  `dni` int(255) NOT NULL,
  `id_materia` int(11) NOT NULL,
  `nota_cuatri1` varchar(11) DEFAULT NULL,
  `fecha_cuatri1` date DEFAULT NULL,
  `nota_cuatri2` varchar(11) DEFAULT NULL,
  `fecha_cuatri2` date DEFAULT NULL,
  `fecha_final` date NOT NULL,
  `nota_final` varchar(11) DEFAULT NULL,
  `estado` varchar(50) NOT NULL,
  `modalidad` varchar(10) NOT NULL,
  `tomo` varchar(15) NOT NULL,
  `pagina` int(11) NOT NULL,
  `created_at` date NOT NULL,
  `updated_at` date NOT NULL
) ENGINE=InnoDB DEFAULT CHARSET=utf8mb4 COLLATE=utf8mb4_general_ci;

--
-- Volcado de datos para la tabla `calificaciones`
--

INSERT INTO `calificaciones` (`id`, `dni`, `id_materia`, `nota_cuatri1`, `fecha_cuatri1`, `nota_cuatri2`, `fecha_cuatri2`, `fecha_final`, `nota_final`, `estado`, `modalidad`, `tomo`, `pagina`, `created_at`, `updated_at`) VALUES
(2, 46826396, 13, '10', '2021-12-20', '10', '2021-12-20', '2021-12-20', '10', 'APROBADO', 'REGULAR', '5 FINALES', 1, '2023-11-27', '2023-11-27'),
(3, 46440023, 23, '10', '2021-12-20', '10', '2021-12-20', '2021-12-20', '10', 'APROBADO', 'REGULAR', '5 FINALES', 2, '2023-11-27', '2023-11-27'),
(5, 39330605, 59, '7', '2022-08-01', '7', '2022-08-01', '2022-08-01', '7', 'APROBADO', 'REGULAR', '5 FINALES', 3, '2023-11-27', '2023-11-27'),
(7, 30087613, 59, '8', '2022-08-01', '8', '2022-08-01', '2022-08-01', '8', 'APROBADO', 'REGULAR', '5 FINALES', 3, '2023-11-27', '2023-11-27'),
(8, 45747806, 59, '10', '2022-08-01', '10', '2022-08-01', '2022-08-01', '10', 'APROBADO', 'REGULAR', '5 FINALES', 3, '2023-11-27', '2023-11-27'),
(9, 45014853, 59, '5', '2022-08-01', '5', '2022-08-01', '2022-08-01', '5', 'APROBADO', 'REGULAR', '5 FINALES', 3, '2023-11-27', '2023-11-27'),
(10, 20055682, 63, '7', '2022-08-01', '7', '2022-08-01', '2022-08-01', '7', 'APROBADO', 'REGULAR', '5 FINALES', 5, '2023-11-27', '2023-11-27'),
(12, 20011636, 63, '9', '2022-08-01', '9', '2022-08-01', '2022-08-01', '9', 'APROBADO', 'REGULAR', '5 FINALES', 5, '2023-11-27', '2023-11-27'),
(13, 36662390, 63, '8', '2022-08-01', '8', '2022-08-01', '2022-08-01', '8', 'APROBADO', 'REGULAR', '5 FINALES', 5, '2023-11-27', '2023-11-27'),
(14, 29635961, 63, '8', '2022-08-01', '8', '2022-08-01', '2022-08-01', '8', 'APROBADO', 'REGULAR', '5 FINALES', 5, '2023-11-27', '2023-11-27'),
(15, 29635961, 55, '9', '2022-08-03', '9', '2022-08-03', '2022-08-03', '9', 'APROBADO', 'PREVIA', '5 FINALES', 6, '2023-11-27', '2023-11-27'),
(18, 14015676, 10, '2', '2022-08-03', '2', '2022-08-03', '2023-12-20', '7', 'APROBADO', 'REGULAR', '1 FINALES', 102, '2024-02-08', '2024-02-08'),
(19, 42375185, 105, '10', '2022-08-04', '10', '2022-08-04', '2022-08-04', '10', 'APROBADO', 'PREVIA', '5 FINALES', 9, '2023-11-27', '2023-11-27'),
(24, 96035591, 7, '9', '2022-12-12', '9', '2022-12-12', '2022-12-12', '9', 'APROBADO', 'REGULAR', '5 FINALES', 12, '2023-11-27', '2023-11-27'),
(25, 17298933, 16, '6', '2022-12-12', '6', '2022-12-12', '2022-12-12', '6', 'APROBADO', 'REGULAR', '5 FINALES', 13, '2023-11-27', '2023-11-27'),
(27, 14010343, 17, '7', '2022-12-12', '7', '2022-12-12', '2022-12-12', '7', 'APROBADO', 'REGULAR', '5 FINALES', 14, '2023-11-27', '2023-11-27'),
(30, 46290144, 31, '8', '2022-12-12', '8', '2022-12-12', '2022-12-12', '8', 'APROBADO', 'REGULAR', '5 FINALES', 15, '2023-11-27', '2023-11-27'),
(31, 17298933, 31, '8', '2022-12-12', '8', '2022-12-12', '2022-12-12', '8', 'APROBADO', 'REGULAR', '5 FINALES', 15, '2023-11-27', '2023-11-27'),
(32, 22297111, 31, '8', '2022-12-12', '8', '2022-12-12', '2022-12-12', '8', 'APROBADO', 'REGULAR', '5 FINALES', 15, '2023-11-27', '2023-11-27'),
(33, 20055682, 42, '10', '2022-12-12', '10', '2022-12-12', '2022-12-12', '10', 'APROBADO', 'REGULAR', '5 FINALES', 16, '2023-11-27', '2023-11-27'),
(34, 20011636, 42, '10', '2022-12-12', '10', '2022-12-12', '2022-12-12', '10', 'APROBADO', 'REGULAR', '5 FINALES', 16, '2023-11-27', '2023-11-27'),
(35, 46440023, 42, '10', '2022-12-12', '10', '2022-12-12', '2022-12-12', '10', 'APROBADO', 'REGULAR', '5 FINALES', 16, '2023-11-27', '2023-11-27'),
(36, 45014853, 42, '9', '2022-12-12', '9', '2022-12-12', '2022-12-12', '9', 'APROBADO', 'REGULAR', '5 FINALES', 16, '2023-11-27', '2023-11-27'),
(38, 46826396, 42, '9', '2022-12-12', '9', '2022-12-12', '2022-12-12', '9', 'APROBADO', 'REGULAR', '5 FINALES', 16, '2023-11-27', '2023-11-27'),
(40, 46281636, 42, '10', '2022-12-12', '10', '2022-12-12', '2022-12-12', '10', 'APROBADO', 'REGULAR', '5 FINALES', 16, '2023-11-27', '2023-11-27'),
(41, 42375185, 42, '10', '2022-12-12', '10', '2022-12-12', '2022-12-12', '10', 'APROBADO', 'REGULAR', '5 FINALES', 16, '2023-11-27', '2023-11-27'),
(43, 31722291, 53, '9', '2022-12-12', '9', '2022-12-12', '2022-12-12', '9', 'APROBADO', 'REGULAR', '5 FINALES', 17, '2023-11-27', '2023-11-27'),
(44, 22724628, 104, '7', '2022-12-15', '7', '2022-12-15', '2022-12-15', '7', 'APROBADO', 'REGULAR', '5 FINALES', 22, '2023-11-27', '2023-11-27'),
(45, 14010343, 30, '7', '2022-12-15', '7', '2022-12-15', '2022-12-15', '7', 'APROBADO', 'REGULAR', '5 FINALES', 23, '2023-11-27', '2023-11-27'),
(46, 36954702, 5, '9', '2022-12-15', '9', '2022-12-15', '2022-12-15', '9', 'APROBADO', 'REGULAR', '5 FINALES', 24, '2023-11-27', '2023-11-27'),
(47, 12279506, 5, '10', '2022-12-15', '10', '2022-12-15', '2022-12-15', '10', 'APROBADO', 'REGULAR', '5 FINALES', 24, '2023-11-27', '2023-11-27'),
(48, 38492717, 14, '9', '2022-12-15', '9', '2022-12-15', '2022-12-15', '9', 'APROBADO', 'REGULAR', '5 FINALES', 25, '2023-11-27', '2023-11-27'),
(54, 33993954, 10, '9', '2022-12-14', '9', '2022-12-14', '2022-12-14', '9', 'APROBADO', 'REGULAR', '5 FINALES', 27, '2023-11-27', '2023-11-27'),
(55, 38492717, 10, '10', '2022-12-14', '10', '2022-12-14', '2022-12-14', '10', 'APROBADO', 'REGULAR', '5 FINALES', 27, '2023-11-27', '2023-11-27'),
(56, 34948257, 10, '10', '2022-12-14', '10', '2022-12-14', '2022-12-14', '10', 'APROBADO', 'REGULAR', '5 FINALES', 27, '2023-11-27', '2023-11-27'),
(58, 20281336, 10, '8', '2022-12-14', '8', '2022-12-14', '2022-12-14', '8', 'APROBADO', 'REGULAR', '5 FINALES', 27, '2023-11-27', '2023-11-27'),
(59, 45014853, 10, '8', '2022-12-14', '8', '2022-12-14', '2022-12-14', '8', 'APROBADO', 'REGULAR', '5 FINALES', 27, '2023-11-27', '2023-11-27'),
(60, 47697650, 10, '10', '2022-12-14', '10', '2022-12-14', '2022-12-14', '10', 'APROBADO', 'REGULAR', '5 FINALES', 27, '2023-11-27', '2023-11-27'),
(61, 14015676, 10, '3', '2022-12-14', '3', '2022-12-14', '2023-12-20', '7', 'APROBADO', 'REGULAR', '1 FINALES', 102, '2024-02-08', '2024-02-08'),
(63, 46290144, 20, '5', '2022-12-16', '5', '2022-12-16', '2022-12-16', '5', 'APROBADO', 'REGULAR', '5 FINALES', 29, '2023-11-27', '2023-11-27'),
(64, 22297111, 20, '8', '2022-12-16', '8', '2022-12-16', '2022-12-16', '8', 'APROBADO', 'REGULAR', '5 FINALES', 29, '2023-11-27', '2023-11-27'),
(65, 96004967, 20, '10', '2022-12-16', '10', '2022-12-16', '2022-12-16', '10', 'APROBADO', 'REGULAR', '5 FINALES', 29, '2023-11-27', '2023-11-27'),
(67, 12685079, 20, '9', '2022-12-16', '9', '2022-12-16', '2022-12-16', '9', 'APROBADO', 'REGULAR', '5 FINALES', 29, '2023-11-27', '2023-11-27'),
(68, 14079714, 20, '4', '2022-12-16', '4', '2022-12-16', '2022-12-16', '4', 'APROBADO', 'REGULAR', '5 FINALES', 29, '2023-11-27', '2023-11-27'),
(69, 96051484, 20, '2', '2022-12-16', '2', '2022-12-16', '2022-12-16', '2', 'DESAPROBADO', 'REGULAR', '5 FINALES', 29, '2023-11-27', '2023-11-27'),
(73, 20011636, 57, '9', '2023-07-31', '9', '2023-07-31', '2023-07-31', '9', 'APROBADO', 'REGULAR', '5 FINALES', 64, '2023-11-27', '2023-11-27'),
(76, 47697650, 12, '9', '2022-12-22', '9', '2022-12-22', '2022-12-22', '9', 'APROBADO', 'REGULAR', '5 FINALES', 34, '2023-11-27', '2023-11-27'),
(78, 96004967, 22, '8.5', '2022-12-22', '8.5', '2022-12-22', '2022-12-22', '8.5', 'APROBADO', 'REGULAR', '5 FINALES', 35, '2023-11-27', '2023-11-27'),
(79, 45014853, 61, '8', '2022-12-27', '8', '2022-12-27', '2022-12-27', '8', 'APROBADO', 'REGULAR', '5 FINALES', 37, '2023-11-27', '2023-11-27'),
(80, 45747806, 61, '9', '2022-12-27', '9', '2022-12-27', '2022-12-27', '9', 'APROBADO', 'REGULAR', '5 FINALES', 37, '2023-11-27', '2023-11-27'),
(81, 30087613, 61, '7', '2022-12-27', '7', '2022-12-27', '2022-12-27', '7', 'APROBADO', 'REGULAR', '5 FINALES', 37, '2023-11-27', '2023-11-27'),
(82, 24663019, 61, '10', '2022-12-27', '10', '2022-12-27', '2022-12-27', '10', 'APROBADO', 'REGULAR', '5 FINALES', 37, '2023-11-27', '2023-11-27'),
(83, 96051484, 54, '9', '2022-12-27', '9', '2022-12-27', '2022-12-27', '9', 'APROBADO', 'REGULAR', '5 FINALES', 38, '2023-11-27', '2023-11-27'),
(84, 20281336, 54, '8', '2022-12-27', '8', '2022-12-27', '2022-12-27', '8', 'APROBADO', 'REGULAR', '5 FINALES', 38, '2023-11-27', '2023-11-27'),
(85, 24663019, 54, '9', '2022-12-27', '9', '2022-12-27', '2022-12-27', '9', 'APROBADO', 'REGULAR', '5 FINALES', 38, '2023-11-27', '2023-11-27'),
(86, 39330605, 56, '7', '2022-12-27', '7', '2022-12-27', '2022-12-27', '7', 'APROBADO', 'REGULAR', '5 FINALES', 39, '2023-11-27', '2023-11-27'),
(87, 36662390, 56, '9', '2022-12-27', '9', '2022-12-27', '2022-12-27', '9', 'APROBADO', 'REGULAR', '5 FINALES', 39, '2023-11-27', '2023-11-27'),
(88, 50861004, 85, '10', '2022-12-28', '10', '2022-12-28', '2022-12-28', '10', 'APROBADO', 'REGULAR', '5 FINALES', 40, '2023-11-27', '2023-11-27'),
(91, 96035591, 1, '9', '2022-12-28', '9', '2022-12-28', '2022-12-28', '9', 'APROBADO', 'REGULAR', '5 FINALES', 42, '2023-11-27', '2023-11-27'),
(92, 22724628, 1, '10', '2022-12-28', '10', '2022-12-28', '2022-12-28', '10', 'APROBADO', 'REGULAR', '5 FINALES', 42, '2023-11-27', '2023-11-27'),
(96, 30087613, 1, '7', '2022-12-28', '7', '2022-12-28', '2022-12-28', '7', 'APROBADO', 'REGULAR', '5 FINALES', 42, '2023-11-27', '2023-11-27'),
(97, 45747806, 1, '10', '2022-12-28', '10', '2022-12-28', '2022-12-28', '10', 'APROBADO', 'REGULAR', '5 FINALES', 42, '2023-11-27', '2023-11-27'),
(98, 22039615, 1, '7.5', '2022-12-28', '7.5', '2022-12-28', '2022-12-28', '7.5', 'APROBADO', 'REGULAR', '5 FINALES', 42, '2023-11-27', '2023-11-27'),
(100, 43729291, 1, '8', '2022-12-28', '8', '2022-12-28', '2022-12-28', '8', 'APROBADO', 'REGULAR', '5 FINALES', 42, '2023-11-27', '2023-11-27'),
(102, 46826396, 23, '10', '2022-12-28', '10', '2022-12-28', '2022-12-28', '10', 'APROBADO', 'REGULAR', '5 FINALES', 45, '2023-11-27', '2023-11-27'),
(105, 33993954, 13, '7', '2022-12-28', '7', '2022-12-28', '2022-12-28', '7', 'APROBADO', 'REGULAR', '5 FINALES', 48, '2023-11-27', '2023-11-27'),
(107, 12279506, 1, '10', '2022-12-28', '10', '2022-12-28', '2022-12-28', '10', 'APROBADO', 'REGULAR', '5 FINALES', 49, '2023-11-27', '2023-11-27'),
(113, 20281336, 1, '9', '2022-12-28', '9', '2022-12-28', '2022-12-28', '9', 'APROBADO', 'REGULAR', '5 FINALES', 49, '2023-11-27', '2023-11-27'),
(114, 24663019, 1, '9', '2022-12-28', '9', '2022-12-28', '2022-12-28', '9', 'APROBADO', 'REGULAR', '5 FINALES', 49, '2023-11-27', '2023-11-27'),
(118, 14163098, 1, '6', '2023-03-22', '6', '2023-03-22', '2023-03-22', '6', 'APROBADO', 'PREVIA', '5 FINALES', 51, '2023-11-27', '2023-11-27'),
(119, 20011636, 64, '9', '2023-03-22', '9', '2023-03-22', '2023-03-22', '9', 'APROBADO', 'REGULAR', '5 FINALES', 52, '2023-11-27', '2023-11-27'),
(121, 20055682, 64, '8', '2023-03-22', '8', '2023-03-22', '2023-03-22', '8', 'APROBADO', 'REGULAR', '5 FINALES', 52, '2023-11-27', '2023-11-27'),
(123, 42375185, 64, '8', '2023-03-27', '8', '2023-03-27', '2023-03-27', '8', 'APROBADO', 'REGULAR', '5 FINALES', 55, '2023-11-27', '2023-11-27'),
(124, 39330605, 64, '7', '2023-03-27', '7', '2023-03-27', '2023-03-27', '7', 'APROBADO', 'REGULAR', '5 FINALES', 55, '2023-11-27', '2023-11-27'),
(125, 46290144, 64, '7', '2023-03-27', '7', '2023-03-27', '2023-03-27', '7', 'APROBADO', 'REGULAR', '5 FINALES', 55, '2023-11-27', '2023-11-27'),
(126, 42661258, 64, '2', '2023-03-27', '2', '2023-03-27', '2023-03-27', '2', 'DESAPROBADO', 'REGULAR', '5 FINALES', 55, '2023-11-27', '2023-11-27'),
(128, 20011636, 65, '8', '2023-03-27', '8', '2023-03-27', '2023-03-27', '8', 'APROBADO', 'REGULAR', '5 FINALES', 56, '2023-11-27', '2023-11-27'),
(129, 20055682, 65, '7', '2023-03-27', '7', '2023-03-27', '2023-03-27', '7', 'APROBADO', 'REGULAR', '5 FINALES', 56, '2023-11-27', '2023-11-27'),
(131, 96051484, 20, '2', '2023-03-29', '2', '2023-03-29', '2023-03-29', '2', 'DESAPROBADO', 'REGULAR', '5 FINALES', 57, '2023-11-27', '2023-11-27'),
(132, 14010343, 20, '3', '2023-03-29', '3', '2023-03-29', '2023-12-21', '3', 'DESAPROBADO', 'REGULAR', '5 FINALES', 106, '2024-02-08', '2024-02-08'),
(133, 39390924, 20, 'AUSENTE', '2024-02-08', 'AUSENTE', '2024-02-08', '2024-02-08', 'AUSENTE', 'AUSENTE', 'REGULAR', '5 FINALES', 105, '2024-02-08', '2024-02-08'),
(137, 46281636, 34, '10', '2023-03-30', '10', '2023-03-30', '2023-03-30', '10', 'APROBADO', 'REGULAR', '5 FINALES', 60, '2023-11-27', '2023-11-27'),
(138, 20011636, 32, '8', '2023-03-31', '8', '2023-03-31', '2023-03-31', '8', 'APROBADO', 'REGULAR', '5 FINALES', 61, '2023-11-27', '2023-11-27'),
(139, 42375185, 32, '2', '2023-03-31', '2', '2023-03-31', '2023-03-31', '2', 'DESAPROBADO', 'REGULAR', '5 FINALES', 61, '2023-11-27', '2023-11-27'),
(151, 39330605, 55, '8', '2019-03-25', '8', '2019-03-25', '2019-03-25', '8', 'APROBADO', 'PREVIA', '4 FINALES', 13, '2023-11-27', '2023-11-27'),
(161, 49254590, 2, '8', '2023-03-03', '8', '2023-03-03', '2023-03-03', '8', 'APROBADO', 'REGULAR', '2 PROMOCIONALES', 103, '2023-11-27', '2023-11-27'),
(162, 31270853, 21, '8', '2023-04-11', '8', '2023-04-11', '2023-04-11', '8', 'APROBADO', 'REGULAR', '2 PROMOCIONALES', 108, '2023-11-27', '2023-11-27'),
(163, 17298933, 2, '8', '2023-04-11', '8', '2023-04-11', '2023-04-11', '8', 'APROBADO', 'REGULAR', '2 PROMOCIONALES', 109, '2023-11-27', '2023-11-27'),
(164, 14015676, 2, '8', '2023-04-11', '8', '2023-04-11', '2023-04-11', '8', 'APROBADO', 'REGULAR', '2 PROMOCIONALES', 109, '2023-11-27', '2023-11-27'),
(165, 14010343, 2, '8', '2023-04-11', '8', '2023-04-11', '2023-04-11', '8', 'APROBADO', 'REGULAR', '2 PROMOCIONALES', 109, '2023-11-27', '2023-11-27'),
(166, 39330605, 63, '7', '2019-07-15', '7', '2019-07-15', '2019-07-15', '7', 'APROBADO', 'REGULAR', '4 FINALES', 27, '2023-11-27', '2023-11-27'),
(169, 20055682, 61, '8', '2019-08-05', '8', '2019-08-05', '2019-08-05', '8', 'APROBADO', 'REGULAR', '4 FINALES', 28, '2023-11-27', '2023-11-27'),
(171, 20011636, 61, '10', '2019-08-05', '10', '2019-08-05', '2019-08-05', '10', 'APROBADO', 'REGULAR', '4 FINALES', 28, '2023-11-27', '2023-11-27'),
(173, 29327495, 61, '6', '2019-08-05', '6', '2019-08-05', '2019-08-05', '6', 'APROBADO', 'REGULAR', '4 FINALES', 28, '2023-11-27', '2023-11-27'),
(178, 17298933, 11, '8', '2023-04-12', '8', '2023-04-12', '2023-04-12', '8', 'APROBADO', 'REGULAR', '2 PROMOCIONALES', 110, '2023-11-27', '2023-11-27'),
(179, 14015676, 11, '8', '2023-04-12', '8', '2023-04-12', '2023-04-12', '8', 'APROBADO', 'REGULAR', '2 PROMOCIONALES', 110, '2023-11-27', '2023-11-27'),
(188, 20011636, 59, '10', '2019-12-16', '10', '2019-12-16', '2019-12-16', '10', 'APROBADO', 'REGULAR', '4 FINALES', 42, '2023-11-27', '2023-11-27'),
(189, 36662390, 59, '9', '2019-12-16', '9', '2019-12-16', '2019-12-16', '9', 'APROBADO', 'REGULAR', '4 FINALES', 42, '2023-11-27', '2023-11-27'),
(193, 36662390, 54, '8', '2019-12-16', '8', '2019-12-16', '2019-12-16', '8', 'APROBADO', 'REGULAR', '4 FINALES', 43, '2023-11-27', '2023-11-27'),
(194, 20011636, 54, '10', '2019-12-16', '10', '2019-12-16', '2019-12-16', '10', 'APROBADO', 'REGULAR', '4 FINALES', 43, '2023-11-27', '2023-11-27'),
(198, 39330605, 43, '7', '2021-08-02', '7', '2021-08-02', '2021-08-02', '7', 'APROBADO', 'LIBRE', '4 FINALES', 81, '2023-11-27', '2023-11-27'),
(201, 39330605, 32, '6', '2019-12-16', '6', '2019-12-16', '2019-12-16', '6', 'APROBADO', 'REGULAR', '4 FINALES', 47, '2023-11-27', '2023-11-27'),
(209, 46826396, 83, '9', '2019-12-17', '9', '2019-12-17', '2019-12-17', '9', 'APROBADO', 'REGULAR', '4 FINALES', 49, '2023-11-27', '2023-11-27'),
(212, 39330605, 43, '2', '2020-12-21', '2', '2020-12-21', '2020-12-21', '2', 'DESAPROBADO', 'REGULAR', '4 FINALES', 100, '2023-11-27', '2023-11-27'),
(214, 47697650, 76, '10', '2019-11-15', '10', '2019-11-15', '2019-11-15', '10', 'APROBADO', 'REGULAR', '1 PROMOCIONALES', 199, '2023-11-27', '2023-11-27'),
(218, 46826396, 92, '10', '2019-11-15', '10', '2019-11-15', '2019-11-15', '10', 'APROBADO', 'REGULAR', '1 PROMOCIONALES', 199, '2023-11-27', '2023-11-27'),
(222, 30982543, 10, '6', '2019-12-18', '6', '2019-12-18', '2019-12-18', '6', 'APROBADO', 'REGULAR', '4 FINALES', 53, '2023-11-27', '2023-11-27'),
(225, 31722291, 10, '5', '2019-12-18', '5', '2019-12-18', '2019-12-18', '5', 'APROBADO', 'REGULAR', '4 FINALES', 53, '2023-11-27', '2023-11-27'),
(229, 33669432, 10, '4.5', '2019-12-18', '4.5', '2019-12-18', '2019-12-18', '4.5', 'APROBADO', 'REGULAR', '4 FINALES', 53, '2023-11-27', '2023-11-27'),
(233, 29569172, 7, '8', '2019-12-18', '8', '2019-12-18', '2019-12-18', '8', 'APROBADO', 'REGULAR', '4 FINALES', 55, '2023-11-27', '2023-11-27'),
(234, 31722291, 16, '9', '2019-12-18', '9', '2019-12-18', '2019-12-18', '9', 'APROBADO', 'REGULAR', '4 FINALES', 56, '2023-11-27', '2023-11-27'),
(238, 39330605, 53, '9', '2019-12-18', '9', '2019-12-18', '2019-12-18', '9', 'APROBADO', 'REGULAR', '4 FINALES', 60, '2023-11-27', '2023-11-27'),
(243, 46281636, 3, '9.5', '2019-12-19', '9.5', '2019-12-19', '2019-12-19', '9.5', 'APROBADO', 'REGULAR', '4 FINALES', 62, '2023-11-27', '2023-11-27'),
(251, 46440023, 4, '9', '2019-12-20', '9', '2019-12-20', '2019-12-20', '9', 'APROBADO', 'REGULAR', '4 FINALES', 71, '2023-11-27', '2023-11-27'),
(253, 46826396, 94, '10', '2019-12-20', '10', '2019-12-20', '2019-12-20', '10', 'APROBADO', 'REGULAR', '4 FINALES', 74, '2023-11-27', '2023-11-27'),
(258, 46281636, 1, '10', '2019-12-20', '10', '2019-12-20', '2019-12-20', '10', 'APROBADO', 'REGULAR', '4 FINALES', 75, '2023-11-27', '2023-11-27'),
(260, 42905975, 1, '8', '2019-12-20', '8', '2019-12-20', '2019-12-20', '8', 'APROBADO', 'REGULAR', '4 FINALES', 75, '2023-11-27', '2023-11-27'),
(270, 36662390, 1, '9', '2019-12-20', '9', '2019-12-20', '2019-12-20', '9', 'APROBADO', 'REGULAR', '4 FINALES', 75, '2023-11-27', '2023-11-27'),
(280, 29569172, 1, '9', '2019-12-20', '9', '2019-12-20', '2019-12-20', '9', 'APROBADO', 'REGULAR', '4 FINALES', 76, '2023-11-27', '2023-11-27'),
(281, 29327495, 1, '9', '2019-12-20', '9', '2019-12-20', '2019-12-20', '9', 'APROBADO', 'REGULAR', '4 FINALES', 76, '2023-11-27', '2023-11-27'),
(285, 44755235, 1, '10', '2019-12-20', '10', '2019-12-20', '2019-12-20', '10', 'APROBADO', 'REGULAR', '4 FINALES', 76, '2023-11-27', '2023-11-27'),
(286, 46440023, 1, '10', '2019-12-20', '10', '2019-12-20', '2019-12-20', '10', 'APROBADO', 'REGULAR', '4 FINALES', 76, '2023-11-27', '2023-11-27'),
(287, 28232607, 1, '9.5', '2019-12-20', '9.5', '2019-12-20', '2019-12-20', '9.5', 'APROBADO', 'REGULAR', '4 FINALES', 76, '2023-11-27', '2023-11-27'),
(288, 42375185, 1, '10', '2019-12-20', '10', '2019-12-20', '2019-12-20', '10', 'APROBADO', 'REGULAR', '4 FINALES', 76, '2023-11-27', '2023-11-27'),
(290, 46826396, 2, '8', '2019-12-17', '8', '2019-12-17', '2019-12-17', '8', 'APROBADO', 'NIVELACION', '4 FINALES', 52, '2023-11-27', '2023-11-27'),
(293, 44940258, 20, '8.5', '2019-12-27', '8.5', '2019-12-27', '2019-12-27', '8.5', 'APROBADO', 'REGULAR', '4 FINALES', 78, '2023-11-27', '2023-11-27'),
(298, 42905975, 10, '3', '2021-08-04', '3', '2021-08-04', '2021-08-04', '3', 'DESAPROBADO', 'LIBRE', '4 FINALES', 82, '2023-11-27', '2023-11-27'),
(300, 27026885, 59, '10', '2020-12-15', '10', '2020-12-15', '2020-12-15', '10', 'APROBADO', 'REGULAR', '4 FINALES', 83, '2023-11-27', '2023-11-27'),
(301, 36662075, 59, '10', '2020-12-15', '10', '2020-12-15', '2020-12-15', '10', 'APROBADO', 'REGULAR', '4 FINALES', 83, '2023-11-27', '2023-11-27'),
(302, 42375185, 59, '2', '2020-12-15', '2', '2020-12-15', '2020-12-15', '2', 'DESAPROBADO', 'REGULAR', '4 FINALES', 83, '2023-11-27', '2023-11-27'),
(303, 30982543, 59, '10', '2020-12-15', '10', '2020-12-15', '2020-12-15', '10', 'APROBADO', 'REGULAR', '4 FINALES', 83, '2023-11-27', '2023-11-27'),
(307, 29635961, 59, '10', '2020-12-15', '10', '2020-12-15', '2020-12-15', '10', 'APROBADO', 'REGULAR', '4 FINALES', 83, '2023-11-27', '2023-11-27'),
(308, 39390924, 59, '2', '2020-12-15', '2', '2020-12-15', '2020-12-15', '2', 'DESAPROBADO', 'REGULAR', '4 FINALES', 83, '2023-11-27', '2023-11-27'),
(309, 42661258, 59, '10', '2020-12-15', '10', '2020-12-15', '2020-12-15', '10', 'APROBADO', 'REGULAR', '4 FINALES', 83, '2023-11-27', '2023-11-27'),
(310, 44755235, 59, '10', '2020-12-15', '10', '2020-12-15', '2020-12-15', '10', 'APROBADO', 'REGULAR', '4 FINALES', 83, '2023-11-27', '2023-11-27'),
(311, 29569172, 16, '10', '2020-12-18', '10', '2020-12-18', '2020-12-18', '10', 'APROBADO', 'REGULAR', '4 FINALES', 84, '2023-11-27', '2023-11-27'),
(312, 31722291, 26, '9', '2020-12-18', '9', '2020-12-18', '2020-12-18', '9', 'APROBADO', 'REGULAR', '4 FINALES', 85, '2023-11-27', '2023-11-27'),
(316, 12685079, 3, '9', '2020-12-22', '9', '2020-12-22', '2020-12-22', '9', 'APROBADO', 'REGULAR', '4 FINALES', 91, '2023-11-27', '2023-11-27'),
(319, 22297111, 3, '9', '2020-12-22', '9', '2020-12-22', '2020-12-22', '9', 'APROBADO', 'REGULAR', '4 FINALES', 91, '2023-11-27', '2023-11-27'),
(321, 44940258, 34, '7', '2020-12-22', '7', '2020-12-22', '2020-12-22', '7', 'APROBADO', 'REGULAR', '4 FINALES', 93, '2023-11-27', '2023-11-27'),
(324, 46826396, 13, '7', '2020-12-18', '7', '2020-12-18', '2020-12-18', '7', 'APROBADO', 'REGULAR', '4 FINALES', 96, '2023-11-27', '2023-11-27'),
(331, 31722291, 20, '9', '2020-12-21', '9', '2020-12-21', '2020-12-21', '9', 'APROBADO', 'REGULAR', '4 FINALES', 98, '2023-11-27', '2023-11-27'),
(333, 33669432, 20, '9', '2020-12-21', '9', '2020-12-21', '2020-12-21', '9', 'APROBADO', 'REGULAR', '4 FINALES', 98, '2023-11-27', '2023-11-27'),
(334, 29635961, 20, '9', '2020-12-21', '9', '2020-12-21', '2020-12-21', '9', 'APROBADO', 'REGULAR', '4 FINALES', 98, '2023-11-27', '2023-11-27'),
(338, 44940258, 32, '3', '2020-12-21', '3', '2020-12-21', '2020-12-21', '3', 'DESAPROBADO', 'REGULAR', '4 FINALES', 99, '2023-11-27', '2023-11-27'),
(339, 31722291, 43, '8', '2022-12-21', '8', '2022-12-21', '2022-12-21', '8', 'APROBADO', 'REGULAR', '5 FINALES', 31, '2023-11-27', '2023-11-27'),
(340, 44940258, 43, '2', '2021-12-29', '2', '2021-12-29', '2021-12-29', '2', 'APROBADO', 'REGULAR', '4 FINALES', 186, '2023-11-27', '2023-11-27'),
(341, 42375185, 10, '8', '2020-12-28', '8', '2020-12-28', '2020-12-28', '8', 'APROBADO', 'REGULAR', '4 FINALES', 101, '2023-11-27', '2023-11-27'),
(342, 28232607, 10, '10', '2020-12-28', '10', '2020-12-28', '2020-12-28', '10', 'APROBADO', 'REGULAR', '4 FINALES', 101, '2023-11-27', '2023-11-27'),
(343, 46440023, 10, '10', '2020-12-28', '10', '2020-12-28', '2020-12-28', '10', 'APROBADO', 'REGULAR', '4 FINALES', 101, '2023-11-27', '2023-11-27'),
(344, 44755235, 10, '10', '2020-12-28', '10', '2020-12-28', '2020-12-28', '10', 'APROBADO', 'REGULAR', '4 FINALES', 101, '2023-11-27', '2023-11-27'),
(347, 36662390, 10, '7', '2020-12-28', '7', '2020-12-28', '2020-12-28', '7', 'APROBADO', 'REGULAR', '4 FINALES', 101, '2023-11-27', '2023-11-27'),
(349, 46281636, 10, '8', '2020-12-28', '8', '2020-12-28', '2020-12-28', '8', 'APROBADO', 'REGULAR', '4 FINALES', 101, '2023-11-27', '2023-11-27'),
(352, 20055682, 10, '10', '2020-12-28', '10', '2020-12-28', '2020-12-28', '10', 'APROBADO', 'REGULAR', '4 FINALES', 101, '2023-11-27', '2023-11-27'),
(354, 20011636, 10, '10', '2020-12-28', '10', '2020-12-28', '2020-12-28', '10', 'APROBADO', 'REGULAR', '4 FINALES', 101, '2023-11-27', '2023-11-27'),
(355, 39390924, 10, '6', '2020-12-28', '6', '2020-12-28', '2020-12-28', '6', 'APROBADO', 'REGULAR', '4 FINALES', 101, '2023-11-27', '2023-11-27'),
(356, 46826396, 10, '8', '2020-12-28', '8', '2020-12-28', '2020-12-28', '8', 'APROBADO', 'REGULAR', '4 FINALES', 101, '2023-11-27', '2023-11-27'),
(365, 30982543, 54, '10', '2020-12-28', '10', '2020-12-28', '2020-12-28', '10', 'APROBADO', 'REGULAR', '4 FINALES', 103, '2023-11-27', '2023-11-27'),
(370, 27026885, 54, '8', '2021-05-31', '8', '2021-05-31', '2021-05-31', '8', 'APROBADO', 'REGULAR', '4 FINALES', 103, '2023-11-27', '2023-11-27'),
(371, 39390924, 54, '9', '2021-05-31', '9', '2021-05-31', '2021-05-31', '9', 'APROBADO', 'REGULAR', '4 FINALES', 103, '2023-11-27', '2023-11-27'),
(372, 44755235, 54, '9', '2021-05-31', '9', '2021-05-31', '2021-05-31', '9', 'APROBADO', 'REGULAR', '4 FINALES', 103, '2023-11-27', '2023-11-27'),
(373, 29635961, 54, '9', '2021-05-31', '9', '2021-05-31', '2021-05-31', '9', 'APROBADO', 'REGULAR', '4 FINALES', 103, '2023-11-27', '2023-11-27'),
(374, 20055682, 55, '10', '2021-06-02', '10', '2021-06-02', '2021-06-02', '10', 'APROBADO', 'REGULAR', '4 FINALES', 105, '2023-11-27', '2023-11-27'),
(376, 20011636, 55, '10', '2021-06-02', '10', '2021-06-02', '2021-06-02', '10', 'APROBADO', 'REGULAR', '4 FINALES', 105, '2023-11-27', '2023-11-27'),
(377, 36662390, 55, '10', '2021-06-02', '10', '2021-06-02', '2021-06-02', '10', 'APROBADO', 'REGULAR', '4 FINALES', 105, '2023-11-27', '2023-11-27'),
(379, 42375185, 103, '8', '2021-08-05', '8', '2021-08-05', '2021-08-05', '8', 'APROBADO', 'REGULAR', '4 FINALES', 106, '2023-11-27', '2023-11-27'),
(382, 44940258, 22, '7', '2021-08-06', '7', '2021-08-06', '2021-08-06', '7', 'APROBADO', 'PREVIA', '4 FINALES', 109, '2023-11-27', '2023-11-27'),
(384, 95313839, 4, '10', '2021-08-07', '10', '2021-08-07', '2021-08-07', '10', 'APROBADO', 'PREVIA', '4 FINALES', 111, '2023-11-27', '2023-11-27'),
(389, 20011636, 62, '10', '2021-08-11', '10', '2021-08-11', '2021-08-11', '10', 'APROBADO', 'REGULAR', '4 FINALES', 113, '2023-11-27', '2023-11-27'),
(390, 20055682, 62, '9', '2021-08-11', '9', '2021-08-11', '2021-08-11', '9', 'APROBADO', 'REGULAR', '4 FINALES', 113, '2023-11-27', '2023-11-27'),
(391, 29327495, 62, '10', '2021-08-11', '10', '2021-08-11', '2021-08-11', '10', 'APROBADO', 'REGULAR', '4 FINALES', 113, '2023-11-27', '2023-11-27'),
(393, 39390924, 1, '8', '2021-03-10', '8', '2021-03-10', '2021-03-10', '8', 'APROBADO', 'PREVIA', '4 FINALES', 115, '2023-11-27', '2023-11-27'),
(395, 42375185, 59, '7', '2021-10-05', '7', '2021-10-05', '2021-10-05', '7', 'APROBADO', 'LIBRE', '4 FINALES', 116, '2023-11-27', '2023-11-27'),
(396, 20281336, 59, '9', '2021-10-05', '9', '2021-10-05', '2021-10-05', '9', 'APROBADO', 'REGULAR', '4 FINALES', 118, '2023-11-27', '2023-11-27'),
(399, 39390924, 59, '9', '2021-10-05', '9', '2021-10-05', '2021-10-05', '9', 'APROBADO', 'REGULAR', '4 FINALES', 118, '2023-11-27', '2023-11-27'),
(400, 96051484, 59, '8', '2021-10-05', '8', '2021-10-05', '2021-10-05', '8', 'APROBADO', 'REGULAR', '4 FINALES', 118, '2023-11-27', '2023-11-27'),
(401, 44755235, 62, '9', '2021-10-05', '9', '2021-10-05', '2021-10-05', '9', 'APROBADO', 'REGULAR', '4 FINALES', 119, '2023-11-27', '2023-11-27'),
(402, 27026885, 62, '6', '2021-10-05', '6', '2021-10-05', '2021-10-05', '6', 'APROBADO', 'REGULAR', '4 FINALES', 119, '2023-11-27', '2023-11-27'),
(403, 30982543, 62, '8', '2021-10-05', '8', '2021-10-05', '2021-10-05', '8', 'APROBADO', 'REGULAR', '4 FINALES', 119, '2023-11-27', '2023-11-27'),
(404, 42661258, 62, '7', '2021-10-05', '7', '2021-10-05', '2021-10-05', '7', 'APROBADO', 'REGULAR', '4 FINALES', 119, '2023-11-27', '2023-11-27'),
(406, 29635961, 62, '7', '2021-10-05', '7', '2021-10-05', '2021-10-05', '7', 'APROBADO', 'REGULAR', '4 FINALES', 119, '2023-11-27', '2023-11-27'),
(407, 42375185, 62, '8', '2021-10-05', '8', '2021-10-05', '2021-10-05', '8', 'APROBADO', 'REGULAR', '4 FINALES', 119, '2023-11-27', '2023-11-27'),
(408, 36662390, 62, '7', '2021-10-05', '7', '2021-10-05', '2021-10-05', '7', 'APROBADO', 'REGULAR', '4 FINALES', 119, '2023-11-27', '2023-11-27'),
(417, 42375185, 60, '8', '2021-12-13', '8', '2021-12-13', '2021-12-13', '8', 'APROBADO', 'PREVIA', '4 FINALES', 129, '2023-11-27', '2023-11-27'),
(418, 30982543, 55, '9', '2021-12-13', '9', '2021-12-13', '2021-12-13', '9', 'APROBADO', 'REGULAR', '4 FINALES', 130, '2023-11-27', '2023-11-27'),
(420, 33669432, 32, '2', '2021-12-13', '2', '2021-12-13', '2021-12-13', '2', 'DESAPROBADO', 'REGULAR', '4 FINALES', 131, '2023-11-27', '2023-11-27'),
(421, 29635961, 32, '6', '2021-12-13', '6', '2021-12-13', '2021-12-13', '6', 'APROBADO', 'REGULAR', '4 FINALES', 131, '2023-11-27', '2023-11-27'),
(423, 47697650, 12, '8', '2021-12-14', '8', '2021-12-14', '2021-12-14', '8', 'APROBADO', 'REGULAR', '4 FINALES', 134, '2023-11-27', '2023-11-27'),
(424, 14079714, 3, '7', '2021-12-14', '7', '2021-12-14', '2021-12-14', '7', 'APROBADO', 'REGULAR', '4 FINALES', 134, '2023-11-27', '2023-11-27'),
(425, 14010343, 11, '8', '2023-04-12', '8', '2023-04-12', '2023-04-12', '8', 'APROBADO', 'REGULAR', '2 PROMOCIONALES', 110, '2023-11-27', '2023-11-27'),
(429, 96051484, 61, '8', '2021-12-14', '8', '2021-12-14', '2021-12-14', '8', 'APROBADO', 'REGULAR', '4 FINALES', 136, '2023-11-27', '2023-11-27'),
(431, 20281336, 61, '9', '2021-12-14', '9', '2021-12-14', '2021-12-14', '9', 'APROBADO', 'REGULAR', '4 FINALES', 136, '2023-11-27', '2023-11-27'),
(432, 42375185, 54, '9', '2021-12-13', '9', '2021-12-13', '2021-12-13', '9', 'APROBADO', 'REGULAR', '4 FINALES', 139, '2023-11-27', '2023-11-27'),
(433, 20055682, 56, '10', '2021-12-13', '10', '2021-12-13', '2021-12-13', '10', 'APROBADO', 'REGULAR', '4 FINALES', 140, '2023-11-27', '2023-11-27'),
(434, 20011636, 56, '9', '2021-12-13', '9', '2021-12-13', '2021-12-13', '9', 'APROBADO', 'REGULAR', '4 FINALES', 140, '2023-11-27', '2023-11-27'),
(435, 42661258, 61, '10', '2020-11-26', '10', '2020-11-26', '2020-11-26', '10', 'APROBADO', 'REGULAR', '4 FINALES', 141, '2023-11-27', '2023-11-27'),
(436, 30982543, 61, '10', '2020-11-26', '10', '2020-11-26', '2020-11-26', '10', 'APROBADO', 'REGULAR', '4 FINALES', 141, '2023-11-27', '2023-11-27'),
(443, 27026885, 61, '10', '2020-11-26', '10', '2020-11-26', '2020-11-26', '10', 'APROBADO', 'REGULAR', '4 FINALES', 141, '2023-11-27', '2023-11-27'),
(444, 39390924, 61, '8', '2020-11-26', '8', '2020-11-26', '2020-11-26', '8', 'APROBADO', 'REGULAR', '4 FINALES', 141, '2023-11-27', '2023-11-27'),
(447, 36662390, 61, '9', '2020-11-26', '9', '2020-11-26', '2020-11-26', '9', 'APROBADO', 'REGULAR', '4 FINALES', 141, '2023-11-27', '2023-11-27'),
(452, 44755235, 61, '10', '2020-11-26', '10', '2020-11-26', '2020-11-26', '10', 'APROBADO', 'REGULAR', '4 FINALES', 141, '2023-11-27', '2023-11-27'),
(453, 36662075, 61, '9', '2020-11-26', '9', '2020-11-26', '2020-11-26', '9', 'APROBADO', 'REGULAR', '4 FINALES', 141, '2023-11-27', '2023-11-27'),
(454, 42375185, 61, '10', '2020-11-26', '10', '2020-11-26', '2020-11-26', '10', 'APROBADO', 'REGULAR', '4 FINALES', 141, '2023-11-27', '2023-11-27'),
(455, 29635961, 61, '9', '2020-11-26', '9', '2020-11-26', '2020-11-26', '9', 'APROBADO', 'REGULAR', '4 FINALES', 141, '2023-11-27', '2023-11-27'),
(459, 20011636, 62, '10', '2020-11-26', '10', '2020-11-26', '2020-11-26', '10', 'APROBADO', 'REGULAR', '4 FINALES', 142, '2023-11-27', '2023-11-27'),
(460, 20055682, 62, '9', '2020-11-26', '9', '2020-11-26', '2020-11-26', '9', 'APROBADO', 'REGULAR', '4 FINALES', 142, '2023-11-27', '2023-11-27'),
(461, 29327495, 62, '10', '2020-11-26', '10', '2020-11-26', '2020-11-26', '10', 'APROBADO', 'REGULAR', '4 FINALES', 142, '2023-11-27', '2023-11-27'),
(463, 38492717, 5, '9', '2021-12-14', '9', '2021-12-14', '2021-12-14', '9', 'APROBADO', 'REGULAR', '4 FINALES', 145, '2023-11-27', '2023-11-27'),
(466, 46281636, 22, '10', '2021-12-14', '10', '2021-12-14', '2021-12-14', '10', 'APROBADO', 'REGULAR', '4 FINALES', 147, '2023-11-27', '2023-11-27'),
(468, 44940258, 45, '9', '2021-12-14', '9', '2021-12-14', '2021-12-14', '9', 'APROBADO', 'REGULAR', '4 FINALES', 148, '2023-11-27', '2023-11-27'),
(470, 29569172, 26, '8', '2021-12-15', '8', '2021-12-15', '2021-12-15', '8', 'APROBADO', 'REGULAR', '4 FINALES', 153, '2023-11-27', '2023-11-27'),
(476, 33993954, 1, '9.5', '2021-12-15', '9.5', '2021-12-15', '2021-12-15', '9.5', 'APROBADO', 'REGULAR', '4 FINALES', 154, '2023-11-27', '2023-11-27'),
(480, 47697650, 1, '10', '2021-12-15', '10', '2021-12-15', '2021-12-15', '10', 'APROBADO', 'REGULAR', '4 FINALES', 154, '2023-11-27', '2023-11-27'),
(482, 34948257, 1, '10', '2021-12-15', '10', '2021-12-15', '2021-12-15', '10', 'APROBADO', 'REGULAR', '4 FINALES', 154, '2023-11-27', '2023-11-27'),
(483, 38492717, 1, '9.5', '2021-12-15', '9.5', '2021-12-15', '2021-12-15', '9.5', 'APROBADO', 'REGULAR', '4 FINALES', 154, '2023-11-27', '2023-11-27'),
(484, 20281336, 1, '9', '2021-12-15', '9', '2021-12-15', '2021-12-15', '9', 'APROBADO', 'REGULAR', '4 FINALES', 154, '2023-11-27', '2023-11-27'),
(486, 28232607, 31, '10', '2021-12-15', '10', '2021-12-15', '2021-12-15', '10', 'APROBADO', 'REGULAR', '4 FINALES', 156, '2023-11-27', '2023-11-27'),
(487, 44755235, 31, '10', '2021-12-15', '10', '2021-12-15', '2021-12-15', '10', 'APROBADO', 'REGULAR', '4 FINALES', 156, '2023-11-27', '2023-11-27'),
(488, 46440023, 31, '10', '2021-12-15', '10', '2021-12-15', '2021-12-15', '10', 'APROBADO', 'REGULAR', '4 FINALES', 156, '2023-11-27', '2023-11-27'),
(489, 36662390, 31, '10', '2021-12-15', '10', '2021-12-15', '2021-12-15', '10', 'APROBADO', 'REGULAR', '4 FINALES', 156, '2023-11-27', '2023-11-27'),
(492, 20055682, 31, '9', '2021-12-15', '9', '2021-12-15', '2021-12-15', '9', 'APROBADO', 'REGULAR', '4 FINALES', 156, '2023-11-27', '2023-11-27'),
(493, 29569172, 31, '9', '2021-12-15', '9', '2021-12-15', '2021-12-15', '9', 'APROBADO', 'REGULAR', '4 FINALES', 156, '2023-11-27', '2023-11-27'),
(494, 31722291, 31, '9', '2021-12-15', '9', '2021-12-15', '2021-12-15', '9', 'APROBADO', 'REGULAR', '4 FINALES', 156, '2023-11-27', '2023-11-27'),
(496, 46826396, 31, '10', '2021-12-15', '10', '2021-12-15', '2021-12-15', '10', 'APROBADO', 'REGULAR', '4 FINALES', 156, '2023-11-27', '2023-11-27'),
(497, 46281636, 31, '9', '2021-12-15', '9', '2021-12-15', '2021-12-15', '9', 'APROBADO', 'REGULAR', '4 FINALES', 156, '2023-11-27', '2023-11-27'),
(498, 20011636, 31, '10', '2021-12-15', '10', '2021-12-15', '2021-12-15', '10', 'APROBADO', 'REGULAR', '4 FINALES', 156, '2023-11-27', '2023-11-27'),
(499, 42375185, 31, '9', '2021-12-15', '9', '2021-12-15', '2021-12-15', '9', 'APROBADO', 'REGULAR', '4 FINALES', 156, '2023-11-27', '2023-11-27'),
(502, 42905975, 103, '2', '2021-12-16', '2', '2021-12-16', '2021-12-16', '2', 'APROBADO', 'REGULAR', '4 FINALES', 159, '2023-11-27', '2023-11-27'),
(503, 42905975, 10, '5', '2021-12-17', '5', '2021-12-17', '2021-12-17', '5', 'APROBADO', 'REGULAR', '4 FINALES', 160, '2023-11-27', '2023-11-27'),
(504, 96004967, 10, '10', '2021-12-17', '10', '2021-12-17', '2021-12-17', '10', 'APROBADO', 'REGULAR', '4 FINALES', 161, '2023-11-27', '2023-11-27'),
(506, 12685079, 10, '8', '2021-12-17', '8', '2021-12-17', '2021-12-17', '8', 'APROBADO', 'REGULAR', '4 FINALES', 161, '2023-11-27', '2023-11-27'),
(507, 14079714, 10, '7', '2021-12-17', '7', '2021-12-17', '2021-12-17', '7', 'APROBADO', 'REGULAR', '4 FINALES', 161, '2023-11-27', '2023-11-27'),
(508, 17298933, 10, '7', '2021-12-17', '7', '2021-12-17', '2021-12-17', '7', 'APROBADO', 'REGULAR', '4 FINALES', 161, '2023-11-27', '2023-11-27'),
(510, 27026885, 10, '7', '2021-12-17', '7', '2021-12-17', '2021-12-17', '7', 'APROBADO', 'REGULAR', '4 FINALES', 161, '2023-11-27', '2023-11-27'),
(511, 14010343, 10, '4', '2021-12-17', '4', '2021-12-17', '2021-12-17', '4', 'APROBADO', 'REGULAR', '4 FINALES', 161, '2023-11-27', '2023-11-27'),
(513, 46290144, 10, '3', '2021-12-17', '3', '2021-12-17', '2021-12-17', '3', 'DESAPROBADO', 'REGULAR', '4 FINALES', 161, '2023-11-27', '2023-11-27'),
(514, 22297111, 10, '8', '2021-12-17', '8', '2021-12-17', '2021-12-17', '8', 'APROBADO', 'REGULAR', '4 FINALES', 161, '2023-11-27', '2023-11-27'),
(517, 96051484, 10, '3', '2021-12-17', '3', '2021-12-17', '2021-12-17', '3', 'DESAPROBADO', 'REGULAR', '4 FINALES', 161, '2023-11-27', '2023-11-27'),
(520, 31722291, 38, '9', '2021-12-15', '9', '2021-12-15', '2021-12-15', '9', 'APROBADO', 'REGULAR', '4 FINALES', 163, '2023-11-27', '2023-11-27'),
(523, 46826396, 20, '3.5', '2021-12-20', '3.5', '2021-12-20', '2021-12-20', '3.5', 'DESAPROBADO', 'REGULAR', '4 FINALES', 166, '2023-11-27', '2023-11-27'),
(525, 28232607, 20, '10', '2021-12-20', '10', '2021-12-20', '2021-12-20', '10', 'APROBADO', 'REGULAR', '4 FINALES', 166, '2023-11-27', '2023-11-27'),
(527, 29569172, 20, '6', '2021-12-20', '6', '2021-12-20', '2021-12-20', '6', 'APROBADO', 'REGULAR', '4 FINALES', 166, '2023-11-27', '2023-11-27'),
(528, 20011636, 20, '10', '2021-12-20', '10', '2021-12-20', '2021-12-20', '10', 'APROBADO', 'REGULAR', '4 FINALES', 166, '2023-11-27', '2023-11-27'),
(530, 46440023, 20, '8', '2021-12-20', '8', '2021-12-20', '2021-12-20', '8', 'APROBADO', 'REGULAR', '4 FINALES', 166, '2023-11-27', '2023-11-27'),
(531, 42375185, 20, '8', '2021-12-20', '8', '2021-12-20', '2021-12-20', '8', 'APROBADO', 'REGULAR', '4 FINALES', 166, '2023-11-27', '2023-11-27'),
(535, 33993954, 4, '10', '2021-12-20', '10', '2021-12-20', '2021-12-20', '10', 'APROBADO', 'REGULAR', '4 FINALES', 170, '2023-11-27', '2023-11-27'),
(537, 14010343, 1, '8', '2020-12-16', '8', '2020-12-16', '2020-12-16', '8', 'APROBADO', 'REGULAR', '4 FINALES', 171, '2023-11-27', '2023-11-27'),
(541, 22297111, 1, '9', '2020-12-16', '9', '2020-12-16', '2020-12-16', '9', 'APROBADO', 'REGULAR', '4 FINALES', 171, '2023-11-27', '2023-11-27'),
(542, 17298933, 1, '10', '2020-12-16', '10', '2020-12-16', '2020-12-16', '10', 'APROBADO', 'REGULAR', '4 FINALES', 171, '2023-11-27', '2023-11-27'),
(548, 46290144, 1, '9', '2020-12-16', '9', '2020-12-16', '2020-12-16', '9', 'APROBADO', 'REGULAR', '4 FINALES', 171, '2023-11-27', '2023-11-27'),
(552, 14079714, 1, '10', '2020-12-16', '10', '2020-12-16', '2020-12-16', '10', 'APROBADO', 'REGULAR', '4 FINALES', 171, '2023-11-27', '2023-11-27'),
(553, 42661258, 1, '9', '2020-12-16', '9', '2020-12-16', '2020-12-16', '9', 'APROBADO', 'REGULAR', '4 FINALES', 171, '2023-11-27', '2023-11-27'),
(556, 27026885, 1, '8', '2020-12-16', '8', '2020-12-16', '2020-12-16', '8', 'APROBADO', 'REGULAR', '4 FINALES', 171, '2023-11-27', '2023-11-27'),
(562, 14015676, 1, '5', '2020-12-16', '5', '2020-12-16', '2020-12-16', '5', 'APROBADO', 'REGULAR', '4 FINALES', 172, '2023-11-27', '2023-11-27'),
(566, 44940258, 32, '6', '2021-03-08', '6', '2021-03-08', '2021-03-08', '6', 'APROBADO', 'PREVIA', '4 FINALES', 174, '2023-11-27', '2023-11-27'),
(573, 20055682, 55, '10', '2021-06-02', '10', '2021-06-02', '2021-06-02', '10', 'APROBADO', 'PREVIA', '4 FINALES', 184, '2023-11-27', '2023-11-27'),
(575, 20011636, 55, '10', '2021-06-02', '10', '2021-06-02', '2021-06-02', '10', 'APROBADO', 'PREVIA', '4 FINALES', 184, '2023-11-27', '2023-11-27'),
(577, 30982543, 54, '10', '2021-05-31', '10', '2021-05-31', '2021-05-31', '10', 'APROBADO', 'PREVIA', '4 FINALES', 185, '2023-11-27', '2023-11-27'),
(582, 27026885, 54, '8', '2021-05-31', '8', '2021-05-31', '2021-05-31', '8', 'APROBADO', 'PREVIA', '4 FINALES', 185, '2023-11-27', '2023-11-27'),
(583, 39390924, 54, '9', '2021-05-31', '9', '2021-05-31', '2021-05-31', '9', 'APROBADO', 'PREVIA', '4 FINALES', 185, '2023-11-27', '2023-11-27'),
(585, 29635961, 54, '9', '2021-05-31', '9', '2021-05-31', '2021-05-31', '9', 'APROBADO', 'PREVIA', '4 FINALES', 185, '2023-11-27', '2023-11-27'),
(586, 44940258, 43, '7', '2022-03-18', '7', '2022-03-18', '2022-03-18', '7', 'APROBADO', 'PREVIA', '4 FINALES', 190, '2023-11-27', '2023-11-27'),
(590, 14010343, 8, '10', '2022-03-14', '10', '2022-03-14', '2022-03-14', '10', 'APROBADO', 'PREVIA', '4 FINALES', 187, '2023-11-27', '2023-11-27'),
(591, 96051484, 10, '8', '2022-03-16', '8', '2022-03-16', '2022-03-16', '8', 'APROBADO', 'PREVIA', '4 FINALES', 188, '2023-11-27', '2023-11-27'),
(593, 46290144, 10, '9.5', '2022-03-16', '9.5', '2022-03-16', '2022-03-16', '9.5', 'APROBADO', 'PREVIA', '4 FINALES', 188, '2023-11-27', '2023-11-27'),
(594, 14015676, 10, '3', '2022-03-16', '3', '2022-03-16', '2023-12-20', '7', 'APROBADO', 'REGULAR', '1 FINALES', 102, '2024-02-08', '2024-02-08'),
(595, 20055682, 20, '2', '2022-03-16', '2', '2022-03-16', '2022-03-16', '2', 'DESAPROBADO', 'PREVIA', '4 FINALES', 189, '2023-11-27', '2023-11-27'),
(598, 22297111, 12, '7', '2022-03-20', '7', '2022-03-20', '2022-03-20', '7', 'APROBADO', 'PREVIA', '4 FINALES', 192, '2023-11-27', '2023-11-27'),
(600, 96004967, 12, '9', '2022-03-18', '9', '2022-03-18', '2022-03-18', '9', 'APROBADO', 'REGULAR', '4 FINALES', 194, '2023-11-27', '2023-11-27'),
(601, 31722291, 32, '8', '2022-03-18', '8', '2022-03-18', '2022-03-18', '8', 'APROBADO', 'PREVIA', '4 FINALES', 195, '2023-11-27', '2023-11-27'),
(602, 33669432, 32, '8', '2022-03-18', '8', '2022-03-18', '2022-03-18', '8', 'APROBADO', 'PREVIA', '4 FINALES', 195, '2023-11-27', '2023-11-27'),
(632, 29592146, 3, '8', '2016-04-01', '8', '2016-04-01', '2016-04-01', '8', 'APROBADO', 'PREVIA', '3 FINALES', 38, '2023-11-27', '2023-11-27'),
(660, 46826396, 1, '8', '2019-12-17', '8', '2019-12-17', '2019-12-17', '8', 'APROBADO', 'NIVELACION', '4 FINALES', 51, '2023-11-27', '2023-11-27'),
(684, 24788975, 1, '3', '2016-12-16', '3', '2016-12-16', '2016-12-16', '3', 'DESAPROBADO', 'REGULAR', '3 FINALES', 68, '2023-11-27', '2023-11-27'),
(685, 24788975, 4, '3', '2016-12-16', '3', '2016-12-16', '2016-12-16', '3', 'DESAPROBADO', 'REGULAR', '3 FINALES', 69, '2023-11-27', '2023-11-27'),
(698, 39330605, 1, '5.5', '2016-12-16', '5.5', '2016-12-16', '2016-12-16', '5.5', 'APROBADO', 'REGULAR', '3 FINALES', 74, '2023-11-27', '2023-11-27'),
(731, 11876881, 1, '6', '2017-03-22', '6', '2017-03-22', '2017-03-22', '6', 'APROBADO', 'PREVIA', '3 FINALES', 85, '2023-11-27', '2023-11-27'),
(733, 39330605, 3, '8', '2017-03-30', '8', '2017-03-30', '2017-03-30', '8', 'APROBADO', 'PREVIA', '3 FINALES', 87, '2023-11-27', '2023-11-27'),
(739, 11876881, 54, '8', '2017-07-31', '8', '2017-07-31', '2017-07-31', '8', 'APROBADO', 'REGULAR', '3 FINALES', 91, '2023-11-27', '2023-11-27'),
(743, 39330605, 59, '9', '2017-07-31', '9', '2017-07-31', '2017-07-31', '9', 'APROBADO', 'REGULAR', '3 FINALES', 93, '2023-11-27', '2023-11-27'),
(755, 39330605, 20, '8', '2017-12-11', '8', '2017-12-11', '2017-12-11', '8', 'APROBADO', 'REGULAR', '3 FINALES', 98, '2023-11-27', '2023-11-27'),
(773, 39330605, 31, '8', '2017-12-12', '8', '2017-12-12', '2017-12-12', '8', 'APROBADO', 'REGULAR', '3 FINALES', 105, '2023-11-27', '2023-11-27'),
(778, 29635961, 103, '7', '2017-12-14', '7', '2017-12-14', '2017-12-14', '7', 'APROBADO', 'REGULAR', '3 FINALES', 108, '2023-11-27', '2023-11-27'),
(791, 39330605, 54, '6', '2017-12-20', '6', '2017-12-20', '2017-12-20', '6', 'APROBADO', 'REGULAR', '3 FINALES', 116, '2023-11-27', '2023-11-27'),
(801, 39330605, 20, '8', '2017-12-21', '8', '2017-12-21', '2017-12-21', '8', 'APROBADO', 'REGULAR', '3 FINALES', 120, '2023-11-27', '2023-11-27'),
(820, 29635961, 1, '10', '2017-12-22', '10', '2017-12-22', '2017-12-22', '10', 'APROBADO', 'REGULAR', '3 FINALES', 128, '2023-11-27', '2023-11-27'),
(859, 20051418, 103, '8', '2018-03-22', '8', '2018-03-22', '2018-03-22', '8', 'APROBADO', 'REGULAR', '3 FINALES', 137, '2023-11-27', '2023-11-27'),
(876, 39330605, 62, '7', '2018-07-30', '7', '2018-07-30', '2018-07-30', '7', 'APROBADO', 'REGULAR', '3 FINALES', 144, '2023-11-27', '2023-11-27'),
(906, 44940258, 10, '5', '2018-12-17', '5', '2018-12-17', '2018-12-17', '5', 'APROBADO', 'REGULAR', '3 FINALES', 163, '2023-11-27', '2023-11-27'),
(913, 29635961, 10, '7', '2018-12-17', '7', '2018-12-17', '2018-12-17', '7', 'APROBADO', 'REGULAR', '3 FINALES', 163, '2023-11-27', '2023-11-27'),
(928, 46281636, 83, '9', '2018-12-20', '9', '2018-12-20', '2018-12-20', '9', 'APROBADO', 'REGULAR', '3 FINALES', 172, '2023-11-27', '2023-11-27'),
(933, 46826396, 83, '9', '2018-12-20', '9', '2018-12-20', '2018-12-20', '9', 'APROBADO', 'REGULAR', '3 FINALES', 172, '2023-11-27', '2023-11-27'),
(937, 30982543, 1, '10', '2018-12-21', '10', '2018-12-21', '2018-12-21', '10', 'APROBADO', 'REGULAR', '3 FINALES', 179, '2023-11-27', '2023-11-27'),
(943, 31722291, 1, '10', '2018-12-21', '10', '2018-12-21', '2018-12-21', '10', 'APROBADO', 'REGULAR', '3 FINALES', 179, '2023-11-27', '2023-11-27'),
(944, 33669432, 1, '10', '2018-12-21', '10', '2018-12-21', '2018-12-21', '10', 'APROBADO', 'REGULAR', '3 FINALES', 179, '2023-11-27', '2023-11-27'),
(958, 46281636, 85, '8', '2018-12-27', '8', '2018-12-27', '2018-12-27', '8', 'APROBADO', 'REGULAR', '3 FINALES', 182, '2023-11-27', '2023-11-27'),
(962, 39330605, 12, '7', '2018-12-27', '7', '2018-12-27', '2018-12-27', '7', 'APROBADO', 'PREVIA', '3 FINALES', 184, '2023-11-27', '2023-11-27'),
(963, 44940258, 3, '9', '2018-12-27', '9', '2018-12-27', '2018-12-27', '9', 'APROBADO', 'REGULAR', '3 FINALES', 185, '2023-11-27', '2023-11-27'),
(966, 39330605, 42, '6', '2018-12-28', '6', '2018-12-28', '2018-12-28', '6', 'APROBADO', 'REGULAR', '3 FINALES', 191, '2023-11-27', '2023-11-27'),
(973, 31722291, 7, '9', '2018-12-28', '9', '2018-12-28', '2018-12-28', '9', 'APROBADO', 'REGULAR', '3 FINALES', 195, '2023-11-27', '2023-11-27'),
(1001, 39330605, 11, '8.5', '2015-11-17', '8.5', '2015-11-17', '2015-11-17', '8.5', 'APROBADO', 'REGULAR', '1 PROMOCIONALES', 125, '2023-11-27', '2023-11-27'),
(1029, 29592146, 2, '8', '2015-11-25', '8', '2015-11-25', '2015-11-25', '8', 'APROBADO', 'REGULAR', '1 PROMOCIONALES', 127, '2023-11-27', '2023-11-27'),
(1034, 11876881, 2, '7', '2015-11-25', '7', '2015-11-25', '2015-11-25', '7', 'APROBADO', 'REGULAR', '1 PROMOCIONALES', 128, '2023-11-27', '2023-11-27'),
(1056, 24788975, 9, '7', '2016-11-23', '7', '2016-11-23', '2016-11-23', '7', 'APROBADO', 'REGULAR', '1 PROMOCIONALES', 133, '2023-11-27', '2023-11-27'),
(1061, 11876881, 9, '7.5', '2016-11-23', '7.5', '2016-11-23', '2016-11-23', '7.5', 'APROBADO', 'REGULAR', '1 PROMOCIONALES', 134, '2023-11-27', '2023-11-27'),
(1069, 29592146, 11, '8', '2016-11-15', '8', '2016-11-15', '2016-11-15', '8', 'APROBADO', 'REGULAR', '1 PROMOCIONALES', 135, '2023-11-27', '2023-11-27'),
(1071, 11876881, 11, '9.5', '2016-11-15', '9.5', '2016-11-15', '2016-11-15', '9.5', 'APROBADO', 'REGULAR', '1 PROMOCIONALES', 135, '2023-11-27', '2023-11-27'),
(1078, 39330605, 21, '8.5', '2016-11-15', '8.5', '2016-11-15', '2016-11-15', '8.5', 'APROBADO', 'REGULAR', '1 PROMOCIONALES', 135, '2023-11-27', '2023-11-27'),
(1110, 29635961, 2, '8', '2017-12-27', '8', '2017-12-27', '2017-12-27', '8', 'APROBADO', 'REGULAR', '1 PROMOCIONALES', 140, '2023-11-27', '2023-11-27'),
(1124, 20051418, 9, '8', '2017-11-27', '8', '2017-11-27', '2017-11-27', '8', 'APROBADO', 'REGULAR', '1 PROMOCIONALES', 142, '2023-11-27', '2023-11-27'),
(1128, 39330605, 18, '8', '2017-11-27', '8', '2017-11-27', '2017-11-27', '8', 'APROBADO', 'REGULAR', '1 PROMOCIONALES', 144, '2023-11-27', '2023-11-27'),
(1131, 39330605, 11, '8', '2017-11-27', '8', '2017-11-27', '2017-11-27', '8', 'APROBADO', 'REGULAR', '1 PROMOCIONALES', 145, '2023-11-27', '2023-11-27'),
(1134, 29592146, 21, '9', '2017-11-27', '9', '2017-11-27', '2017-11-27', '9', 'APROBADO', 'REGULAR', '1 PROMOCIONALES', 146, '2023-11-27', '2023-11-27'),
(1139, 39330605, 33, '8', '2017-11-27', '8', '2017-11-27', '2017-11-27', '8', 'APROBADO', 'REGULAR', '1 PROMOCIONALES', 147, '2023-11-27', '2023-11-27'),
(1155, 47697650, 67, '10', '2018-12-19', '10', '2018-12-19', '2018-12-19', '10', 'APROBADO', 'REGULAR', '1 PROMOCIONALES', 154, '2023-11-27', '2023-11-27'),
(1167, 29635961, 11, '9', '2018-12-19', '9', '2018-12-19', '2018-12-19', '9', 'APROBADO', 'REGULAR', '1 PROMOCIONALES', 155, '2023-11-27', '2023-11-27'),
(1177, 39330605, 44, '8', '2018-12-19', '8', '2018-12-19', '2018-12-19', '8', 'APROBADO', 'REGULAR', '1 PROMOCIONALES', 158, '2023-11-27', '2023-11-27'),
(1183, 20055682, 2, '8', '2019-04-05', '8', '2019-04-05', '2019-04-05', '8', 'APROBADO', 'NIVELACION', '4 FINALES', 23, '2023-11-27', '2023-11-27'),
(1184, 47697650, 68, '10', '2018-12-19', '10', '2018-12-19', '2018-12-19', '10', 'APROBADO', 'REGULAR', '1 PROMOCIONALES', 160, '2023-11-27', '2023-11-27'),
(1195, 49254590, 68, '8', '2018-12-19', '8', '2018-12-19', '2018-12-19', '8', 'APROBADO', 'REGULAR', '1 PROMOCIONALES', 161, '2023-11-27', '2023-11-27'),
(1209, 46281636, 84, '8', '2018-12-19', '8', '2018-12-19', '2018-12-19', '8', 'APROBADO', 'REGULAR', '1 PROMOCIONALES', 163, '2023-11-27', '2023-11-27'),
(1212, 46826396, 84, '10', '2018-12-19', '10', '2018-12-19', '2018-12-19', '10', 'APROBADO', 'REGULAR', '1 PROMOCIONALES', 163, '2023-11-27', '2023-11-27'),
(1230, 39330605, 28, '8', '2018-12-20', '8', '2018-12-20', '2018-12-20', '8', 'APROBADO', 'REGULAR', '1 PROMOCIONALES', 167, '2023-11-27', '2023-11-27'),
(1254, 49254590, 67, '9', '2018-12-21', '9', '2018-12-21', '2018-12-21', '9', 'APROBADO', 'REGULAR', '1 PROMOCIONALES', 176, '2023-11-27', '2023-11-27'),
(1266, 47697650, 69, '9', '2018-12-27', '9', '2018-12-27', '2018-12-27', '9', 'APROBADO', 'REGULAR', '1 PROMOCIONALES', 182, '2023-11-27', '2023-11-27'),
(1267, 49254590, 69, '7', '2018-12-27', '7', '2018-12-27', '2018-12-27', '7', 'APROBADO', 'REGULAR', '1 PROMOCIONALES', 182, '2023-11-27', '2023-11-27'),
(1280, 31722291, 9, '8', '2019-02-18', '8', '2019-02-18', '2019-02-18', '8', 'APROBADO', 'REGULAR', '1 PROMOCIONALES', 189, '2023-11-27', '2023-11-27'),
(1285, 33669432, 9, '8', '2019-02-18', '8', '2019-02-18', '2019-02-18', '8', 'APROBADO', 'REGULAR', '1 PROMOCIONALES', 190, '2023-11-27', '2023-11-27'),
(1295, 46826396, 69, '10', '2019-02-19', '10', '2019-02-19', '2019-02-19', '10', 'APROBADO', 'REGULAR', '1 PROMOCIONALES', 191, '2023-11-27', '2023-11-27'),
(1299, 20011636, 2, '8', '2019-04-05', '8', '2019-04-05', '2019-04-05', '8', 'APROBADO', 'NIVELACION', '4 FINALES', 23, '2023-11-27', '2023-11-27'),
(1315, 49526314, 68, '9', '2019-11-15', '9', '2019-11-15', '2019-11-15', '9', 'APROBADO', 'REGULAR', '1 PROMOCIONALES', 198, '2023-11-27', '2023-11-27'),
(1318, 50725222, 68, '8', '2019-11-15', '8', '2019-11-15', '2019-11-15', '8', 'APROBADO', 'REGULAR', '1 PROMOCIONALES', 198, '2023-11-27', '2023-11-27'),
(1319, 50031669, 68, '8', '2019-11-15', '8', '2019-11-15', '2019-11-15', '8', 'APROBADO', 'REGULAR', '1 PROMOCIONALES', 198, '2023-11-27', '2023-11-27'),
(1325, 33669432, 43, '8', '2022-12-21', '8', '2022-12-21', '2022-12-21', '8', 'APROBADO', 'REGULAR', '5 FINALES', 31, '2023-11-27', '2023-11-27'),
(1334, 47697650, 75, '10', '2019-11-15', '10', '2019-11-15', '2019-11-15', '10', 'APROBADO', 'REGULAR', '1 PROMOCIONALES', 200, '2023-11-27', '2023-11-27'),
(1347, 49526314, 67, '8', '2019-11-15', '8', '2019-11-15', '2019-11-15', '8', 'APROBADO', 'REGULAR', '2 PROMOCIONALES', 1, '2023-11-27', '2023-11-27'),
(1350, 50725222, 67, '8', '2019-11-15', '8', '2019-11-15', '2019-11-15', '8', 'APROBADO', 'REGULAR', '2 PROMOCIONALES', 2, '2023-11-27', '2023-11-27'),
(1358, 50031669, 67, '9', '2019-11-15', '9', '2019-11-15', '2019-11-15', '9', 'APROBADO', 'REGULAR', '2 PROMOCIONALES', 3, '2023-11-27', '2023-11-27'),
(1365, 33669432, 18, '7', '2019-11-15', '7', '2019-11-15', '2019-11-15', '7', 'APROBADO', 'REGULAR', '2 PROMOCIONALES', 4, '2023-11-27', '2023-11-27'),
(1371, 42905975, 9, '7', '2019-11-15', '7', '2019-11-15', '2019-11-15', '7', 'APROBADO', 'REGULAR', '2 PROMOCIONALES', 5, '2023-11-27', '2023-11-27');
INSERT INTO `calificaciones` (`id`, `dni`, `id_materia`, `nota_cuatri1`, `fecha_cuatri1`, `nota_cuatri2`, `fecha_cuatri2`, `fecha_final`, `nota_final`, `estado`, `modalidad`, `tomo`, `pagina`, `created_at`, `updated_at`) VALUES
(1377, 39390924, 9, '9', '2019-11-15', '9', '2019-11-15', '2019-11-15', '9', 'APROBADO', 'REGULAR', '2 PROMOCIONALES', 6, '2023-11-27', '2023-11-27'),
(1395, 50031734, 9, '8', '2019-11-15', '8', '2019-11-15', '2019-11-15', '8', 'APROBADO  ', 'REGULAR', '2 PROMOCIONALES', 7, '2023-11-27', '2023-11-27'),
(1399, 44755235, 9, '9', '2019-11-15', '9', '2019-11-15', '2019-11-15', '9', 'APROBADO', 'REGULAR', '2 PROMOCIONALES', 7, '2023-11-27', '2023-11-27'),
(1400, 46440023, 9, '9', '2019-11-15', '9', '2019-11-15', '2019-11-15', '9', 'APROBADO', 'REGULAR', '2 PROMOCIONALES', 7, '2023-11-27', '2023-11-27'),
(1401, 28232607, 9, '9', '2019-11-15', '9', '2019-11-15', '2019-11-15', '9', 'APROBADO', 'REGULAR', '2 PROMOCIONALES', 7, '2023-11-27', '2023-11-27'),
(1402, 42375185, 9, '8', '2019-11-15', '8', '2019-11-15', '2019-11-15', '8', 'APROBADO', 'REGULAR', '2 PROMOCIONALES', 7, '2023-11-27', '2023-11-27'),
(1411, 20011636, 11, '9', '2019-11-21', '9', '2019-11-21', '2019-11-21', '9', 'APROBADO', 'REGULAR', '2 PROMOCIONALES', 8, '2023-11-27', '2023-11-27'),
(1419, 29635961, 21, '9', '2019-11-21', '9', '2019-11-21', '2019-11-21', '9', 'APROBADO', 'REGULAR', '2 PROMOCIONALES', 9, '2023-11-27', '2023-11-27'),
(1428, 46281636, 2, '7', '2019-12-02', '7', '2019-12-02', '2019-12-02', '7', 'APROBADO', 'REGULAR', '2 PROMOCIONALES', 13, '2023-11-27', '2023-11-27'),
(1432, 39390924, 2, '7', '2019-12-02', '7', '2019-12-02', '2019-12-02', '7', 'APROBADO', 'REGULAR', '2 PROMOCIONALES', 14, '2023-11-27', '2023-11-27'),
(1433, 36662390, 2, '8', '2019-12-02', '8', '2019-12-02', '2019-12-02', '8', 'APROBADO', 'REGULAR', '2 PROMOCIONALES', 14, '2023-11-27', '2023-11-27'),
(1443, 50031734, 2, '8', '2019-12-02', '8', '2019-12-02', '2019-12-02', '8', 'APROBADO', 'REGULAR', '2 PROMOCIONALES', 16, '2023-11-27', '2023-11-27'),
(1445, 44755235, 2, '10', '2019-12-02', '10', '2019-12-02', '2019-12-02', '10', 'APROBADO', 'REGULAR', '2 PROMOCIONALES', 16, '2023-11-27', '2023-11-27'),
(1446, 46440023, 2, '6', '2019-12-02', '6', '2019-12-02', '2019-12-02', '6', 'DESAPROBADO', 'REGULAR', '2 PROMOCIONALES', 16, '2023-11-27', '2023-11-27'),
(1447, 28232607, 2, '8', '2019-12-02', '8', '2019-12-02', '2019-12-02', '8', 'APROBADO', 'REGULAR', '2 PROMOCIONALES', 16, '2023-11-27', '2023-11-27'),
(1448, 42375185, 2, '8', '2019-12-02', '8', '2019-12-02', '2019-12-02', '8', 'APROBADO', 'REGULAR', '2 PROMOCIONALES', 16, '2023-11-27', '2023-11-27'),
(1462, 33669432, 19, '9', '2019-12-02', '9', '2019-12-02', '2019-12-02', '9', 'APROBADO', 'REGULAR', '2 PROMOCIONALES', 19, '2023-11-27', '2023-11-27'),
(1464, 50725222, 70, '10', '2019-12-02', '10', '2019-12-02', '2019-12-02', '10', 'APROBADO', 'REGULAR', '2 PROMOCIONALES', 20, '2023-11-27', '2023-11-27'),
(1465, 49526314, 70, '9', '2019-12-02', '9', '2019-12-02', '2019-12-02', '9', 'APROBADO', 'REGULAR', '2 PROMOCIONALES', 20, '2023-11-27', '2023-11-27'),
(1469, 47697650, 77, '8', '2019-12-02', '8', '2019-12-02', '2019-12-02', '8', 'APROBADO', 'REGULAR', '2 PROMOCIONALES', 24, '2023-11-27', '2023-11-27'),
(1472, 46826396, 69, '9', '2019-12-02', '9', '2019-12-02', '2019-12-02', '9', 'APROBADO', 'REGULAR', '2 PROMOCIONALES', 25, '2023-11-27', '2023-11-27'),
(1474, 46826396, 77, '7', '2019-12-02', '7', '2019-12-02', '2019-12-02', '7', 'APROBADO', 'REGULAR', '2 PROMOCIONALES', 26, '2023-11-27', '2023-11-27'),
(1479, 50031669, 69, '8', '2019-12-02', '8', '2019-12-02', '2019-12-02', '8', 'APROBADO', 'REGULAR', '2 PROMOCIONALES', 27, '2023-11-27', '2023-11-27'),
(1492, 31722291, 30, '7', '2019-12-03', '7', '2019-12-03', '2019-12-03', '7', 'APROBADO', 'REGULAR', '2 PROMOCIONALES', 35, '2023-11-27', '2023-11-27'),
(1498, 20011636, 1, '8', '2019-04-05', '8', '2019-04-05', '2019-04-05', '8', 'APROBADO', 'NIVELACION', '4 FINALES', 24, '2023-11-27', '2023-11-27'),
(1500, 42661258, 2, '7', '2020-11-26', '7', '2020-11-26', '2020-11-26', '7', 'APROBADO', 'REGULAR', '2 PROMOCIONALES', 49, '2023-11-27', '2023-11-27'),
(1504, 12685079, 2, '8', '2020-11-26', '8', '2020-11-26', '2020-11-26', '8', 'APROBADO', 'REGULAR', '2 PROMOCIONALES', 49, '2023-11-27', '2023-11-27'),
(1508, 14079714, 2, '7', '2020-11-26', '7', '2020-11-26', '2020-11-26', '7', 'APROBADO', 'REGULAR', '2 PROMOCIONALES', 49, '2023-11-27', '2023-11-27'),
(1509, 46826396, 11, '8', '2020-11-26', '8', '2020-11-26', '2020-11-26', '8', 'APROBADO', 'REGULAR', '2 PROMOCIONALES', 50, '2023-11-27', '2023-11-27'),
(1510, 36662390, 11, '8', '2020-11-26', '8', '2020-11-26', '2020-11-26', '8', 'APROBADO', 'REGULAR', '2 PROMOCIONALES', 50, '2023-11-27', '2023-11-27'),
(1513, 44755235, 11, '9', '2020-11-26', '9', '2020-11-26', '2020-11-26', '9', 'APROBADO', 'REGULAR', '2 PROMOCIONALES', 50, '2023-11-27', '2023-11-27'),
(1517, 42375185, 11, '8', '2020-11-26', '8', '2020-11-26', '2020-11-26', '8', 'APROBADO', 'REGULAR', '2 PROMOCIONALES', 50, '2023-11-27', '2023-11-27'),
(1518, 28232607, 11, '9', '2020-11-26', '9', '2020-11-26', '2020-11-26', '9', 'APROBADO', 'REGULAR', '2 PROMOCIONALES', 50, '2023-11-27', '2023-11-27'),
(1523, 42905975, 18, '8', '2020-11-27', '8', '2020-11-27', '2020-11-27', '8', 'APROBADO', 'REGULAR', '2 PROMOCIONALES', 54, '2023-11-27', '2023-11-27'),
(1525, 39390924, 18, '9', '2020-11-27', '9', '2020-11-27', '2020-11-27', '9', 'APROBADO', 'REGULAR', '2 PROMOCIONALES', 54, '2023-11-27', '2023-11-27'),
(1535, 46440023, 18, '9', '2020-11-27', '9', '2020-11-27', '2020-11-27', '9', 'APROBADO', 'REGULAR', '2 PROMOCIONALES', 54, '2023-11-27', '2023-11-27'),
(1536, 28232607, 18, '9', '2020-11-27', '9', '2020-11-27', '2020-11-27', '9', 'APROBADO', 'REGULAR', '2 PROMOCIONALES', 54, '2023-11-27', '2023-11-27'),
(1541, 42661258, 9, '9', '2020-11-26', '9', '2020-11-26', '2020-11-26', '9', 'APROBADO', 'REGULAR', '2 PROMOCIONALES', 57, '2023-11-27', '2023-11-27'),
(1543, 30982543, 9, '9', '2020-11-26', '9', '2020-11-26', '2020-11-26', '9', 'APROBADO', 'REGULAR', '2 PROMOCIONALES', 57, '2023-11-27', '2023-11-27'),
(1544, 12685079, 9, '10', '2020-11-26', '10', '2020-11-26', '2020-11-26', '10', 'APROBADO', 'REGULAR', '2 PROMOCIONALES', 57, '2023-11-27', '2023-11-27'),
(1546, 14010343, 9, '8', '2020-11-26', '8', '2020-11-26', '2020-11-26', '8', 'APROBADO', 'REGULAR', '2 PROMOCIONALES', 57, '2023-11-27', '2023-11-27'),
(1549, 14079714, 9, '8', '2020-11-26', '8', '2020-11-26', '2020-11-26', '8', 'APROBADO', 'REGULAR', '2 PROMOCIONALES', 57, '2023-11-27', '2023-11-27'),
(1550, 17298933, 9, '8', '2020-11-26', '8', '2020-11-26', '2020-11-26', '8', 'APROBADO', 'REGULAR', '2 PROMOCIONALES', 58, '2023-11-27', '2023-11-27'),
(1551, 14010343, 9, '10', '2020-11-26', '10', '2020-11-26', '2020-11-26', '10', 'APROBADO', 'REGULAR', '2 PROMOCIONALES', 58, '2023-11-27', '2023-11-27'),
(1557, 46290144, 9, '10', '2020-11-26', '10', '2020-11-26', '2020-11-26', '10', 'APROBADO', 'REGULAR', '2 PROMOCIONALES', 59, '2023-11-27', '2023-11-27'),
(1559, 36662075, 9, '8', '2020-11-26', '8', '2020-11-26', '2020-11-26', '8', 'APROBADO', 'REGULAR', '2 PROMOCIONALES', 59, '2023-11-27', '2023-11-27'),
(1560, 14015676, 9, '8', '2020-11-26', '8', '2020-11-26', '2020-11-26', '8', 'AUSENTE', 'REGULAR', '2 PROMOCIONALES', 59, '2023-11-27', '2023-11-27'),
(1561, 29635961, 9, '10', '2020-11-26', '10', '2020-11-26', '2020-11-26', '10', 'APROBADO', 'REGULAR', '2 PROMOCIONALES', 59, '2023-11-27', '2023-11-27'),
(1562, 22297111, 9, '10', '2020-11-26', '10', '2020-11-26', '2020-11-26', '10', 'APROBADO', 'REGULAR', '2 PROMOCIONALES', 59, '2023-11-27', '2023-11-27'),
(1567, 20011636, 19, '10', '2020-11-27', '10', '2020-11-27', '2020-11-27', '10', 'APROBADO', 'REGULAR', '2 PROMOCIONALES', 61, '2023-11-27', '2023-11-27'),
(1569, 31722291, 19, '10', '2020-11-27', '10', '2020-11-27', '2020-11-27', '10', 'APROBADO', 'REGULAR', '2 PROMOCIONALES', 61, '2023-11-27', '2023-11-27'),
(1571, 20055682, 19, '9', '2020-11-27', '9', '2020-11-27', '2020-11-27', '9', 'APROBADO', 'REGULAR', '2 PROMOCIONALES', 62, '2023-11-27', '2023-11-27'),
(1573, 46440023, 19, '9', '2020-11-27', '9', '2020-11-27', '2020-11-27', '9', 'APROBADO', 'REGULAR', '2 PROMOCIONALES', 62, '2023-11-27', '2023-11-27'),
(1574, 28232607, 19, '10', '2020-11-27', '10', '2020-11-27', '2020-11-27', '10', 'APROBADO', 'REGULAR', '2 PROMOCIONALES', 62, '2023-11-27', '2023-11-27'),
(1576, 42375185, 19, '8', '2020-11-27', '8', '2020-11-27', '2020-11-27', '8', 'APROBADO', 'REGULAR', '2 PROMOCIONALES', 62, '2023-11-27', '2023-11-27'),
(1581, 33669432, 28, '10', '2020-11-27', '10', '2020-11-27', '2020-11-27', '10', 'APROBADO', 'REGULAR', '2 PROMOCIONALES', 63, '2023-11-27', '2023-11-27'),
(1583, 20055682, 60, '9', '2020-11-27', '9', '2020-11-27', '2020-11-27', '9', 'APROBADO', 'REGULAR', '2 PROMOCIONALES', 64, '2023-11-27', '2023-11-27'),
(1585, 20011636, 60, '10', '2020-11-27', '10', '2020-11-27', '2020-11-27', '10', 'APROBADO', 'REGULAR', '2 PROMOCIONALES', 64, '2023-11-27', '2023-11-27'),
(1586, 36662390, 60, '9', '2020-11-27', '9', '2020-11-27', '2020-11-27', '9', 'APROBADO', 'REGULAR', '2 PROMOCIONALES', 64, '2023-11-27', '2023-11-27'),
(1591, 34948257, 2, '9', '2021-11-26', '9', '2021-11-26', '2021-11-26', '9', 'APROBADO', 'REGULAR', '2 PROMOCIONALES', 65, '2023-11-27', '2023-11-27'),
(1592, 38492717, 2, '9', '2021-11-26', '9', '2021-11-26', '2021-11-26', '9', 'APROBADO', 'REGULAR', '2 PROMOCIONALES', 65, '2023-11-27', '2023-11-27'),
(1596, 20281336, 2, '8', '2021-11-26', '8', '2021-11-26', '2021-11-26', '8', 'APROBADO', 'REGULAR', '2 PROMOCIONALES', 65, '2023-11-27', '2023-11-27'),
(1597, 47697650, 2, '9', '2021-11-26', '9', '2021-11-26', '2021-11-26', '9', 'APROBADO', 'REGULAR', '2 PROMOCIONALES', 65, '2023-11-27', '2023-11-27'),
(1598, 46290144, 2, '10', '2021-11-26', '10', '2021-11-26', '2021-11-26', '10', 'APROBADO', 'REGULAR', '2 PROMOCIONALES', 65, '2023-11-27', '2023-11-27'),
(1600, 36662390, 9, '7', '2021-11-15', '7', '2021-11-15', '2021-11-15', '7', 'APROBADO', 'REGULAR', '2 PROMOCIONALES', 68, '2023-11-27', '2023-11-27'),
(1603, 38492717, 9, '8', '2021-11-15', '8', '2021-11-15', '2021-11-15', '8', 'APROBADO', 'REGULAR', '2 PROMOCIONALES', 68, '2023-11-27', '2023-11-27'),
(1605, 96051484, 9, '7', '2021-11-15', '7', '2021-11-15', '2021-11-15', '7', 'APROBADO', 'REGULAR', '2 PROMOCIONALES', 68, '2023-11-27', '2023-11-27'),
(1606, 96004967, 9, '8', '2021-11-15', '8', '2021-11-15', '2021-11-15', '8', 'APROBADO', 'REGULAR', '2 PROMOCIONALES', 68, '2023-11-27', '2023-11-27'),
(1607, 20281336, 9, '8', '2021-11-15', '8', '2021-11-15', '2021-11-15', '8', 'APROBADO', 'REGULAR', '2 PROMOCIONALES', 68, '2023-11-27', '2023-11-27'),
(1610, 34948257, 18, '8', '2021-11-18', '8', '2021-11-18', '2021-11-18', '8', 'APROBADO', 'REGULAR', '2 PROMOCIONALES', 70, '2023-11-27', '2023-11-27'),
(1613, 47697650, 18, '8', '2021-11-18', '8', '2021-11-18', '2021-11-18', '8', 'APROBADO', 'REGULAR', '2 PROMOCIONALES', 70, '2023-11-27', '2023-11-27'),
(1615, 30982543, 21, '8', '2020-11-27', '8', '2020-11-27', '2020-11-27', '8', 'APROBADO', 'REGULAR', '2 PROMOCIONALES', 71, '2023-11-27', '2023-11-27'),
(1616, 20055682, 21, '9', '2020-11-27', '9', '2020-11-27', '2020-11-27', '9', 'APROBADO', 'REGULAR', '2 PROMOCIONALES', 71, '2023-11-27', '2023-11-27'),
(1617, 31722291, 21, '7', '2020-11-27', '7', '2020-11-27', '2020-11-27', '7', 'APROBADO', 'REGULAR', '2 PROMOCIONALES', 71, '2023-11-27', '2023-11-27'),
(1618, 20011636, 21, '9', '2020-11-27', '9', '2020-11-27', '2020-11-27', '9', 'APROBADO', 'REGULAR', '2 PROMOCIONALES', 71, '2023-11-27', '2023-11-27'),
(1625, 29635961, 33, '8', '2020-11-27', '8', '2020-11-27', '2020-11-27', '8', 'APROBADO', 'REGULAR', '2 PROMOCIONALES', 72, '2023-11-27', '2023-11-27'),
(1630, 36662390, 21, '8', '2021-11-25', '8', '2021-11-25', '2021-11-25', '8', 'APROBADO', 'REGULAR', '2 PROMOCIONALES', 73, '2023-11-27', '2023-11-27'),
(1631, 46281636, 21, '8', '2021-11-25', '8', '2021-11-25', '2021-11-25', '8', 'APROBADO', 'REGULAR', '2 PROMOCIONALES', 73, '2023-11-27', '2023-11-27'),
(1633, 28232607, 21, '9', '2021-11-25', '9', '2021-11-25', '2021-11-25', '9', 'APROBADO', 'REGULAR', '2 PROMOCIONALES', 73, '2023-11-27', '2023-11-27'),
(1634, 44755235, 21, '9', '2021-11-25', '9', '2021-11-25', '2021-11-25', '9', 'APROBADO', 'REGULAR', '2 PROMOCIONALES', 73, '2023-11-27', '2023-11-27'),
(1635, 42375185, 21, '8', '2021-11-25', '8', '2021-11-25', '2021-11-25', '8', 'APROBADO', 'REGULAR', '2 PROMOCIONALES', 73, '2023-11-27', '2023-11-27'),
(1636, 46826396, 21, '8', '2021-11-25', '8', '2021-11-25', '2021-11-25', '8', 'APROBADO', 'REGULAR', '2 PROMOCIONALES', 73, '2023-11-27', '2023-11-27'),
(1637, 20055682, 33, '10', '2021-11-25', '10', '2021-11-25', '2021-11-25', '10', 'APROBADO', 'REGULAR', '2 PROMOCIONALES', 73, '2023-11-27', '2023-11-27'),
(1638, 20011636, 33, '10', '2021-11-25', '10', '2021-11-25', '2021-11-25', '10', 'APROBADO', 'REGULAR', '2 PROMOCIONALES', 74, '2023-11-27', '2023-11-27'),
(1639, 31722291, 33, '8', '2021-11-25', '8', '2021-11-25', '2021-11-25', '8', 'APROBADO', 'REGULAR', '2 PROMOCIONALES', 74, '2023-11-27', '2023-11-27'),
(1640, 30982543, 33, '9', '2021-11-25', '9', '2021-11-25', '2021-11-25', '9', 'APROBADO', 'REGULAR', '2 PROMOCIONALES', 74, '2023-11-27', '2023-11-27'),
(1645, 29635961, 44, '8', '2021-11-25', '8', '2021-11-25', '2021-11-25', '8', 'APROBADO', 'REGULAR', '2 PROMOCIONALES', 75, '2023-11-27', '2023-11-27'),
(1649, 33669432, 11, '9', '2021-12-22', '9', '2021-12-22', '2021-12-22', '9', 'APROBADO', 'REGULAR', '2 PROMOCIONALES', 77, '2023-11-27', '2023-11-27'),
(1651, 14010343, 11, '5', '2021-12-22', '5', '2021-12-22', '2021-12-22', '5', 'DESAPROBADO', 'REGULAR', '2 PROMOCIONALES', 77, '2023-11-27', '2023-11-27'),
(1653, 27026885, 11, '4', '2021-12-22', '4', '2021-12-22', '2021-12-22', '4', 'DESAPROBADO', 'REGULAR', '2 PROMOCIONALES', 77, '2023-11-27', '2023-11-27'),
(1654, 39390924, 11, '9', '2021-12-22', '9', '2021-12-22', '2021-12-22', '9', 'APROBADO', 'REGULAR', '2 PROMOCIONALES', 77, '2023-11-27', '2023-11-27'),
(1657, 96051484, 11, '8', '2021-12-22', '8', '2021-12-22', '2021-12-22', '8', 'APROBADO', 'REGULAR', '2 PROMOCIONALES', 77, '2023-11-27', '2023-11-27'),
(1658, 96004967, 11, '10', '2021-12-22', '10', '2021-12-22', '2021-12-22', '10', 'APROBADO', 'REGULAR', '2 PROMOCIONALES', 77, '2023-11-27', '2023-11-27'),
(1659, 12685079, 11, '5', '2021-12-22', '5', '2021-12-22', '2021-12-22', '5', 'DESAPROBADO', 'REGULAR', '2 PROMOCIONALES', 77, '2023-11-27', '2023-11-27'),
(1660, 42661258, 11, '5', '2021-12-22', '5', '2021-12-22', '2021-12-22', '5', 'DESAPROBADO', 'REGULAR', '2 PROMOCIONALES', 77, '2023-11-27', '2023-11-27'),
(1662, 29327495, 11, '7', '2021-12-22', '7', '2021-12-22', '2021-12-22', '7', 'APROBADO', 'REGULAR', '2 PROMOCIONALES', 78, '2023-11-27', '2023-11-27'),
(1663, 14015676, 2, '7', '2021-12-22', '7', '2021-12-22', '2021-12-22', '7', 'APROBADO', 'REGULAR', '2 PROMOCIONALES', 79, '2023-11-27', '2023-11-27'),
(1664, 17298933, 2, '7', '2021-12-22', '7', '2021-12-22', '2021-12-22', '7', 'APROBADO', 'REGULAR', '2 PROMOCIONALES', 79, '2023-11-27', '2023-11-27'),
(1667, 96051484, 60, '8', '2022-11-22', '8', '2022-11-22', '2022-11-22', '8', 'APROBADO', 'REGULAR', '2 PROMOCIONALES', 82, '2023-11-27', '2023-11-27'),
(1668, 39390924, 60, '8', '2022-11-22', '8', '2022-11-22', '2022-11-22', '8', 'APROBADO', 'REGULAR', '2 PROMOCIONALES', 82, '2023-11-27', '2023-11-27'),
(1669, 20281336, 60, '9', '2022-11-22', '9', '2022-11-22', '2022-11-22', '9', 'APROBADO', 'REGULAR', '2 PROMOCIONALES', 82, '2023-11-27', '2023-11-27'),
(1670, 34948257, 19, '10', '2022-11-24', '10', '2022-11-24', '2022-11-24', '10', 'APROBADO', 'REGULAR', '2 PROMOCIONALES', 83, '2023-11-27', '2023-11-27'),
(1671, 47697650, 19, '10', '2022-11-24', '10', '2022-11-24', '2022-11-24', '10', 'APROBADO', 'REGULAR', '2 PROMOCIONALES', 83, '2023-11-27', '2023-11-27'),
(1672, 42905975, 19, '8', '2022-11-24', '8', '2022-11-24', '2022-11-24', '8', 'APROBADO', 'REGULAR', '2 PROMOCIONALES', 83, '2023-11-27', '2023-11-27'),
(1673, 96051484, 19, '8', '2022-11-24', '8', '2022-11-24', '2022-11-24', '8', 'APROBADO', 'REGULAR', '2 PROMOCIONALES', 83, '2023-11-27', '2023-11-27'),
(1674, 96004967, 19, '10', '2022-11-24', '10', '2022-11-24', '2022-11-24', '10', 'APROBADO', 'REGULAR', '2 PROMOCIONALES', 83, '2023-11-27', '2023-11-27'),
(1675, 45014853, 19, '9', '2022-11-24', '9', '2022-11-24', '2022-11-24', '9', 'APROBADO', 'REGULAR', '2 PROMOCIONALES', 83, '2023-11-27', '2023-11-27'),
(1677, 39390924, 19, '9', '2022-11-24', '9', '2022-11-24', '2022-11-24', '9', 'APROBADO', 'REGULAR', '2 PROMOCIONALES', 83, '2023-11-27', '2023-11-27'),
(1679, 46281636, 28, '9', '2022-11-24', '9', '2022-11-24', '2022-11-24', '9', 'APROBADO', 'REGULAR', '2 PROMOCIONALES', 84, '2023-11-27', '2023-11-27'),
(1680, 14010343, 28, '10', '2022-11-24', '10', '2022-11-24', '2022-11-24', '10', 'APROBADO', 'REGULAR', '2 PROMOCIONALES', 84, '2023-11-27', '2023-11-27'),
(1681, 46826396, 28, '8', '2022-11-24', '8', '2022-11-24', '2022-11-24', '8', 'APROBADO', 'REGULAR', '2 PROMOCIONALES', 84, '2023-11-27', '2023-11-27'),
(1682, 14010343, 28, '8', '2022-11-24', '8', '2022-11-24', '2022-11-24', '8', 'APROBADO', 'REGULAR', '2 PROMOCIONALES', 84, '2023-11-27', '2023-11-27'),
(1684, 14015676, 28, '8', '2022-11-24', '8', '2022-11-24', '2022-11-24', '8', 'APROBADO', 'REGULAR', '2 PROMOCIONALES', 84, '2023-11-27', '2023-11-27'),
(1685, 51583592, 99, '8', '2022-11-24', '8', '2022-11-24', '2022-11-24', '8', 'APROBADO', 'REGULAR', '2 PROMOCIONALES', 85, '2023-11-27', '2023-11-27'),
(1687, 50800858, 72, '7', '2022-11-25', '7', '2022-11-25', '2023-12-05', '9', 'APROBADO', 'REGULAR', '2 PROMOCIONALES', 143, '2024-02-08', '2024-02-08'),
(1688, 95726694, 72, '9', '2022-11-25', '9', '2022-11-25', '2022-11-25', '9', 'APROBADO', 'REGULAR', '2 PROMOCIONALES', 86, '2023-11-27', '2023-11-27'),
(1689, 50031669, 91, '9', '2022-11-25', '9', '2022-11-25', '2022-11-25', '9', 'APROBADO', 'REGULAR', '2 PROMOCIONALES', 87, '2023-11-27', '2023-11-27'),
(1693, 49526314, 91, '8', '2022-11-25', '8', '2022-11-25', '2022-11-25', '8', 'APROBADO', 'REGULAR', '2 PROMOCIONALES', 87, '2023-11-27', '2023-11-27'),
(1694, 50725222, 91, '9', '2022-11-25', '9', '2022-11-25', '2022-11-25', '9', 'APROBADO', 'REGULAR', '2 PROMOCIONALES', 87, '2023-11-27', '2023-11-27'),
(1695, 22297111, 21, '8', '2022-11-30', '8', '2022-11-30', '2022-11-30', '8', 'APROBADO', 'REGULAR', '2 PROMOCIONALES', 88, '2023-11-27', '2023-11-27'),
(1696, 33669432, 21, '8', '2022-11-30', '8', '2022-11-30', '2022-11-30', '8', 'APROBADO', 'REGULAR', '2 PROMOCIONALES', 88, '2023-11-27', '2023-11-27'),
(1699, 39390924, 21, '8', '2022-11-30', '8', '2022-11-30', '2022-11-30', '8', 'APROBADO', 'REGULAR', '2 PROMOCIONALES', 88, '2023-11-27', '2023-11-27'),
(1700, 46440023, 21, '8', '2022-11-30', '8', '2022-11-30', '2022-11-30', '8', 'APROBADO', 'REGULAR', '2 PROMOCIONALES', 88, '2023-11-27', '2023-11-27'),
(1701, 96051484, 21, '9', '2022-11-30', '9', '2022-11-30', '2022-11-30', '9', 'APROBADO', 'REGULAR', '2 PROMOCIONALES', 88, '2023-11-27', '2023-11-27'),
(1702, 96004967, 21, '9', '2022-11-30', '9', '2022-11-30', '2022-11-30', '9', 'APROBADO', 'REGULAR', '2 PROMOCIONALES', 88, '2023-11-27', '2023-11-27'),
(1703, 50031734, 21, '8', '2022-11-30', '8', '2022-11-30', '2022-11-30', '8', 'APROBADO', 'REGULAR', '2 PROMOCIONALES', 88, '2023-11-27', '2023-11-27'),
(1706, 36662390, 33, '9', '2022-11-30', '9', '2022-11-30', '2022-11-30', '9', 'APROBADO', 'REGULAR', '2 PROMOCIONALES', 89, '2023-11-27', '2023-11-27'),
(1707, 46281636, 33, '8', '2022-11-30', '8', '2022-11-30', '2022-11-30', '8', 'APROBADO', 'REGULAR', '2 PROMOCIONALES', 89, '2023-11-27', '2023-11-27'),
(1709, 28232607, 33, '9', '2022-11-30', '9', '2022-11-30', '2023-11-23', '10', 'APROBADO', 'REGULAR', '2 FINALES', 123, '2023-12-20', '2023-12-20'),
(1710, 42375185, 33, '8', '2022-11-30', '8', '2022-11-30', '2022-11-30', '8', 'APROBADO', 'REGULAR', '2 PROMOCIONALES', 89, '2023-11-27', '2023-11-27'),
(1711, 20055682, 44, '9', '2022-11-30', '9', '2022-11-30', '2023-11-23', '8', 'APROBADO', 'REGULAR', '2 FINALES', 124, '2023-12-20', '2023-12-20'),
(1712, 20011636, 44, '9', '2022-11-30', '9', '2022-11-30', '2023-11-23', '9', 'APROBADO', 'REGULAR', '2 FINALES', 124, '2023-12-20', '2023-12-20'),
(1713, 31722291, 44, '8', '2022-11-30', '8', '2022-11-30', '2022-11-30', '8', 'APROBADO', 'REGULAR', '2 PROMOCIONALES', 90, '2023-11-27', '2023-11-27'),
(1714, 30982543, 44, '9', '2022-11-30', '9', '2022-11-30', '2022-11-30', '9', 'APROBADO', 'REGULAR', '2 PROMOCIONALES', 90, '2023-11-27', '2023-11-27'),
(1715, 49555250, 68, '9', '2022-11-30', '9', '2022-11-30', '2022-11-30', '9', 'APROBADO', 'REGULAR', '2 PROMOCIONALES', 91, '2023-11-27', '2023-11-27'),
(1719, 50417705, 68, '10', '2022-11-30', '10', '2022-11-30', '2022-11-30', '10', 'APROBADO', 'REGULAR', '2 PROMOCIONALES', 91, '2023-11-27', '2023-11-27'),
(1721, 95992732, 68, '10', '2022-11-30', '10', '2022-11-30', '2022-11-30', '10', 'APROBADO', 'REGULAR', '2 PROMOCIONALES', 91, '2023-11-27', '2023-11-27'),
(1725, 96000341, 68, '10', '2022-11-30', '10', '2022-11-30', '2022-11-30', '10', 'APROBADO', 'REGULAR', '2 PROMOCIONALES', 91, '2023-11-27', '2023-11-27'),
(1726, 49423967, 68, '10', '2022-11-30', '10', '2022-11-30', '2022-11-30', '10', 'APROBADO', 'REGULAR', '2 PROMOCIONALES', 91, '2023-11-27', '2023-11-27'),
(1727, 52983746, 68, '10', '2022-11-30', '10', '2022-11-30', '2022-11-30', '10', 'APROBADO', 'REGULAR', '2 PROMOCIONALES', 91, '2023-11-27', '2023-11-27'),
(1728, 52712303, 68, '9', '2022-11-30', '9', '2022-11-30', '2022-11-30', '9', 'APROBADO', 'REGULAR', '2 PROMOCIONALES', 91, '2023-11-27', '2023-11-27'),
(1729, 95726694, 68, '8', '2022-11-30', '8', '2022-11-30', '2022-11-30', '8', 'APROBADO', 'REGULAR', '2 PROMOCIONALES', 91, '2023-11-27', '2023-11-27'),
(1732, 50031734, 68, '10', '2022-11-30', '10', '2022-11-30', '2022-11-30', '10', 'APROBADO', 'REGULAR', '2 PROMOCIONALES', 91, '2023-11-27', '2023-11-27'),
(1733, 52704440, 68, '10', '2022-11-30', '10', '2022-11-30', '2022-11-30', '10', 'APROBADO', 'REGULAR', '2 PROMOCIONALES', 91, '2023-11-27', '2023-11-27'),
(1734, 52167049, 68, '10', '2022-11-30', '10', '2022-11-30', '2022-11-30', '10', 'APROBADO', 'REGULAR', '2 PROMOCIONALES', 92, '2023-11-27', '2023-11-27'),
(1735, 50800858, 68, '9', '2022-11-30', '9', '2022-11-30', '2022-11-30', '9', 'APROBADO', 'REGULAR', '2 PROMOCIONALES', 92, '2023-11-27', '2023-11-27'),
(1736, 51583592, 76, '10', '2022-11-30', '10', '2022-11-30', '2022-11-30', '10', 'APROBADO', 'REGULAR', '2 PROMOCIONALES', 93, '2023-11-27', '2023-11-27'),
(1737, 50538840, 76, '10', '2022-11-30', '10', '2022-11-30', '2022-11-30', '10', 'APROBADO', 'REGULAR', '2 PROMOCIONALES', 93, '2023-11-27', '2023-11-27'),
(1739, 46281636, 76, '10', '2022-11-30', '10', '2022-11-30', '2022-11-30', '10', 'APROBADO', 'REGULAR', '2 PROMOCIONALES', 93, '2023-11-27', '2023-11-27'),
(1740, 51268304, 76, '10', '2022-11-30', '10', '2022-11-30', '2022-11-30', '10', 'APROBADO', 'REGULAR', '2 PROMOCIONALES', 93, '2023-11-27', '2023-11-27'),
(1741, 51260519, 76, '10', '2022-11-30', '10', '2022-11-30', '2022-11-30', '10', 'APROBADO', 'REGULAR', '2 PROMOCIONALES', 93, '2023-11-27', '2023-11-27'),
(1742, 51396610, 76, '10', '2022-11-30', '10', '2022-11-30', '2022-11-30', '10', 'APROBADO', 'REGULAR', '2 PROMOCIONALES', 93, '2023-11-27', '2023-11-27'),
(1743, 52196822, 76, '10', '2022-11-30', '10', '2022-11-30', '2022-11-30', '10', 'APROBADO', 'REGULAR', '2 PROMOCIONALES', 93, '2023-11-27', '2023-11-27'),
(1744, 50861004, 84, '10', '2022-11-30', '10', '2022-11-30', '2022-11-30', '10', 'APROBADO', 'REGULAR', '2 PROMOCIONALES', 94, '2023-11-27', '2023-11-27'),
(1750, 51072446, 84, '10', '2022-11-30', '10', '2022-11-30', '2022-11-30', '10', 'APROBADO', 'REGULAR', '2 PROMOCIONALES', 94, '2023-11-27', '2023-11-27'),
(1752, 49743715, 84, '9', '2022-11-30', '9', '2022-11-30', '2022-11-30', '9', 'APROBADO', 'REGULAR', '2 PROMOCIONALES', 94, '2023-11-27', '2023-11-27'),
(1754, 49526314, 92, '10', '2022-11-30', '10', '2022-11-30', '2023-11-21', '10', 'APROBADO', 'REGULAR', '2 FINALES', 114, '2023-12-19', '2023-12-19'),
(1756, 50725222, 92, '10', '2022-11-30', '10', '2022-11-30', '2023-11-21', '10', 'APROBADO', 'REGULAR', '2 FINALES', 114, '2023-12-19', '2023-12-19'),
(1757, 50031669, 92, '10', '2022-11-30', '10', '2022-11-30', '2023-11-21', '10', 'APROBADO', 'REGULAR', '2 FINALES', 114, '2023-12-19', '2023-12-19'),
(1758, 50800858, 67, '9', '2022-11-30', '9', '2022-11-30', '2022-11-30', '9', 'APROBADO', 'REGULAR', '2 PROMOCIONALES', 96, '2023-11-27', '2023-11-27'),
(1759, 49555250, 67, '8', '2022-11-30', '8', '2022-11-30', '2022-11-30', '8', 'APROBADO', 'REGULAR', '2 PROMOCIONALES', 96, '2023-11-27', '2023-11-27'),
(1761, 52983746, 67, '10', '2022-11-30', '10', '2022-11-30', '2022-11-30', '10', 'APROBADO', 'REGULAR', '2 PROMOCIONALES', 96, '2023-11-27', '2023-11-27'),
(1762, 96000341, 67, '9', '2022-11-30', '9', '2022-11-30', '2022-11-30', '9', 'APROBADO', 'REGULAR', '2 PROMOCIONALES', 96, '2023-11-27', '2023-11-27'),
(1763, 52712303, 67, '9', '2022-11-30', '9', '2022-11-30', '2022-11-30', '9', 'APROBADO', 'REGULAR', '2 PROMOCIONALES', 96, '2023-11-27', '2023-11-27'),
(1764, 50031734, 67, '10', '2022-11-30', '10', '2022-11-30', '2022-11-30', '10', 'APROBADO', 'REGULAR', '2 PROMOCIONALES', 96, '2023-11-27', '2023-11-27'),
(1766, 95992732, 67, '8', '2022-11-30', '8', '2022-11-30', '2022-11-30', '8', 'APROBADO', 'REGULAR', '2 PROMOCIONALES', 96, '2023-11-27', '2023-11-27'),
(1768, 95726694, 67, '10', '2022-11-30', '10', '2022-11-30', '2022-11-30', '10', 'APROBADO', 'REGULAR', '2 PROMOCIONALES', 96, '2023-11-27', '2023-11-27'),
(1769, 52167049, 67, '9', '2022-11-30', '9', '2022-11-30', '2022-11-30', '9', 'APROBADO', 'REGULAR', '2 PROMOCIONALES', 97, '2023-11-27', '2023-11-27'),
(1770, 20011636, 21, '10', '2022-12-28', '10', '2022-12-28', '2022-12-28', '10', 'APROBADO', 'REGULAR', '2 PROMOCIONALES', 98, '2023-11-27', '2023-11-27'),
(1772, 49555250, 70, '7', '2022-12-28', '7', '2022-12-28', '2022-12-28', '7', 'APROBADO', 'REGULAR', '2 PROMOCIONALES', 100, '2023-11-27', '2023-11-27'),
(1774, 49526314, 94, '10', '2022-12-28', '10', '2022-12-28', '2022-12-28', '10', 'APROBADO', 'REGULAR', '2 PROMOCIONALES', 102, '2023-11-27', '2023-11-27'),
(1775, 50725222, 94, '10', '2022-12-28', '10', '2022-12-28', '2022-12-28', '10', 'APROBADO', 'REGULAR', '2 PROMOCIONALES', 102, '2023-11-27', '2023-11-27'),
(1776, 20055682, 9, '8', '2019-04-05', '8', '2019-04-05', '2019-04-05', '8', 'APROBADO', 'NIVELACION', '4 FINALES', 25, '2023-11-27', '2023-11-27'),
(1777, 43729291, 2, '7', '2023-03-03', '7', '2023-03-03', '2023-03-03', '7', 'APROBADO', 'REGULAR', '2 PROMOCIONALES', 104, '2023-11-27', '2023-11-27'),
(1782, 42905975, 2, '9', '2023-03-03', '9', '2023-03-03', '2023-03-03', '9', 'APROBADO', 'REGULAR', '2 PROMOCIONALES', 104, '2023-11-27', '2023-11-27'),
(1783, 10625458, 2, '5', '2023-03-03', '5', '2023-03-03', '2023-03-03', '5', 'DESAPROBADO', 'REGULAR', '2 PROMOCIONALES', 104, '2023-11-27', '2023-11-27'),
(1789, 45747806, 2, '9', '2023-03-03', '9', '2023-03-03', '2023-03-03', '9', 'APROBADO', 'REGULAR', '2 PROMOCIONALES', 104, '2023-11-27', '2023-11-27'),
(1792, 51260519, 2, '8', '2023-03-03', '8', '2023-03-03', '2023-03-03', '8', 'APROBADO', 'REGULAR', '2 PROMOCIONALES', 104, '2023-11-27', '2023-11-27'),
(1793, 30087613, 2, '10', '2023-03-03', '10', '2023-03-03', '2023-03-03', '10', 'APROBADO', 'REGULAR', '2 PROMOCIONALES', 104, '2023-11-27', '2023-11-27'),
(1797, 33993954, 2, '9', '2023-03-03', '9', '2023-03-03', '2023-03-03', '9', 'APROBADO', 'REGULAR', '2 PROMOCIONALES', 104, '2023-11-27', '2023-11-27'),
(1798, 12279506, 2, '10', '2023-03-03', '10', '2023-03-03', '2023-03-03', '10', 'APROBADO', 'REGULAR', '2 PROMOCIONALES', 104, '2023-11-27', '2023-11-27'),
(1800, 96035591, 2, '10', '2023-03-03', '10', '2023-03-03', '2023-03-03', '10', 'APROBADO', 'REGULAR', '2 PROMOCIONALES', 105, '2023-11-27', '2023-11-27'),
(1801, 24663019, 2, '10', '2023-03-03', '10', '2023-03-03', '2023-03-03', '10', 'APROBADO', 'REGULAR', '2 PROMOCIONALES', 105, '2023-11-27', '2023-11-27'),
(1802, 22724628, 2, '8', '2023-12-21', '8', '2023-12-21', '2023-12-21', '8', 'APROBADO', 'REGULAR', '2 PROMOCIONALES', 105, '2023-11-27', '2023-12-21'),
(1804, 45014853, 2, '9', '2023-03-03', '9', '2023-03-03', '2023-03-03', '9', 'APROBADO', 'REGULAR', '2 PROMOCIONALES', 105, '2023-11-27', '2023-11-27'),
(1805, 34948257, 11, '8', '2023-03-03', '8', '2023-03-03', '2023-03-03', '8', 'APROBADO', 'REGULAR', '2 PROMOCIONALES', 106, '2023-11-27', '2023-11-27'),
(1806, 38492717, 11, '9', '2023-03-03', '9', '2023-03-03', '2023-03-03', '9', 'APROBADO', 'REGULAR', '2 PROMOCIONALES', 106, '2023-11-27', '2023-11-27'),
(1807, 47697650, 11, '10', '2023-03-03', '10', '2023-03-03', '2023-03-03', '10', 'APROBADO', 'REGULAR', '2 PROMOCIONALES', 106, '2023-11-27', '2023-11-27'),
(1808, 42661258, 11, '6', '2023-03-03', '6', '2023-03-03', '2023-03-03', '6', 'DESAPROBADO', 'REGULAR', '2 PROMOCIONALES', 106, '2023-11-27', '2023-11-27'),
(1810, 14079714, 11, '6', '2023-03-03', '6', '2023-03-03', '2023-03-03', '6', 'DESAPROBADO', 'REGULAR', '2 PROMOCIONALES', 106, '2023-11-27', '2023-11-27'),
(1812, 20281336, 11, '9', '2023-03-03', '9', '2023-03-03', '2023-03-03', '9', 'APROBADO', 'REGULAR', '2 PROMOCIONALES', 106, '2023-11-27', '2023-11-27'),
(1815, 46290144, 11, '10', '2023-03-03', '10', '2023-03-03', '2023-03-03', '10', 'APROBADO', 'REGULAR', '2 PROMOCIONALES', 106, '2023-11-27', '2023-11-27'),
(1818, 20011636, 9, '8', '2019-04-05', '8', '2019-04-05', '2019-04-05', '8', 'APROBADO', 'NIVELACION', '4 FINALES', 25, '2023-11-27', '2023-11-27'),
(1825, 42375185, 55, '7', '2023-07-31', '7', '2023-07-31', '2023-07-31', '7', 'APROBADO', 'REGULAR', '5 FINALES', 62, '2023-11-27', '2023-11-27'),
(1827, 29635961, 43, '9', '2022-12-21', '9', '2022-12-21', '2022-12-21', '9', 'APROBADO', 'REGULAR', '5 FINALES', 31, '2023-11-27', '2023-11-27'),
(1828, 28232607, 59, '10', '2023-07-31', '10', '2023-07-31', '2023-07-31', '10', 'APROBADO', 'REGULAR', '5 FINALES', 65, '2023-11-27', '2023-11-27'),
(1829, 41009842, 1, '10', '2023-07-31', '10', '2023-07-31', '2023-07-31', '10', 'APROBADO', 'LIBRE', '5 FINALES', 66, '2023-11-27', '2023-11-27'),
(1831, 30334937, 61, '9', '2023-08-01', '9', '2023-08-01', '2023-08-01', '9', 'APROBADO', 'REGULAR', '5 FINALES', 68, '2023-11-27', '2023-11-27'),
(1832, 46362535, 61, '5', '2023-08-01', '5', '2023-08-01', '2023-08-01', '5', 'APROBADO', 'REGULAR', '5 FINALES', 68, '2023-11-27', '2023-11-27'),
(1833, 28232607, 61, '9', '2023-08-01', '9', '2023-08-01', '2023-08-01', '9', 'APROBADO', 'REGULAR', '5 FINALES', 68, '2023-11-27', '2023-11-27'),
(1834, 20281336, 62, '8', '2023-08-01', '8', '2023-08-01', '2023-08-01', '8', 'APROBADO', 'REGULAR', '5 FINALES', 69, '2023-11-27', '2023-11-27'),
(1835, 45747806, 62, '9', '2023-08-01', '9', '2023-08-01', '2023-08-01', '9', 'APROBADO', 'REGULAR', '5 FINALES', 69, '2023-11-27', '2023-11-27'),
(1836, 24663019, 62, '8', '2023-08-01', '8', '2023-08-01', '2023-08-01', '8', 'APROBADO', 'REGULAR', '5 FINALES', 69, '2023-11-27', '2023-11-27'),
(1837, 96051484, 62, '9', '2023-08-01', '9', '2023-08-01', '2023-08-01', '9', 'APROBADO', 'REGULAR', '5 FINALES', 69, '2023-11-27', '2023-11-27'),
(1838, 42661258, 54, '9', '2023-08-02', '9', '2023-08-02', '2023-08-02', '9', 'APROBADO', 'PREVIO', '5 FINALES', 70, '2023-11-27', '2023-11-27'),
(1839, 45747806, 54, '9', '2023-08-02', '9', '2023-08-02', '2023-08-02', '9', 'APROBADO', 'PREVIO', '5 FINALES', 70, '2023-11-27', '2023-11-27'),
(1840, 46290144, 54, '9', '2023-08-02', '9', '2023-08-02', '2023-08-02', '9', 'APROBADO', 'PREVIO', '5 FINALES', 70, '2023-11-27', '2023-11-27'),
(1841, 14010343, 20, '2', '2023-08-02', '2', '2023-08-02', '2023-12-21', '3', 'DESAPROBADO', 'REGULAR', '5 FINALES', 106, '2024-02-08', '2024-02-08'),
(1842, 34948257, 103, '8', '2023-08-03', '8', '2023-08-03', '2023-08-03', '8', 'APROBADO', 'REGULAR', '5 FINALES', 72, '2023-11-27', '2023-11-27'),
(1843, 42905975, 103, '8', '2023-08-03', '8', '2023-08-03', '2023-08-03', '8', 'APROBADO', 'REGULAR', '5 FINALES', 72, '2023-11-27', '2023-11-27'),
(1844, 42375185, 106, '10', '2023-08-03', '10', '2023-08-03', '2023-08-03', '10', 'APROBADO', 'REGULAR', '5 FINALES', 73, '2023-11-27', '2023-11-27'),
(1845, 42375185, 32, '6', '2023-08-04', '6', '2023-08-04', '2023-08-04', '6', 'APROBADO', 'REGULAR', '5 FINALES', 74, '2023-11-27', '2023-11-27'),
(1846, 12685079, 1, '10', '2023-12-04', '10', '2023-12-04', '2023-12-04', '10', 'APROBADO', 'REGULAR', '5 FINALES', 78, '2023-12-04', '2023-12-04'),
(1847, 12685079, 19, '9', '2023-12-04', '9', '2023-12-04', '2023-12-04', '9', 'APROBADO', 'REGULAR', '5 FINALES', 79, '2023-12-04', '2023-12-26'),
(1848, 12685079, 28, '7', '2023-12-04', '8', '2023-12-04', '2023-11-30', '8', 'APROBADO', 'REGULAR', '2 FINALES', 136, '2023-12-20', '2023-12-20'),
(1849, 12685079, 12, '5', '2023-12-04', '5', '2023-12-04', '2023-12-04', '5', 'APROBADO', 'REGULAR', '5 FINALES', 81, '2023-12-04', '2023-12-04'),
(1850, 95313839, 19, '8', '2023-12-07', '8', '2023-12-07', '2023-12-07', '8', 'APROBADO', 'REGULAR', '2 PROMOCIONALES', 83, '2023-12-07', '2023-12-26'),
(1851, 95313839, 21, '7', '2023-12-07', '7', '2023-12-07', '2023-12-07', '7', 'APROBADO', 'REGULAR', '2 PROMOCIONALES', 88, '2023-12-07', '2023-12-07'),
(1852, 95313839, 33, '7', '2023-12-07', '7', '2023-12-07', '2023-11-23', '7', 'APROBADO', 'REGULAR', '2 FINALES', 123, '2023-12-20', '2023-12-20'),
(1853, 95313839, 28, '9', '2023-12-07', '9', '2023-12-07', '2023-11-30', '9', 'APROBADO', 'REGULAR', '2 FINALES', 136, '2023-12-20', '2023-12-20'),
(1854, 95313839, 30, '7.5', '2023-12-07', '7.5', '2023-12-07', '2023-12-07', '7.5', 'APROBADO', 'REGULAR', '2 PROMOCIONALES', 141, '2023-12-07', '2023-12-07'),
(1855, 95313839, 18, '8', '2023-12-07', '8', '2023-12-07', '2023-12-07', '8', 'APROBADO', 'REGULAR', '2 PROMOCIONALES', 54, '2023-12-07', '2023-12-07'),
(1856, 95313839, 11, '7', '2023-12-07', '7', '2023-12-07', '2023-12-07', '7', 'APROBADO', 'REGULAR', '2 PROMOCIONALES', 77, '2023-12-07', '2023-12-07'),
(1857, 27026885, 2, '7', '2023-12-07', '7', '2023-12-07', '2020-11-26', '7', 'APROBADO', 'REGULAR', '2 PROMOCIONALES', 148, '2023-12-21', '2023-12-21'),
(1858, 27026885, 18, '8', '2023-12-07', '8', '2023-12-07', '2021-11-15', '8', 'APROBADO', 'REGULAR', '2 PROMOCIONALES', 149, '2023-12-21', '2023-12-21'),
(1859, 27026885, 9, '10', '2023-12-07', '10', '2023-12-07', '2023-12-07', '10', 'APROBADO', 'REGULAR', '2 PROMOCIONALES', 58, '2023-12-07', '2023-12-07'),
(1860, 27026885, 19, '10', '2023-12-07', '10', '2023-12-07', '2021-11-25', '10', 'APROBADO', 'REGULAR', '2 PROMOCIONALES', 150, '2023-12-21', '2023-12-21'),
(1861, 27026885, 28, '10', '2023-12-07', '10', '2023-12-07', '2022-11-10', '10', 'APROBADO', 'REGULAR', '2 PROMOCIONALES', 151, '2023-12-21', '2023-12-21'),
(1862, 27026885, 60, '10', '2023-12-07', '10', '2023-12-07', '2021-11-25', '10', 'APROBADO', 'REGULAR', '2 PROMOCIONALES', 152, '2023-12-21', '2023-12-21'),
(1863, 27026885, 20, '7', '2023-12-07', '7', '2023-12-07', '2023-12-07', '7', 'APROBADO', 'REGULAR', '5 FINALES', 29, '2023-12-07', '2023-12-07'),
(1876, 51396610, 85, '9', '2023-12-18', '9', '2023-12-18', '2023-12-18', '9', 'APROBADO', 'REGULAR', '5 FINALES', 75, '2023-12-18', '2023-12-18'),
(1877, 49743715, 85, '2', '2023-12-18', '2', '2023-12-18', '2023-12-18', '2', 'DESAPROBADO', 'REGULAR', '5 FINALES', 75, '2023-12-18', '2023-12-18'),
(1878, 42565833, 51, '2', '2023-12-18', '2', '2023-12-18', '2023-12-18', '2', 'DESAPROBADO', 'REGULAR', '5 FINALES', 76, '2023-12-18', '2023-12-18'),
(1879, 50861004, 93, '10', '2023-12-18', '10', '2023-12-18', '2023-12-18', '10', 'APROBADO', 'REGULAR', '5 FINALES', 77, '2023-12-18', '2023-12-18'),
(1880, 30334937, 59, '10', '2023-12-18', '10', '2023-12-18', '2023-12-11', '10', 'APROBADO', 'REGULAR', '5 FINALES', 82, '2024-02-07', '2024-02-07'),
(1881, 30334937, 54, '9', '2023-12-18', '9', '2023-12-18', '2023-12-11', '9', 'APROBADO', 'REGULAR', '5 FINALES', 83, '2024-02-07', '2024-02-07'),
(1882, 30087613, 54, '7', '2023-12-18', '7', '2023-12-18', '2023-12-11', '7', 'APROBADO', 'REGULAR', '5 FINALES', 83, '2024-02-07', '2024-02-07'),
(1883, 29327495, 54, '9', '2023-12-18', '9', '2023-12-18', '2023-12-11', '9', 'APROBADO', 'REGULAR', '5 FINALES', 83, '2024-02-07', '2024-02-07'),
(1884, 28232607, 54, '8', '2023-12-18', '8', '2023-12-18', '2023-12-11', '8', 'APROBADO', 'REGULAR', '5 FINALES', 83, '2024-02-07', '2024-02-07'),
(1885, 96051484, 55, '9', '2023-12-18', '9', '2023-12-18', '2023-02-11', '9', 'APROBADO', 'REGULAR', '5 FINALES', 84, '2024-02-07', '2024-02-07'),
(1886, 27026885, 55, '6', '2023-12-18', '6', '2023-12-18', '2023-02-11', '6', 'APROBADO', 'REGULAR', '5 FINALES', 84, '2024-02-07', '2024-02-07'),
(1887, 24663019, 55, '9', '2023-12-18', '9', '2023-12-18', '2023-02-11', '9', 'APROBADO', 'REGULAR', '5 FINALES', 84, '2024-02-07', '2024-02-07'),
(1888, 95313839, 55, '7', '2023-12-18', '7', '2023-12-18', '2023-02-11', '7', 'APROBADO', 'REGULAR', '5 FINALES', 84, '2024-02-07', '2024-02-07'),
(1889, 95783315, 61, '7', '2023-12-18', '7', '2023-12-18', '2023-12-13', '7', 'APROBADO', 'REGULAR', '5 FINALES', 85, '2024-02-07', '2024-02-07'),
(1890, 24663019, 63, '10', '2023-12-18', '10', '2023-12-18', '2023-12-13', '10', 'APROBADO', 'REGULAR', '5 FINALES', 86, '2024-02-07', '2024-02-07'),
(1891, 42375185, 63, '9', '2023-12-18', '9', '2023-12-18', '2023-12-13', '9', 'APROBADO', 'REGULAR', '5 FINALES', 86, '2024-02-07', '2024-02-07'),
(1892, 42661258, 63, '9', '2023-12-18', '9', '2023-12-18', '2023-12-13', '9', 'APROBADO', 'REGULAR', '5 FINALES', 86, '2024-02-07', '2024-02-07'),
(1893, 96051484, 63, '7', '2023-12-18', '7', '2023-12-18', '2023-12-13', '7', 'APROBADO', 'REGULAR', '5 FINALES', 86, '2024-02-07', '2024-02-07'),
(1894, 42565833, 63, '8', '2023-12-18', '8', '2023-12-18', '2023-12-13', '8', 'APROBADO', 'REGULAR', '5 FINALES', 87, '2024-02-07', '2024-02-07'),
(1895, 17547794, 1, '10', '2023-12-18', '10', '2023-12-18', '2023-12-13', '10', 'APROBADO', 'REGULAR', '5 FINALES', 88, '2024-02-07', '2024-02-07'),
(1896, 49423967, 1, '10', '2023-12-18', '10', '2023-12-18', '2023-12-13', '10', 'APROBADO', 'REGULAR', '5 FINALES', 88, '2024-02-07', '2024-02-07'),
(1897, 49058827, 1, '8', '2023-12-18', '6', '2023-12-18', '2023-12-13', '8', 'APROBADO', 'REGULAR', '5 FINALES', 88, '2024-02-07', '2024-02-07'),
(1898, 95783315, 1, '8', '2023-12-18', '10', '2023-12-18', '2023-12-13', '8', 'APROBADO', 'REGULAR', '5 FINALES', 88, '2024-02-07', '2024-02-07'),
(1899, 49254590, 1, '9', '2023-12-18', '9', '2023-12-18', '2023-12-13', '9', 'APROBADO', 'REGULAR', '5 FINALES', 88, '2024-02-07', '2024-02-07'),
(1900, 26240194, 1, NULL, NULL, NULL, NULL, '2023-12-13', '10', 'APROBADO', 'REGULAR', '5 FINALES', 89, '2024-02-07', '2024-02-07'),
(1901, 30334937, 1, NULL, NULL, NULL, NULL, '2023-12-13', '10', 'APROBADO', 'REGULAR', '5 FINALES', 89, '2024-02-07', '2024-02-07'),
(1902, 25654068, 1, NULL, NULL, NULL, NULL, '2023-12-13', '10', 'APROBADO', 'REGULAR', '5 FINALES', 89, '2024-02-07', '2024-02-07'),
(1903, 30128656, 1, NULL, NULL, NULL, NULL, '2023-12-13', '8', 'APROBADO', 'REGULAR', '5 FINALES', 89, '2024-02-07', '2024-02-07'),
(1904, 46631970, 1, NULL, NULL, NULL, NULL, '2023-12-13', '3', 'DESAPROBADO', 'REGULAR', '5 FINALES', 89, '2024-02-07', '2024-02-07'),
(1905, 94360218, 1, NULL, NULL, NULL, NULL, '2023-12-13', '9', 'APROBADO', 'REGULAR', '5 FINALES', 89, '2024-02-07', '2024-02-07'),
(1906, 42776572, 1, NULL, NULL, NULL, NULL, '2023-12-13', '9', 'APROBADO', 'REGULAR', '5 FINALES', 89, '2024-02-07', '2024-02-07'),
(1907, 53856369, 68, NULL, NULL, NULL, NULL, '2023-11-21', '9', 'APROBADO', 'REGULAR', '2 FINALES', 111, '2023-12-18', '2023-12-18'),
(1908, 54095446, 68, NULL, NULL, NULL, NULL, '2023-11-21', '9', 'APROBADO', 'REGULAR', '2 FINALES', 111, '2023-12-18', '2023-12-18'),
(1909, 53976180, 68, NULL, NULL, NULL, NULL, '2023-11-21', '9', 'APROBADO', 'REGULAR', '2 FINALES', 111, '2023-12-18', '2023-12-18'),
(1910, 52451021, 68, NULL, NULL, NULL, NULL, '2023-11-21', '8', 'APROBADO', 'REGULAR', '2 FINALES', 111, '2023-12-18', '2023-12-18'),
(1911, 52018269, 68, NULL, NULL, NULL, NULL, '2023-11-21', '10', 'APROBADO', 'REGULAR', '2 FINALES', 111, '2023-12-18', '2023-12-18'),
(1912, 53373187, 68, NULL, NULL, NULL, NULL, '2023-11-21', '7', 'APROBADO', 'REGULAR', '2 FINALES', 111, '2023-12-18', '2023-12-18'),
(1913, 53434835, 68, NULL, NULL, NULL, NULL, '2023-11-21', '9', 'APROBADO', 'REGULAR', '2 FINALES', 111, '2023-12-18', '2023-12-18'),
(1914, 53329310, 68, NULL, NULL, NULL, NULL, '2023-11-21', '7', 'APROBADO', 'REGULAR', '2 FINALES', 111, '2023-12-18', '2023-12-18'),
(1915, 96066175, 68, NULL, NULL, NULL, NULL, '2023-11-21', '8', 'APROBADO', 'REGULAR', '2 FINALES', 111, '2023-12-18', '2023-12-18'),
(1916, 52091933, 68, NULL, NULL, NULL, NULL, '2023-11-21', '9', 'APROBADO', 'REGULAR', '2 FINALES', 111, '2023-12-18', '2023-12-18'),
(1917, 53085237, 68, NULL, NULL, NULL, NULL, '2023-11-21', '9', 'APROBADO', 'REGULAR', '2 FINALES', 111, '2023-12-18', '2023-12-18'),
(1918, 95780174, 68, NULL, NULL, NULL, NULL, '2023-11-21', '9', 'APROBADO', 'REGULAR', '2 FINALES', 111, '2023-12-18', '2023-12-18'),
(1919, 51430440, 68, NULL, NULL, NULL, NULL, '2023-11-21', '8', 'APROBADO', 'REGULAR', '2 FINALES', 111, '2023-12-18', '2023-12-18'),
(1920, 49901203, 68, NULL, NULL, NULL, NULL, '2023-11-21', '9', 'APROBADO', 'REGULAR', '2 FINALES', 111, '2023-12-18', '2023-12-18'),
(1921, 95798454, 68, NULL, NULL, NULL, NULL, '2023-11-21', '9', 'APROBADO', 'REGULAR', '2 FINALES', 111, '2023-12-18', '2023-12-18'),
(1922, 53051983, 68, NULL, NULL, NULL, NULL, '2023-11-21', '9', 'APROBADO', 'REGULAR', '2 FINALES', 111, '2023-12-18', '2023-12-18'),
(1923, 49555250, 76, NULL, NULL, NULL, NULL, '2023-11-21', '8', 'APROBADO', 'REGULAR', '2 FINALES', 112, '2023-12-19', '2023-12-19'),
(1924, 53151141, 76, NULL, NULL, NULL, NULL, '2023-11-21', '10', 'APROBADO', 'REGULAR', '2 FINALES', 112, '2023-12-19', '2023-12-19'),
(1925, 50417705, 76, NULL, NULL, NULL, NULL, '2023-11-21', '10', 'APROBADO', 'REGULAR', '2 FINALES', 112, '2023-12-19', '2023-12-19'),
(1926, 50031734, 76, NULL, NULL, NULL, NULL, '2023-11-21', '10', 'APROBADO', 'REGULAR', '2 FINALES', 112, '2023-12-19', '2023-12-19'),
(1927, 95992732, 76, NULL, NULL, NULL, NULL, '2023-11-21', '10', 'APROBADO', 'REGULAR', '2 FINALES', 112, '2023-12-19', '2023-12-19'),
(1928, 96000341, 76, NULL, NULL, NULL, NULL, '2023-11-21', '9', 'APROBADO', 'REGULAR', '2 FINALES', 112, '2023-12-19', '2023-12-19'),
(1929, 49423967, 76, NULL, NULL, NULL, NULL, '2023-11-21', '10', 'APROBADO', 'REGULAR', '2 FINALES', 112, '2023-12-19', '2023-12-19'),
(1930, 52983746, 76, NULL, NULL, NULL, NULL, '2023-11-21', '10', 'APROBADO', 'REGULAR', '2 FINALES', 112, '2023-12-19', '2023-12-19'),
(1931, 95726694, 76, NULL, NULL, NULL, NULL, '2023-11-21', '7', 'APROBADO', 'REGULAR', '2 FINALES', 112, '2023-12-19', '2023-12-19'),
(1932, 52458952, 76, NULL, NULL, NULL, NULL, '2023-11-21', '10', 'APROBADO', 'REGULAR', '2 FINALES', 112, '2023-12-19', '2023-12-19'),
(1933, 52704440, 76, NULL, NULL, NULL, NULL, '2023-11-21', '10', 'APROBADO', 'REGULAR', '2 FINALES', 112, '2023-12-19', '2023-12-19'),
(1934, 95938822, 76, NULL, NULL, NULL, NULL, '2023-11-21', '8', 'APROBADO', 'REGULAR', '2 FINALES', 112, '2023-12-19', '2023-12-19'),
(1935, 52167049, 76, NULL, NULL, NULL, NULL, '2023-11-21', '10', 'APROBADO', 'REGULAR', '2 FINALES', 112, '2023-12-19', '2023-12-19'),
(1936, 96113788, 76, NULL, NULL, NULL, NULL, '2023-11-21', '10', 'APROBADO', 'REGULAR', '2 FINALES', 112, '2023-12-19', '2023-12-19'),
(1937, 50800858, 76, NULL, NULL, NULL, NULL, '2023-11-21', '8', 'APROBADO', 'REGULAR', '2 FINALES', 112, '2023-12-19', '2023-12-19'),
(1938, 50538840, 84, NULL, NULL, NULL, NULL, '2023-11-21', '9', 'APROBADO', 'REGULAR', '1 FINALES', 113, '2023-12-19', '2023-12-19'),
(1939, 51583592, 84, NULL, NULL, NULL, NULL, '2023-11-21', '10', 'APROBADO', 'REGULAR', '1 FINALES', 113, '2023-12-19', '2023-12-19'),
(1940, 52095765, 84, NULL, NULL, NULL, NULL, '2023-11-21', '10', 'APROBADO', 'REGULAR', '1 FINALES', 113, '2023-12-19', '2023-12-19'),
(1941, 51268304, 84, NULL, NULL, NULL, NULL, '2023-11-21', '10', 'APROBADO', 'REGULAR', '1 FINALES', 113, '2023-12-19', '2023-12-19'),
(1942, 51260519, 84, NULL, NULL, NULL, NULL, '2023-11-21', '10', 'APROBADO', 'REGULAR', '1 FINALES', 113, '2023-12-19', '2023-12-19'),
(1943, 51396610, 84, NULL, NULL, NULL, NULL, '2023-11-21', '10', 'APROBADO', 'REGULAR', '1 FINALES', 113, '2023-12-19', '2023-12-19'),
(1944, 52196822, 84, NULL, NULL, NULL, NULL, '2023-11-21', '9', 'APROBADO', 'REGULAR', '1 FINALES', 113, '2023-12-19', '2023-12-19'),
(1945, 50861004, 92, NULL, NULL, NULL, NULL, '2023-11-21', '10', 'APROBADO', 'REGULAR', '2 FINALES', 114, '2023-12-19', '2023-12-19'),
(1946, 51072446, 92, NULL, NULL, NULL, NULL, '2023-11-21', '10', 'APROBADO', 'REGULAR', '2 FINALES', 114, '2023-12-19', '2023-12-19'),
(1947, 49743715, 92, NULL, NULL, NULL, NULL, '2023-11-21', '9', 'APROBADO', 'REGULAR', '2 FINALES', 114, '2023-12-19', '2023-12-19'),
(1948, 39330605, 60, NULL, NULL, NULL, NULL, '2023-11-21', '8', 'APROBADO', 'REGULAR', '2 FINALES', 115, '2023-12-19', '2023-12-19'),
(1949, 45747806, 60, NULL, NULL, NULL, NULL, '2023-11-21', '9', 'APROBADO', 'REGULAR', '2 FINALES', 115, '2023-12-19', '2023-12-19'),
(1950, 54095446, 69, NULL, NULL, NULL, NULL, '2023-11-21', '8', 'APROBADO', 'REGULAR', '2 FINALES', 116, '2023-12-19', '2023-12-19'),
(1951, 95992732, 69, NULL, NULL, NULL, NULL, '2023-11-21', '10', 'APROBADO', 'REGULAR', '2 FINALES', 116, '2023-12-19', '2023-12-19'),
(1952, 52196822, 69, NULL, NULL, NULL, NULL, '2023-11-21', '7', 'APROBADO', 'REGULAR', '2 FINALES', 116, '2023-12-19', '2023-12-19'),
(1953, 50417705, 77, NULL, NULL, NULL, NULL, '2023-11-21', '9', 'APROBADO', 'REGULAR', '2 FINALES', 117, '2023-12-19', '2023-12-19'),
(1954, 53856369, 67, NULL, NULL, NULL, NULL, '2023-11-21', '10', 'APROBADO', 'REGULAR', '2 FINALES', 118, '2023-12-19', '2023-12-19'),
(1955, 54095446, 67, NULL, NULL, NULL, NULL, '2023-11-21', '9', 'APROBADO', 'REGULAR', '2 FINALES', 118, '2023-12-19', '2023-12-19'),
(1956, 53976180, 67, NULL, NULL, NULL, NULL, '2023-11-21', '10', 'APROBADO', 'REGULAR', '2 FINALES', 118, '2023-12-19', '2023-12-19'),
(1957, 52451021, 67, NULL, NULL, NULL, NULL, '2023-11-21', '10', 'APROBADO', 'REGULAR', '2 FINALES', 118, '2023-12-19', '2023-12-19'),
(1958, 52018269, 67, NULL, NULL, NULL, NULL, '2023-11-21', '10', 'APROBADO', 'REGULAR', '2 FINALES', 118, '2023-12-19', '2023-12-19'),
(1959, 96128315, 67, NULL, NULL, NULL, NULL, '2023-11-21', '5', 'DESAPROBADO', 'REGULAR', '2 FINALES', 118, '2023-12-19', '2023-12-19'),
(1960, 96136405, 67, NULL, NULL, NULL, NULL, '2023-11-21', '10', 'APROBADO', 'REGULAR', '2 FINALES', 118, '2023-12-19', '2023-12-19'),
(1961, 51430440, 67, NULL, NULL, NULL, NULL, '2023-11-21', '8', 'APROBADO', 'REGULAR', '2 FINALES', 118, '2023-12-19', '2023-12-19'),
(1962, 95798454, 67, NULL, NULL, NULL, NULL, '2023-11-21', '10', 'APROBADO', 'REGULAR', '2 FINALES', 118, '2023-12-19', '2023-12-19'),
(1963, 53085237, 67, NULL, NULL, NULL, NULL, '2023-11-21', '10', 'APROBADO', 'REGULAR', '2 FINALES', 118, '2023-12-19', '2023-12-19'),
(1964, 95780174, 67, NULL, NULL, NULL, NULL, '2023-11-21', '10', 'APROBADO', 'REGULAR', '2 FINALES', 118, '2023-12-19', '2023-12-19'),
(1965, 96095882, 67, NULL, NULL, NULL, NULL, '2023-11-21', '9', 'APROBADO', 'REGULAR', '2 FINALES', 118, '2023-12-19', '2023-12-19'),
(1966, 53434835, 67, NULL, NULL, NULL, NULL, '2023-11-21', '10', 'APROBADO', 'REGULAR', '2 FINALES', 118, '2023-12-19', '2023-12-19'),
(1967, 95938822, 75, NULL, NULL, NULL, NULL, '2023-11-21', '8', 'APROBADO', 'REGULAR', '2 FINALES', 119, '2023-12-19', '2023-12-19'),
(1968, 53151141, 75, NULL, NULL, NULL, NULL, '2023-11-21', '9', 'APROBADO', 'REGULAR', '2 FINALES', 119, '2023-12-19', '2023-12-19'),
(1969, 50417705, 75, NULL, NULL, NULL, NULL, '2023-11-21', '10', 'APROBADO', 'REGULAR', '2 FINALES', 119, '2023-12-19', '2023-12-19'),
(1970, 96000341, 75, NULL, NULL, NULL, NULL, '2023-11-21', '8', 'APROBADO', 'REGULAR', '2 FINALES', 119, '2023-12-19', '2023-12-19'),
(1971, 52983746, 75, NULL, NULL, NULL, NULL, '2023-11-21', '9', 'APROBADO', 'REGULAR', '2 FINALES', 119, '2023-12-19', '2023-12-19'),
(1972, 95726694, 75, NULL, NULL, NULL, NULL, '2023-11-21', '9', 'APROBADO', 'REGULAR', '2 FINALES', 119, '2023-12-19', '2023-12-19'),
(1973, 52458952, 75, NULL, NULL, NULL, NULL, '2023-11-21', '8', 'APROBADO', 'REGULAR', '2 FINALES', 119, '2023-12-19', '2023-12-19'),
(1974, 50031734, 75, NULL, NULL, NULL, NULL, '2023-11-21', '10', 'APROBADO', 'REGULAR', '2 FINALES', 119, '2023-12-19', '2023-12-19'),
(1975, 52704440, 75, NULL, NULL, NULL, NULL, '2023-11-21', '9', 'APROBADO', 'REGULAR', '2 FINALES', 119, '2023-12-19', '2023-12-19'),
(1976, 52167049, 75, NULL, NULL, NULL, NULL, '2023-11-21', '9', 'APROBADO', 'REGULAR', '2 FINALES', 119, '2023-12-19', '2023-12-19'),
(1977, 96113788, 75, NULL, NULL, NULL, NULL, '2023-11-21', '9', 'APROBADO', 'REGULAR', '2 FINALES', 119, '2023-12-19', '2023-12-19'),
(1978, 50800858, 75, NULL, NULL, NULL, NULL, '2023-11-21', '7', 'APROBADO', 'REGULAR', '2 FINALES', 119, '2023-12-19', '2023-12-19'),
(1979, 49555250, 75, NULL, NULL, NULL, NULL, '2023-11-21', '8', 'APROBADO', 'REGULAR', '2 FINALES', 119, '2023-12-19', '2023-12-19'),
(1980, 95992732, 75, NULL, NULL, NULL, NULL, '2023-11-21', '8', 'APROBADO', 'REGULAR', '2 FINALES', 119, '2023-12-19', '2023-12-19'),
(1981, 53373187, 71, NULL, NULL, NULL, NULL, '2023-11-23', '7', 'APROBADO', 'REGULAR', '2 FINALES', 120, '2023-12-19', '2023-12-19'),
(1982, 96113788, 79, NULL, NULL, NULL, NULL, '2023-11-23', '8', 'APROBADO', 'REGULAR', '2 FINALES', 121, '2023-12-19', '2023-12-19'),
(1983, 44940258, 21, NULL, NULL, NULL, NULL, '2023-11-23', '9', 'APROBADO', 'REGULAR', '2 FINALES', 122, '2023-12-20', '2023-12-20'),
(1984, 47697650, 21, NULL, NULL, NULL, NULL, '2023-11-23', '9', 'APROBADO', 'REGULAR', '2 FINALES', 122, '2023-12-20', '2023-12-20'),
(1985, 34948257, 21, NULL, NULL, NULL, NULL, '2023-11-23', '8', 'APROBADO', 'REGULAR', '2 FINALES', 122, '2023-12-20', '2023-12-20'),
(1986, 46290144, 21, NULL, NULL, NULL, NULL, '2023-11-23', '9', 'APROBADO', 'REGULAR', '2 FINALES', 122, '2023-12-20', '2023-12-20');
INSERT INTO `calificaciones` (`id`, `dni`, `id_materia`, `nota_cuatri1`, `fecha_cuatri1`, `nota_cuatri2`, `fecha_cuatri2`, `fecha_final`, `nota_final`, `estado`, `modalidad`, `tomo`, `pagina`, `created_at`, `updated_at`) VALUES
(1987, 20281336, 21, NULL, NULL, NULL, NULL, '2023-11-23', '9', 'APROBADO', 'REGULAR', '2 FINALES', 122, '2023-12-20', '2023-12-20'),
(1988, 96206947, 21, NULL, '2023-12-21', NULL, '2023-12-21', '2023-12-21', '8.50', 'APROBADO', 'REGULAR', '2 FINALES', 122, '2023-12-20', '2023-12-21'),
(1989, 46440023, 33, NULL, NULL, NULL, NULL, '2023-11-23', '8', 'APROBADO', 'REGULAR', '2 FINALES', 123, '2023-12-20', '2023-12-20'),
(1990, 96004967, 33, NULL, '2023-12-21', NULL, '2023-12-21', '2023-12-21', '7.50', 'APROBADO', 'REGULAR', '2 FINALES', 123, '2023-12-20', '2023-12-21'),
(1991, 33669432, 33, NULL, NULL, NULL, NULL, '2023-11-23', '9', 'APROBADO', 'REGULAR', '2 FINALES', 123, '2023-12-20', '2023-12-20'),
(1992, 22297111, 33, NULL, NULL, NULL, NULL, '2023-11-23', '8', 'APROBADO', 'REGULAR', '2 FINALES', 123, '2023-12-20', '2023-12-20'),
(1993, 36662390, 44, NULL, '2023-12-21', NULL, '2023-12-21', '2023-12-21', '8.50', 'APROBADO', 'REGULAR', '2 FINALES', 124, '2023-12-20', '2023-12-21'),
(1994, 46826396, 44, NULL, NULL, NULL, NULL, '2023-11-23', '8', 'APROBADO', 'REGULAR', '2 FINALES', 124, '2023-12-20', '2023-12-20'),
(1995, 42375185, 44, NULL, NULL, NULL, NULL, '2023-11-23', '9', 'APROBADO', 'REGULAR', '2 FINALES', 124, '2023-12-20', '2023-12-20'),
(1996, 46281636, 44, NULL, NULL, NULL, NULL, '2023-11-23', '9', 'APROBADO', 'REGULAR', '2 FINALES', 124, '2023-12-20', '2023-12-20'),
(1997, 29327495, 44, NULL, '2023-12-21', NULL, '2023-12-21', '2023-12-21', '7.50', 'APROBADO', 'REGULAR', '2 FINALES', 124, '2023-12-20', '2023-12-21'),
(1998, 96066175, 67, NULL, NULL, NULL, NULL, '2023-11-24', '10', 'APROBADO', 'REGULAR', '2 FINALES', 125, '2023-12-20', '2023-12-20'),
(1999, 96095882, 68, NULL, NULL, NULL, NULL, '2023-11-21', '9', 'APROBADO', 'REGULAR', '2 FINALES', 126, '2023-12-20', '2023-12-20'),
(2000, 38492717, 29, NULL, NULL, NULL, NULL, '2023-11-28', '10', 'APROBADO', 'REGULAR', '2 FINALES', 129, '2023-12-20', '2023-12-20'),
(2001, 20011636, 40, NULL, NULL, NULL, NULL, '2023-11-28', '10', 'APROBADO', 'REGULAR', '2 FINALES', 130, '2023-12-20', '2023-12-20'),
(2002, 46440023, 40, NULL, NULL, NULL, NULL, '2023-11-28', '9', 'APROBADO', 'REGULAR', '2 FINALES', 130, '2023-12-20', '2023-12-20'),
(2003, 53976180, 69, NULL, NULL, NULL, NULL, '2023-11-28', '10', 'APROBADO', 'REGULAR', '2 FINALES', 131, '2023-12-20', '2023-12-20'),
(2004, 53329310, 69, NULL, NULL, NULL, NULL, '2023-11-28', '10', 'APROBADO', 'REGULAR', '2 FINALES', 131, '2023-12-20', '2023-12-20'),
(2005, 96118126, 69, NULL, NULL, NULL, NULL, '2023-11-28', '8', 'APROBADO', 'REGULAR', '2 FINALES', 131, '2023-12-20', '2023-12-20'),
(2006, 52983746, 77, NULL, NULL, NULL, NULL, '2023-11-28', '10', 'APROBADO', 'REGULAR', '2 FINALES', 132, '2023-12-20', '2023-12-20'),
(2007, 52704440, 77, NULL, NULL, NULL, NULL, '2023-11-28', '9', 'APROBADO', 'REGULAR', '2 FINALES', 132, '2023-12-20', '2023-12-20'),
(2008, 53373187, 67, NULL, NULL, NULL, NULL, '2023-12-28', '7', 'APROBADO', 'REGULAR', '2 PROMOCIONALES', 133, '2024-02-08', '2024-02-08'),
(2009, 53329310, 67, NULL, NULL, NULL, NULL, '2023-12-28', '10', 'APROBADO', 'REGULAR', '2 PROMOCIONALES', 133, '2024-02-08', '2024-02-08'),
(2010, 52091933, 67, NULL, NULL, NULL, NULL, '2023-11-28', '9', 'APROBADO', 'REGULAR', '2 FINALES', 133, '2023-12-20', '2023-12-20'),
(2011, 49901203, 67, NULL, NULL, NULL, NULL, '2023-11-28', '10', 'APROBADO', 'REGULAR', '2 FINALES', 133, '2023-12-20', '2023-12-20'),
(2012, 96118126, 67, NULL, NULL, NULL, NULL, '2023-11-28', '8', 'APROBADO', 'REGULAR', '2 FINALES', 133, '2023-12-20', '2023-12-20'),
(2013, 53051983, 67, NULL, NULL, NULL, NULL, '2023-11-28', '8', 'APROBADO', 'REGULAR', '2 FINALES', 133, '2023-12-20', '2023-12-20'),
(2014, 52095765, 87, NULL, NULL, NULL, NULL, '2023-11-28', '7', 'APROBADO', 'REGULAR', '2 FINALES', 134, '2023-12-20', '2023-12-20'),
(2015, 45747806, 19, NULL, NULL, NULL, NULL, '2023-11-30', '10', 'APROBADO', 'REGULAR', '2 FINALES', 135, '2023-12-20', '2023-12-26'),
(2016, 20281336, 19, NULL, NULL, NULL, NULL, '2023-11-30', '8', 'APROBADO', 'REGULAR', '2 FINALES', 135, '2023-12-20', '2023-12-26'),
(2017, 96035591, 19, NULL, NULL, NULL, NULL, '2023-11-30', '7', 'APROBADO', 'REGULAR', '2 FINALES', 135, '2023-12-20', '2023-12-26'),
(2018, 22039615, 19, NULL, '2023-12-26', NULL, '2023-12-26', '2023-12-26', '7', 'APROBADO', 'REGULAR', '2 FINALES', 135, '2023-12-20', '2023-12-26'),
(2019, 34948257, 28, NULL, NULL, NULL, NULL, '2023-11-30', '9', 'APROBADO', 'REGULAR', '2 FINALES', 136, '2023-12-20', '2023-12-20'),
(2020, 47697650, 28, NULL, NULL, NULL, NULL, '2023-11-30', '8', 'APROBADO', 'REGULAR', '2 FINALES', 136, '2023-12-20', '2023-12-20'),
(2021, 42905975, 28, NULL, NULL, NULL, NULL, '2023-11-30', '7', 'APROBADO', 'REGULAR', '2 FINALES', 136, '2023-12-20', '2023-12-20'),
(2022, 96004967, 28, NULL, NULL, NULL, NULL, '2023-11-30', '8', 'APROBADO', 'REGULAR', '2 FINALES', 136, '2023-12-20', '2023-12-20'),
(2023, 14079714, 28, NULL, NULL, NULL, NULL, '2023-11-30', '8', 'APROBADO', 'REGULAR', '2 FINALES', 136, '2023-12-20', '2023-12-20'),
(2024, 29635961, 28, NULL, NULL, NULL, NULL, '2023-11-30', '7', 'APROBADO', 'REGULAR', '2 FINALES', 136, '2023-12-20', '2023-12-20'),
(2025, 53329310, 99, NULL, NULL, NULL, NULL, '2023-11-30', '9', 'APROBADO', 'REGULAR', '2 FINALES', 137, '2023-12-20', '2023-12-20'),
(2026, 95726694, 99, NULL, NULL, NULL, NULL, '2023-11-30', '7', 'APROBADO', 'REGULAR', '2 FINALES', 137, '2023-12-20', '2023-12-20'),
(2027, 51583592, 100, NULL, NULL, NULL, NULL, '2023-11-30', '10', 'APROBADO', 'REGULAR', '2 FINALES', 138, '2023-12-20', '2023-12-20'),
(2028, 49526314, 100, NULL, NULL, NULL, NULL, '2023-11-30', '7', 'APROBADO', 'REGULAR', '2 FINALES', 138, '2023-12-20', '2023-12-20'),
(2029, 52196822, 101, NULL, '2023-12-21', NULL, '2023-12-21', '2023-12-21', '7.50', 'APROBADO', 'REGULAR', '2 FINALES', 139, '2023-12-20', '2023-12-21'),
(2030, 95313839, 105, NULL, NULL, NULL, NULL, '2023-11-30', '7', 'APROBADO', 'REGULAR', '2 FINALES', 141, '2023-12-20', '2023-12-20'),
(2031, 14010343, 41, NULL, '2023-12-21', NULL, '2023-12-21', '2023-12-21', '8.50', 'APROBADO', 'REGULAR', '2 FINALES', 142, '2023-12-20', '2023-12-21'),
(2040, 12234345, 103, '3', '2023-12-21', '3', '2023-12-21', '2023-12-21', '3', 'AUSENTE', 'PREVIO', '4 FINALES', 2, '2023-12-21', '2023-12-21'),
(2041, 96066175, 72, NULL, NULL, NULL, NULL, '2023-12-05', '7', 'APROBADO', 'REGULAR', '2 PROMOCIONALES', 143, '2024-02-08', '2024-02-08'),
(2042, 95798454, 72, NULL, NULL, NULL, NULL, '2023-12-05', '9', 'APROBADO', 'REGULAR', '2 PROMOCIONALES', 143, '2023-12-21', '2023-12-21'),
(2043, 50861004, 91, NULL, NULL, NULL, NULL, '2023-12-05', '10', 'APROBADO', 'REGULAR', '5 FINALES', 144, '2024-02-08', '2024-02-08'),
(2044, 49743715, 91, NULL, NULL, NULL, NULL, '2023-12-05', '9', 'APROBADO', 'REGULAR', '1 FINALES', 144, '2023-12-21', '2023-12-21'),
(2045, 51072446, 91, NULL, NULL, NULL, NULL, '2023-12-05', '8', 'APROBADO', 'REGULAR', '1 FINALES', 144, '2023-12-21', '2023-12-21'),
(2046, 53856369, 69, NULL, NULL, NULL, NULL, '2023-12-07', '7', 'APROBADO', 'REGULAR', '2 PROMOCIONALES', 145, '2023-12-21', '2023-12-21'),
(2047, 95780174, 69, NULL, NULL, NULL, NULL, '2023-12-07', '7', 'APROBADO', 'REGULAR', '2 PROMOCIONALES', 145, '2023-12-21', '2023-12-21'),
(2048, 51268304, 85, NULL, NULL, NULL, NULL, '2023-12-07', '7.50', 'APROBADO', 'REGULAR', '2 PROMOCIONALES', 146, '2023-12-21', '2023-12-21'),
(2049, 52018269, 70, NULL, NULL, NULL, NULL, '2023-12-15', '8.50', 'APROBADO', 'REGULAR', '2 PROMOCIONALES', 153, '2023-12-21', '2023-12-21'),
(2050, 96095882, 70, NULL, NULL, NULL, NULL, '2023-12-15', '8', 'APROBADO', 'REGULAR', '2 PROMOCIONALES', 153, '2023-12-21', '2023-12-21'),
(2051, 52091933, 70, NULL, NULL, NULL, NULL, '2023-12-15', '8', 'APROBADO', 'REGULAR', '2 PROMOCIONALES', 153, '2023-12-21', '2023-12-21'),
(2052, 49901203, 70, NULL, NULL, NULL, NULL, '2023-12-15', '10', 'APROBADO', 'REGULAR', '2 PROMOCIONALES', 153, '2023-12-21', '2023-12-21'),
(2053, 49555250, 78, NULL, NULL, NULL, NULL, '2023-12-15', '9', 'APROBADO', 'REGULAR', '2 PROMOCIONALES', 154, '2023-12-21', '2023-12-21'),
(2054, 95783315, 9, NULL, NULL, NULL, NULL, '2023-11-27', '7', 'APROBADO', 'REGULAR', '2 PROMOCIONALES', 127, '2023-12-21', '2023-12-21'),
(2055, 30334937, 9, NULL, NULL, NULL, NULL, '2023-11-27', '8', 'APROBADO', 'REGULAR', '2 PROMOCIONALES', 127, '2023-12-21', '2023-12-21'),
(2056, 31270853, 9, NULL, NULL, NULL, NULL, '2023-11-27', '7.50', 'APROBADO', 'REGULAR', '2 PROMOCIONALES', 127, '2023-12-21', '2023-12-21'),
(2057, 46826396, 9, NULL, NULL, NULL, NULL, '2023-11-27', '7.50', 'APROBADO', 'REGULAR', '2 PROMOCIONALES', 127, '2023-12-21', '2023-12-21'),
(2058, 94360218, 9, NULL, NULL, NULL, NULL, '2023-11-27', '8', 'APROBADO', 'REGULAR', '2 PROMOCIONALES', 127, '2023-12-21', '2023-12-21'),
(2059, 30128656, 9, NULL, NULL, NULL, NULL, '2023-11-27', '7', 'APROBADO', 'REGULAR', '2 PROMOCIONALES', 127, '2023-12-21', '2023-12-21'),
(2060, 28587046, 9, NULL, NULL, NULL, NULL, '2023-11-27', '7', 'APROBADO', 'REGULAR', '2 PROMOCIONALES', 127, '2023-12-21', '2023-12-21'),
(2061, 49058827, 9, NULL, NULL, NULL, NULL, '2023-11-27', '8', 'APROBADO', 'REGULAR', '2 PROMOCIONALES', 127, '2023-12-21', '2023-12-21'),
(2062, 41009842, 9, NULL, NULL, NULL, NULL, '2023-11-27', '8', 'APROBADO', 'REGULAR', '2 PROMOCIONALES', 127, '2023-12-21', '2023-12-21'),
(2063, 46961490, 9, NULL, NULL, NULL, NULL, '2023-11-27', '7.50', 'APROBADO', 'REGULAR', '2 PROMOCIONALES', 127, '2023-12-21', '2023-12-21'),
(2064, 43729291, 18, NULL, NULL, NULL, NULL, '2023-11-27', '8', 'APROBADO', 'REGULAR', '2 PROMOCIONALES', 128, '2023-12-21', '2023-12-21'),
(2065, 45747806, 18, NULL, NULL, NULL, NULL, '2023-11-27', '8', 'APROBADO', 'REGULAR', '2 PROMOCIONALES', 128, '2023-12-21', '2023-12-21'),
(2066, 47938630, 18, NULL, NULL, NULL, NULL, '2023-11-27', '8', 'APROBADO', 'REGULAR', '2 PROMOCIONALES', 128, '2023-12-21', '2023-12-21'),
(2067, 30087613, 18, NULL, NULL, NULL, NULL, '2023-11-27', '7', 'APROBADO', 'REGULAR', '2 PROMOCIONALES', 128, '2023-12-21', '2023-12-21'),
(2068, 33993954, 18, NULL, NULL, NULL, NULL, '2023-11-27', '7', 'APROBADO', 'REGULAR', '2 PROMOCIONALES', 128, '2023-12-21', '2023-12-21'),
(2069, 14163098, 18, NULL, NULL, NULL, NULL, '2023-11-27', '7', 'APROBADO', 'REGULAR', '2 PROMOCIONALES', 128, '2023-12-21', '2023-12-21'),
(2070, 12279506, 18, NULL, NULL, NULL, NULL, '2023-11-27', '8', 'APROBADO', 'REGULAR', '2 PROMOCIONALES', 128, '2023-12-21', '2023-12-21'),
(2071, 96035591, 18, NULL, NULL, NULL, NULL, '2023-11-27', '8', 'APROBADO', 'REGULAR', '2 PROMOCIONALES', 128, '2023-12-21', '2023-12-21'),
(2072, 24663019, 18, NULL, NULL, NULL, NULL, '2023-11-27', '8', 'APROBADO', 'REGULAR', '2 PROMOCIONALES', 128, '2023-12-21', '2023-12-21'),
(2073, 29635961, 18, NULL, NULL, NULL, NULL, '2023-11-27', '8.50', 'APROBADO', 'REGULAR', '2 PROMOCIONALES', 128, '2023-12-21', '2023-12-21'),
(2074, 22039615, 18, NULL, NULL, NULL, NULL, '2023-11-27', '7.50', 'APROBADO', 'REGULAR', '2 PROMOCIONALES', 128, '2023-12-21', '2023-12-21'),
(2075, 49371811, 4, '7.50', '2023-12-21', '7.50', '2023-12-21', '2023-12-21', '7.50', 'APROBADO', 'REGULAR', '2 PROMOCIONALES', 127, '2023-12-21', '2023-12-21'),
(2076, 12107988, 9, '7.50', '2023-12-21', '7.50', '2023-12-21', '2023-12-21', '7.50', 'APROBADO', 'REGULAR', '2 PROMOCIONALES', 127, '2023-12-21', '2023-12-21'),
(2077, 30087613, 9, '7', '2023-12-21', '8', '2023-12-21', '2023-12-21', '7.50', 'APROBADO', 'REGULAR', '2 PROMOCIONALES', 127, '2023-12-21', '2023-12-21'),
(2078, 46958181, 21, '8', '2023-12-21', '8', '2023-12-21', '2023-12-21', '8', 'APROBADO', 'REGULAR', '2 PROMOCIONALES', 122, '2023-12-21', '2023-12-21'),
(2079, 94360218, 59, NULL, NULL, NULL, NULL, '2023-12-11', 'AUSENTE', 'AUSENTE', 'REGULAR', '5 FINALES', 82, '2024-02-07', '2024-02-07'),
(2080, 94360218, 61, NULL, NULL, NULL, NULL, '2023-12-13', 'AUSENTE', 'AUSENTE', 'REGULAR', '5 FINALES', 85, '2024-02-07', '2024-02-07'),
(2081, 12459535, 1, NULL, NULL, NULL, NULL, '2023-12-13', 'AUSENTE', 'AUSENTE', 'REGULAR', '5 FINALES', 88, '2024-02-07', '2024-02-07'),
(2082, 42375185, 107, NULL, NULL, NULL, NULL, '2023-12-18', '10', 'APROBADO', 'REGULAR', '5 FINALES', 90, '2024-02-07', '2024-02-07'),
(2083, 29635961, 56, NULL, NULL, NULL, NULL, '2023-12-18', 'AUSENTE', 'AUSENTE', 'REGULAR', '5 FINALES', 91, '2024-02-07', '2024-02-07'),
(2084, 39390924, 56, NULL, NULL, NULL, NULL, '2023-12-18', '7', 'APROBADO', 'REGULAR', '5 FINALES', 91, '2024-02-07', '2024-02-07'),
(2085, 20055682, 57, NULL, NULL, NULL, NULL, '2023-12-18', '9', 'APROBADO', 'REGULAR', '5 FINALES', 92, '2024-02-07', '2024-02-07'),
(2086, 42375185, 65, NULL, NULL, NULL, NULL, '2023-12-18', '8', 'APROBADO', 'REGULAR', '5 FINALES', 94, '2024-02-07', '2024-02-07'),
(2087, 46290144, 65, NULL, NULL, NULL, NULL, '2023-12-18', '8', 'APROBADO', 'REGULAR', '5 FINALES', 94, '2024-02-07', '2024-02-07'),
(2088, 39330605, 65, NULL, NULL, NULL, NULL, '2023-12-18', '8', 'APROBADO', 'REGULAR', '5 FINALES', 94, '2024-02-07', '2024-02-07'),
(2089, 42565833, 65, NULL, NULL, NULL, NULL, '2023-12-18', '9', 'APROBADO', 'REGULAR', '5 FINALES', 94, '2024-02-07', '2024-02-07'),
(2090, 20011636, 66, NULL, NULL, NULL, NULL, '2023-12-18', '9', 'APROBADO', 'REGULAR', '5 FINALES', 95, '2024-02-07', '2024-02-07'),
(2091, 47697650, 42, NULL, NULL, NULL, NULL, '2023-12-20', '8', 'APROBADO', 'REGULAR', '5 FINALES', 96, '2024-02-07', '2024-02-07'),
(2092, 12685079, 42, NULL, NULL, NULL, NULL, '2023-12-20', '10', 'APROBADO', 'REGULAR', '5 FINALES', 96, '2024-02-07', '2024-02-07'),
(2093, 14010343, 42, NULL, NULL, NULL, NULL, '2023-12-20', '9', 'APROBADO', 'REGULAR', '5 FINALES', 96, '2024-02-07', '2024-02-07'),
(2094, 27026885, 42, NULL, NULL, NULL, NULL, '2023-12-20', '10', 'APROBADO', 'REGULAR', '5 FINALES', 96, '2024-02-07', '2024-02-07'),
(2095, 96004967, 42, NULL, NULL, NULL, NULL, '2023-12-20', '10', 'APROBADO', 'REGULAR', '5 FINALES', 96, '2024-02-07', '2024-02-07'),
(2096, 39390924, 42, NULL, NULL, NULL, NULL, '2023-12-20', '10', 'APROBADO', 'REGULAR', '5 FINALES', 96, '2024-02-07', '2024-02-07'),
(2097, 47938630, 42, NULL, NULL, NULL, NULL, '2023-12-20', 'AUSENTE', 'AUSENTE', 'REGULAR', '5 FINALES', 96, '2024-02-07', '2024-02-07'),
(2098, 34948257, 42, NULL, NULL, NULL, NULL, '2023-12-20', '9', 'APROBADO', 'REGULAR', '5 FINALES', 96, '2024-02-07', '2024-02-07'),
(2099, 20281336, 42, NULL, NULL, NULL, NULL, '2023-12-20', '9', 'APROBADO', 'REGULAR', '5 FINALES', 96, '2024-02-07', '2024-02-07'),
(2100, 44940258, 42, NULL, NULL, NULL, NULL, '2023-12-20', '10', 'APROBADO', 'REGULAR', '5 FINALES', 97, '2024-02-07', '2024-02-07'),
(2101, 42905975, 42, NULL, NULL, NULL, NULL, '2023-12-20', '8', 'APROBADO', 'REGULAR', '5 FINALES', 97, '2024-02-07', '2024-02-07'),
(2102, 46440023, 53, NULL, NULL, NULL, NULL, '2023-12-20', '10', 'APROBADO', 'REGULAR', '5 FINALES', 98, '2024-02-08', '2024-02-08'),
(2103, 20055682, 53, NULL, NULL, NULL, NULL, '2023-12-20', '10', 'APROBADO', 'REGULAR', '5 FINALES', 98, '2024-02-08', '2024-02-08'),
(2104, 20011636, 53, NULL, NULL, NULL, NULL, '2023-12-20', '10', 'APROBADO', 'REGULAR', '5 FINALES', 98, '2024-02-08', '2024-02-08'),
(2105, 42375185, 53, NULL, NULL, NULL, NULL, '2023-12-20', '10', 'APROBADO', 'REGULAR', '5 FINALES', 98, '2024-02-08', '2024-02-08'),
(2106, 46826396, 53, NULL, NULL, NULL, NULL, '2023-12-20', '10', 'APROBADO', 'REGULAR', '5 FINALES', 98, '2024-02-08', '2024-02-08'),
(2107, 41009842, 7, NULL, NULL, NULL, NULL, '2023-12-20', '7.50', 'APROBADO', 'REGULAR', '5 FINALES', 99, '2024-02-08', '2024-02-08'),
(2108, 96035591, 16, NULL, NULL, NULL, NULL, '2023-12-20', '9', 'APROBADO', 'REGULAR', '5 FINALES', 100, '2024-02-08', '2024-02-08'),
(2109, 31722291, 49, NULL, NULL, NULL, NULL, '2023-12-20', '10', 'APROBADO', 'REGULAR', '5 FINALES', 101, '2024-02-08', '2024-02-08'),
(2110, 24663019, 10, NULL, NULL, NULL, NULL, '2023-12-20', '10', 'APROBADO', 'REGULAR', '1 FINALES', 102, '2024-02-08', '2024-02-08'),
(2111, 45747806, 10, NULL, NULL, NULL, NULL, '2023-12-20', '10', 'APROBADO', 'REGULAR', '1 FINALES', 102, '2024-02-08', '2024-02-08'),
(2112, 96035591, 10, NULL, NULL, NULL, NULL, '2023-12-20', '10', 'APROBADO', 'REGULAR', '1 FINALES', 102, '2024-02-08', '2024-02-08'),
(2113, 41009842, 10, NULL, NULL, NULL, NULL, '2023-12-20', 'AUSENTE', 'APROBADO', 'REGULAR', '1 FINALES', 102, '2024-02-08', '2024-02-08'),
(2114, 43729291, 10, NULL, NULL, NULL, NULL, '2023-12-20', '8', 'APROBADO', 'REGULAR', '1 FINALES', 102, '2024-02-08', '2024-02-08'),
(2115, 47938630, 10, NULL, NULL, NULL, NULL, '2023-12-20', '10', 'APROBADO', 'REGULAR', '1 FINALES', 102, '2024-02-08', '2024-02-08'),
(2116, 26240194, 3, NULL, NULL, NULL, NULL, '2023-12-21', '8', 'APROBADO', 'REGULAR', '5 FINALES', 103, '2024-02-08', '2024-02-08'),
(2117, 49423967, 3, NULL, NULL, NULL, NULL, '2023-12-21', '9', 'APROBADO', 'REGULAR', '5 FINALES', 103, '2024-02-08', '2024-02-08'),
(2118, 25654068, 3, NULL, NULL, NULL, NULL, '2023-12-21', '9', 'APROBADO', 'REGULAR', '5 FINALES', 103, '2024-02-08', '2024-02-08'),
(2119, 17547794, 3, NULL, NULL, NULL, NULL, '2023-12-21', '5', 'APROBADO', 'REGULAR', '5 FINALES', 103, '2024-02-08', '2024-02-08'),
(2120, 12685079, 22, NULL, NULL, NULL, NULL, '2023-12-21', '6', 'APROBADO', 'REGULAR', '5 FINALES', 104, '2024-02-08', '2024-02-08'),
(2121, 22297111, 22, NULL, NULL, NULL, NULL, '2023-12-21', '7', 'APROBADO', 'REGULAR', '5 FINALES', 104, '2024-02-08', '2024-02-08'),
(2122, 34948257, 20, NULL, NULL, NULL, NULL, '2023-12-21', '8', 'APROBADO', 'REGULAR', '5 FINALES', 105, '2024-02-08', '2024-02-08'),
(2123, 47697650, 20, NULL, NULL, NULL, NULL, '2023-12-21', '9.50', 'APROBADO', 'REGULAR', '5 FINALES', 105, '2024-02-08', '2024-02-08'),
(2124, 46440023, 32, NULL, NULL, NULL, NULL, '2023-12-26', '5', 'APROBADO', 'REGULAR', '5 FINALES', 107, '2024-02-08', '2024-02-08'),
(2125, 42375185, 43, NULL, NULL, NULL, NULL, '2023-12-26', '7.50', 'APROBADO', 'REGULAR', '5 FINALES', 108, '2024-02-08', '2024-02-08'),
(2128, 39390924, 45, NULL, '2024-02-08', NULL, '2024-02-08', '2024-02-08', NULL, 'APROBADO', 'REGULAR', '1 FINALES', 1, '2024-02-08', '2024-02-08');

-- --------------------------------------------------------

--
-- Estructura de tabla para la tabla `calificaciones_historial`
--

CREATE TABLE `calificaciones_historial` (
  `id` bigint(20) NOT NULL,
  `catedra_id` int(11) NOT NULL,
  `fecha` date NOT NULL
) ENGINE=InnoDB DEFAULT CHARSET=utf8mb4 COLLATE=utf8mb4_general_ci;

-- --------------------------------------------------------

--
-- Estructura de tabla para la tabla `carreras`
--

CREATE TABLE `carreras` (
  `id` int(11) NOT NULL,
  `nombre_carrera` varchar(255) NOT NULL,
  `created_at` timestamp NULL DEFAULT NULL,
  `updated_at` timestamp NULL DEFAULT NULL
) ENGINE=InnoDB DEFAULT CHARSET=utf8mb4 COLLATE=utf8mb4_unicode_ci;

--
-- Volcado de datos para la tabla `carreras`
--

INSERT INTO `carreras` (`id`, `nombre_carrera`, `created_at`, `updated_at`) VALUES
(1, 'PIANO - Jóvenes y Adultos', '2023-08-07 22:48:02', '2023-08-07 22:48:02'),
(2, 'GUITARRA - Jóvenes y Adultos', '2023-09-19 03:58:42', '2023-09-19 03:59:08'),
(3, 'VIOLIN - Jóvenes y Adultos (Piano Complementario)', '2023-09-19 03:59:20', '2023-10-23 20:17:34'),
(4, 'VIOLONCELLO - Jóvenes y Adultos (Piano Complementario)', '2023-09-19 03:59:32', '2023-10-23 20:17:53'),
(5, 'SAXO - Jóvenes y Adultos (Piano Complementario)', '2023-09-19 03:59:46', '2023-10-23 20:18:03'),
(6, 'CLARINETE - Jóvenes y Adultos (Piano Complementario)', '2023-09-19 03:59:56', '2023-10-23 20:18:14'),
(7, 'FLAUTA TRAVERSA - Jóvenes y Adultos (Piano Complementario)', '2023-09-19 04:00:10', '2023-10-23 20:18:26'),
(8, 'CANTO - Jóvenes y Adultos (Piano Complementario)', '2023-09-19 04:00:24', '2023-10-23 20:18:36'),
(9, 'PIANO - Niños, niñas y adolescentes', '2023-09-19 04:00:55', '2023-09-19 04:00:55'),
(10, 'GUITARRA - Niños, niñas y adolescentes', '2023-09-19 04:01:23', '2023-09-19 04:01:23'),
(11, 'VIOLIN - Niños, niñas y adolescentes', '2023-09-19 04:01:29', '2023-09-19 04:01:29'),
(12, 'VIOLONCELLO - Niños, niñas y adolescentes', '2023-09-19 04:01:38', '2023-09-19 04:01:38'),
(13, 'SAXO - Niños, niñas y adolescentes', '2023-09-19 04:01:49', '2023-09-19 04:01:49'),
(14, 'CLARINETE - Niños, niñas y adolescentes', '2023-09-19 04:01:59', '2023-09-19 04:01:59'),
(15, 'FLAUTA TRAVERSA - Niños, niñas y adolescentes', '2023-09-19 04:02:35', '2023-09-19 04:02:39'),
(16, 'TALLER - CORO INFANTIL', '2023-09-19 04:03:06', '2023-09-19 04:03:06'),
(17, 'TALLER - CORO DE ADULTOS', '2023-09-19 04:03:16', '2023-09-19 04:03:16'),
(18, 'TALLER - VOCACIONAL', '2023-09-19 04:03:30', '2023-09-19 04:03:30'),
(19, 'CORO AMANECER', '2023-10-18 19:29:35', '2023-10-18 19:29:35'),
(20, 'VIOLIN - Jóvenes y Adultos (Guitarra Complementaria)', '2023-10-23 20:19:12', '2023-10-23 20:19:12'),
(21, 'FLAUTA TRAVERSA - Jóvenes y Adultos (Guitarra Complementaria)', '2023-10-23 20:19:21', '2023-10-23 20:19:21'),
(22, 'VIOLONCELLO - Jóvenes y Adultos (Guitarra Complementaria)', '2023-10-23 20:19:28', '2023-10-23 20:19:28'),
(23, 'SAXO - Jóvenes y Adultos (Guitarra Complementaria)', '2023-10-23 20:19:38', '2023-10-23 20:19:38'),
(24, 'CLARINETE - Jóvenes y Adultos (Guitarra Complementaria)', '2023-10-23 20:19:45', '2023-10-23 20:19:45'),
(25, 'CANTO - Jóvenes y Adultos (Guitarra Complementaria)', '2023-10-23 20:19:59', '2023-10-23 20:19:59'),
(26, 'VIOLIN Y CANTO (GUITARRA COMPLEMENTARIA)', '2023-12-21 18:31:39', '2023-12-21 18:31:39');

-- --------------------------------------------------------

--
-- Estructura de tabla para la tabla `catedras`
--

CREATE TABLE `catedras` (
  `id` int(11) NOT NULL,
  `id_materia` int(11) NOT NULL,
  `dni_profesor` int(11) NOT NULL,
  `cupos` int(11) NOT NULL,
  `aula` varchar(255) NOT NULL,
  `aula_dia2` varchar(255) NOT NULL,
  `dia1` varchar(255) NOT NULL,
  `hora_comienzo_dia1` varchar(255) NOT NULL,
  `hora_finalizacion_dia1` varchar(255) NOT NULL,
  `dia2` varchar(255) NOT NULL,
  `hora_comienzo_dia2` varchar(255) NOT NULL,
  `hora_finalizacion_dia2` varchar(255) NOT NULL,
  `created_at` timestamp NULL DEFAULT NULL,
  `updated_at` timestamp NULL DEFAULT NULL
) ENGINE=InnoDB DEFAULT CHARSET=utf8mb4 COLLATE=utf8mb4_unicode_ci;

--
-- Volcado de datos para la tabla `catedras`
--

INSERT INTO `catedras` (`id`, `id_materia`, `dni_profesor`, `cupos`, `aula`, `aula_dia2`, `dia1`, `hora_comienzo_dia1`, `hora_finalizacion_dia1`, `dia2`, `hora_comienzo_dia2`, `hora_finalizacion_dia2`, `created_at`, `updated_at`) VALUES
(8, 1, 33079951, 30, '4', '4', 'LUNES', '16:00', '17:45', 'MIERCOLES', '16:00', '17:45', '2023-10-10 20:00:33', '2023-11-09 18:39:09'),
(9, 1, 33079951, 30, '4', '4', 'LUNES', '20:00', '21:45', 'MIERCOLES', '20:00', '21:45', '2023-10-10 20:01:23', '2023-10-10 20:01:23'),
(10, 10, 35267311, 40, '3', '2', 'MIERCOLES', '20:00', '21:45', 'VIERNES', '20:00', '21:45', '2023-10-12 01:30:37', '2024-02-05 16:51:09'),
(11, 20, 36992069, 40, '3', '3', 'LUNES', '18:00', '20:00', 'JUEVES', '18:00', '20:00', '2023-10-12 01:31:37', '2024-02-05 16:53:04'),
(12, 32, 32595931, 40, 'SUM', '4', 'MIERCOLES', '20:00', '21:50', 'VIERNES', '20:00', '21:50', '2023-10-12 01:32:55', '2024-02-05 16:54:44'),
(13, 43, 32595931, 20, 'SUM', '4', 'MIERCOLES', '18:00', '20:00', 'VIERNES', '18:00', '20:00', '2023-10-12 01:34:07', '2024-02-05 16:55:49'),
(14, 2, 36992069, 60, '3', '-', 'VIERNES', '18:00', '19:45', '-', '-', '-', '2023-10-12 01:34:59', '2023-10-12 23:08:48'),
(15, 11, 36992069, 60, '3', '-', 'VIERNES', '18:00', '19:45', '-', '-', '-', '2023-10-12 01:35:54', '2024-02-05 16:57:12'),
(16, 21, 36992069, 70, 'SALA DE EXPOSICIONES', 'SALA DE EXPOSICIONES', 'LUNES', '20:00', '21:45', 'JUEVES', '20:00', '21:45', '2023-10-12 01:37:14', '2024-02-05 16:58:21'),
(17, 33, 36992069, 70, 'SALA DE EXPOSICIONES', 'SALA DE EXPOSICIONES', 'LUNES', '20:00', '21:45', 'JUEVES', '20:00', '21:45', '2023-10-12 01:38:30', '2024-02-05 17:01:39'),
(18, 44, 36992069, 70, 'SALA DE EXPOSICIONES', 'SALA DE EXPOSICIONES', 'LUNES', '20:00', '21:45', 'JUEVES', '20:00', '21:45', '2023-10-12 01:39:03', '2024-02-05 17:02:11'),
(19, 9, 14563173, 20, 'SUM', '-', 'LUNES', '14:30', '16:00', '-', '-', '-', '2023-10-12 01:40:02', '2024-02-05 17:03:04'),
(20, 9, 14563173, 20, 'SUM', '-', 'LUNES', '18:00', '19:20', '-', '-', '-', '2023-10-12 01:40:29', '2023-10-12 15:06:48'),
(21, 9, 14563173, 20, 'SUM', '-', 'MIERCOLES', '14:30', '16:00', '-', '-', '-', '2023-10-12 01:40:52', '2024-02-05 17:03:44'),
(22, 64, 14563173, 30, 'SUM', '-', 'LUNES', '19:20', '21:45', '-', '-', '-', '2023-10-12 01:41:44', '2023-10-12 15:07:10'),
(23, 65, 14563173, 30, 'SUM', '-', 'LUNES', '19:20', '21:45', '-', '-', '-', '2023-10-12 01:42:18', '2023-10-12 15:07:23'),
(24, 66, 14563173, 30, 'SUM', '-', 'LUNES', '19:20', '21:45', '-', '-', '-', '2023-10-12 01:42:50', '2023-10-12 15:07:34'),
(29, 61, 34890053, 20, '3', '-', 'MARTES', '15:40', '17:00', '-', '-', '-', '2023-10-12 15:10:26', '2023-10-12 15:10:26'),
(30, 62, 18617319, 20, '2', '-', 'MIERCOLES', '16:00', '17:00', '-', '-', '-', '2023-10-12 15:11:41', '2024-02-05 17:08:45'),
(31, 63, 18617319, 20, '-', '-', 'MIERCOLES', '-', '-', '-', '-', '-', '2023-10-12 15:12:43', '2024-02-05 17:09:26'),
(32, 59, 18617319, 20, '2', '-', 'MIERCOLES', '17:00', '18:00', '-', '-', '-', '2023-10-12 15:14:17', '2024-02-05 17:16:47'),
(33, 60, 34890053, 20, '3', '-', 'MARTES', '17:00', '18:00', '-', '-', '-', '2023-10-12 15:15:32', '2023-10-12 15:15:32'),
(34, 19, 14819672, 30, '2', '-', 'JUEVES', '18:00', '19:45', '-', '-', '-', '2023-10-12 15:17:32', '2024-02-05 17:21:28'),
(35, 28, 14819672, 30, '2', '-', 'JUEVES', '16:00', '17:45', '-', '-', '-', '2023-10-12 15:18:24', '2023-10-12 15:18:24'),
(36, 31, 37008728, 0, '2', '-', 'LUNES', '18:00', '19:40', '-', '-', '-', '2023-10-12 15:19:45', '2024-02-05 17:22:35'),
(37, 42, 37008728, 0, '2', '-', 'LUNES', '18:00', '19:40', '-', '-', '-', '2023-10-12 15:22:05', '2024-02-05 17:22:58'),
(38, 53, 37008728, 0, '2', '-', 'LUNES', '18:00', '19:40', '-', '-', '-', '2023-10-12 15:23:15', '2024-02-05 17:23:12'),
(39, 29, 1, 20, '-', '-', 'LUNES', '-', '-', '-', '-', '-', '2023-10-12 15:29:20', '2024-02-05 17:24:03'),
(40, 40, 1, 20, '-', '-', 'JUEVES', '-', '-', '-', '-', '-', '2023-10-12 15:31:54', '2024-02-05 17:25:49'),
(41, 51, 1, 20, '-', '-', 'JUEVES', '-', '-', '-', '-', '-', '2023-10-12 15:32:22', '2024-02-05 17:26:55'),
(42, 30, 1, 0, '-', '-', 'MARTES', '-', '-', '-', '-', '-', '2023-10-12 15:34:10', '2024-02-05 17:28:17'),
(43, 41, 1, 0, '2', '-', 'JUEVES', '-', '-', '-', '-', '-', '2023-10-12 15:35:20', '2024-02-05 17:28:35'),
(44, 52, 1, 0, '-', '-', 'JUEVES', '-', '-', '-', '-', '-', '2023-10-12 15:43:13', '2024-02-05 17:29:19'),
(45, 67, 32595931, 30, '2', '4', 'MARTES', '17:00', '18:00', 'VIERNES', '16:40', '18:00', '2023-10-12 15:45:12', '2024-02-05 17:31:10'),
(46, 67, 42674390, 20, '2', 'SUM', 'MARTES', '19:20', '20:40', 'JUEVES', '19:20', '20:40', '2023-10-12 15:48:15', '2024-02-05 17:33:10'),
(47, 75, 32595931, 20, '2', 'SUM', 'MARTES', '18:00', '19:10', 'JUEVES', '18:00', '19:10', '2023-10-12 15:50:49', '2024-02-05 17:35:12'),
(48, 83, 36992069, 20, 'VIRTUAL', '3', 'MARTES', '20:20', '21:50', 'VIERNES', '20:20', '21:50', '2023-10-12 15:53:05', '2024-02-05 17:37:13'),
(49, 91, 23469231, 20, 'SUM', '-', 'VIERNES', '20:40', '21:50', '-', '-', '-', '2023-10-12 15:54:51', '2024-02-05 17:40:20'),
(50, 68, 34890053, 30, 'SUM', 'SUM', 'MARTES', '19:20', '20:40', 'VIERNES', '18:20', '20:20', '2023-10-12 15:56:34', '2024-02-05 17:41:58'),
(51, 76, 34890053, 30, 'SUM', 'SUM', 'MARTES', '19:20', '20:40', 'VIERNES', '18:20', '20:20', '2023-10-12 15:57:56', '2024-02-05 17:43:51'),
(52, 84, 34890053, 40, 'SUM', 'SUM', 'MARTES', '18:00', '19:20', 'VIERNES', '18:20', '20:20', '2023-10-12 15:59:12', '2024-02-05 17:45:07'),
(53, 92, 34890053, 40, 'SUM', 'SUM', 'MARTES', '18:00', '19:20', 'VIERNES', '18:20', '20:20', '2023-10-12 15:59:54', '2024-02-05 17:45:59'),
(54, 69, 34890053, 0, '1', '-', 'VIERNES', '20:20', '21:50', '-', '-', '-', '2023-10-12 16:02:14', '2024-02-05 17:46:59'),
(55, 77, 34890053, 0, '1', '-', 'VIERNES', '20:20', '21:50', '-', '-', '-', '2023-10-12 16:12:23', '2024-02-05 17:47:40'),
(56, 85, 34890053, 0, '1', '-', 'VIERNES', '20:20', '21:50', '-', '-', '-', '2023-10-12 16:13:07', '2024-02-05 17:49:11'),
(57, 93, 34890053, 0, '1', '-', 'VIERNES', '20:20', '21:50', '-', '-', '-', '2023-10-12 16:13:42', '2024-02-05 17:49:33'),
(58, 3, 34890053, 0, '1', '-', 'VIERNES', '20:20', '21:50', '-', '-', '-', '2023-10-12 16:14:06', '2024-02-05 17:50:07'),
(59, 12, 34890053, 0, '1', '-', 'VIERNES', '20:20', '21:50', '-', '-', '-', '2023-10-12 16:14:30', '2024-02-05 17:50:30'),
(60, 22, 34890053, 0, '1', '-', 'VIERNES', '20:20', '21:50', '-', '-', '-', '2023-10-12 16:15:20', '2024-02-05 17:50:53'),
(61, 34, 34890053, 0, '1', '-', 'VIERNES', '20:20', '21:50', '-', '-', '-', '2023-10-12 16:15:48', '2024-02-05 17:51:31'),
(62, 45, 34890053, 0, '1', '-', 'VIERNES', '20:20', '21:50', '-', '-', '-', '2023-10-12 16:16:25', '2024-02-05 17:51:59'),
(63, 69, 42674390, 0, '1', '1', 'MARTES', '16:00', '19:00', 'MARTES', '20:40', '21:40', '2023-10-12 16:17:19', '2023-10-12 16:17:19'),
(64, 77, 42674390, 0, '1', '1', 'MARTES', '16:00', '19:00', 'MARTES', '20:40', '21:40', '2023-10-12 16:18:07', '2023-10-12 16:18:07'),
(65, 85, 42674390, 0, '1', '1', 'MARTES', '16:00', '19:00', 'MARTES', '20:40', '21:40', '2023-10-12 16:20:00', '2023-10-12 16:20:00'),
(66, 93, 42674390, 0, '1', '1', 'MARTES', '16:00', '19:00', 'MARTES', '20:40', '21:40', '2023-10-12 16:20:36', '2023-10-12 16:20:36'),
(67, 3, 42674390, 0, '1', '1', 'JUEVES', '18:00', '19:00', 'JUEVES', '20:40', '21:40', '2023-10-12 16:21:10', '2023-10-12 16:21:10'),
(68, 12, 42674390, 0, '1', '1', 'JUEVES', '18:00', '19:00', 'JUEVES', '20:40', '21:40', '2023-10-12 16:22:20', '2023-10-12 16:22:20'),
(69, 22, 42674390, 0, '1', '1', 'JUEVES', '18:00', '19:00', 'JUEVES', '20:40', '21:40', '2023-10-12 16:22:52', '2023-10-12 16:22:52'),
(70, 34, 42674390, 0, '1', '1', 'JUEVES', '18:00', '19:00', 'JUEVES', '20:40', '21:40', '2023-10-12 16:23:22', '2023-10-12 16:23:22'),
(71, 45, 42674390, 0, '1', '1', 'JUEVES', '18:00', '19:00', 'JUEVES', '20:40', '21:40', '2023-10-12 16:23:50', '2023-10-12 16:23:50'),
(72, 3, 35267311, 0, '1', '-', 'MIERCOLES', '18:00', '20:00', '-', '-', '-', '2023-10-12 16:24:27', '2024-02-05 17:53:51'),
(73, 12, 35267311, 0, '1', '-', 'MIERCOLES', '18:00', '20:00', '-', '-', '-', '2023-10-12 16:24:50', '2024-02-05 17:54:16'),
(74, 22, 35267311, 0, '1', '-', 'MIERCOLES', '18:00', '20:00', '-', '-', '-', '2023-10-12 16:26:01', '2024-02-05 17:54:41'),
(75, 34, 35267311, 0, '1', '-', 'MIERCOLES', '18:00', '20:00', '-', '-', '-', '2023-10-12 16:26:55', '2024-02-05 17:55:04'),
(76, 45, 35267311, 0, '1', '-', 'MIERCOLES', '18:00', '20:00', '-', '-', '-', '2023-10-12 16:27:16', '2024-02-05 17:56:15'),
(77, 69, 18010922, 0, '1', '-', 'JUEVES', '14:00', '18:00', '-', '-', '-', '2023-10-12 16:28:14', '2023-10-12 16:28:14'),
(78, 77, 18010922, 0, '1', '-', 'JUEVES', '14:00', '18:00', '-', '-', '-', '2023-10-12 16:31:21', '2023-10-12 16:31:21'),
(79, 85, 18010922, 0, '1', '-', 'JUEVES', '14:00', '18:00', '-', '-', '-', '2023-10-12 16:31:40', '2023-10-12 16:31:40'),
(80, 93, 18010922, 0, '1', '-', 'JUEVES', '14:00', '18:00', '-', '-', '-', '2023-10-12 16:31:59', '2023-10-12 16:31:59'),
(81, 3, 18010922, 0, '1', '-', 'JUEVES', '14:00', '18:00', '-', '-', '-', '2023-10-12 16:32:16', '2023-10-12 16:32:16'),
(82, 12, 18010922, 0, '1', '-', 'JUEVES', '14:00', '18:00', '-', '-', '-', '2023-10-12 16:32:35', '2023-10-12 16:32:35'),
(83, 22, 18010922, 0, '1', '-', 'JUEVES', '14:00', '18:00', '-', '-', '-', '2023-10-12 16:32:56', '2023-10-12 16:32:56'),
(84, 34, 18010922, 0, '1', '-', 'JUEVES', '14:00', '18:00', '-', '-', '-', '2023-10-12 16:33:23', '2023-10-12 16:33:23'),
(85, 45, 18010922, 0, '1', '-', 'JUEVES', '14:00', '18:00', '-', '-', '-', '2023-10-12 16:33:47', '2023-10-12 16:33:47'),
(86, 99, 94455913, 0, '1', '3', 'LUNES', '17:20', '20:00', 'MIERCOLES', '14:00', '16:00', '2023-10-12 16:34:58', '2024-02-05 18:11:12'),
(87, 100, 94455913, 0, '1', '3', 'LUNES', '17:20', '20:00', 'MIERCOLES', '14:00', '16:00', '2023-10-12 16:35:18', '2024-02-05 18:12:12'),
(88, 101, 94455913, 0, '1', '3', 'LUNES', '17:20', '20:00', 'MIERCOLES', '14:00', '16:00', '2023-10-12 16:35:37', '2024-02-06 22:35:06'),
(89, 102, 94455913, 0, '1', '3', 'LUNES', '17:20', '20:00', 'MIERCOLES', '14:00', '16:00', '2023-10-12 16:35:58', '2024-02-06 22:36:56'),
(90, 103, 94455913, 0, '1', '3', 'LUNES', '14:00', '17:20', 'LUNES', '20:00', '21:50', '2023-10-12 16:36:36', '2024-02-06 22:51:51'),
(91, 104, 94455913, 0, '1', '3', 'MIERCOLES', '14:00', '17:20', 'LUNES', '20:00', '21:50', '2023-10-12 16:37:09', '2024-02-06 22:52:37'),
(92, 105, 94455913, 0, '1', '3', 'LUNES', '14:00', '17:20', 'LUNES', '20:00', '21:50', '2023-10-12 16:37:30', '2024-02-06 22:53:24'),
(93, 106, 94455913, 0, '1', '3', 'LUNES', '14:00', '17:20', 'LUNES', '20:00', '21:50', '2023-10-12 16:37:52', '2024-02-06 22:54:11'),
(94, 107, 94455913, 0, '1', '3', 'LUNES', '14:00', '17:20', 'LUNES', '20:00', '21:50', '2023-10-12 16:38:11', '2024-02-06 22:54:52'),
(95, 99, 14819672, 0, '2', '2', 'JUEVES', '14:00', '16:00', 'JUEVES', '20:00', '21:20', '2023-10-12 16:40:10', '2024-02-06 22:56:24'),
(96, 100, 14819672, 0, '2', '2', 'JUEVES', '14:00', '16:00', 'JUEVES', '20:00', '21:20', '2023-10-12 16:40:35', '2024-02-06 22:57:04'),
(97, 101, 14819672, 0, '2', '2', 'JUEVES', '14:00', '16:00', 'JUEVES', '20:00', '21:20', '2023-10-12 16:40:59', '2024-02-06 22:57:28'),
(98, 102, 14819672, 0, '2', '2', 'JUEVES', '14:00', '16:00', 'JUEVES', '20:00', '21:20', '2023-10-12 16:41:18', '2024-02-06 22:57:50'),
(99, 103, 14819672, 0, '2', '2', 'JUEVES', '14:00', '16:00', 'JUEVES', '20:00', '21:20', '2023-10-12 16:42:22', '2024-02-06 22:58:14'),
(100, 104, 14819672, 0, '2', '2', 'JUEVES', '14:00', '16:00', 'JUEVES', '20:00', '21:20', '2023-10-12 16:42:43', '2024-02-06 22:58:37'),
(101, 105, 14819672, 0, '2', '2', 'JUEVES', '14:00', '16:00', 'JUEVES', '20:00', '21:20', '2023-10-12 16:43:05', '2024-02-06 22:59:01'),
(102, 106, 14819672, 0, '2', '2', 'JUEVES', '14:00', '16:00', 'JUEVES', '20:00', '21:20', '2023-10-12 16:43:30', '2024-02-06 22:59:38'),
(103, 107, 14819672, 0, '2', '2', 'JUEVES', '14:00', '16:00', 'JUEVES', '20:00', '21:20', '2023-10-12 16:43:51', '2024-02-06 23:00:03'),
(104, 70, 23416635, 0, '2', '-', 'VIERNES', '14:40', '20:00', '-', '-', '-', '2023-10-12 16:44:40', '2023-10-12 16:44:40'),
(105, 78, 23416635, 0, '2', '-', 'VIERNES', '14:40', '20:00', '-', '-', '-', '2023-10-12 16:45:01', '2023-10-12 16:45:01'),
(106, 86, 23416635, 0, '2', '-', 'VIERNES', '14:40', '20:00', '-', '-', '-', '2023-10-12 16:45:28', '2023-10-12 16:45:28'),
(107, 94, 23416635, 0, '2', '-', 'VIERNES', '14:40', '20:00', '-', '-', '-', '2023-10-12 16:45:49', '2023-10-12 16:45:49'),
(108, 4, 23416635, 0, '2', '-', 'VIERNES', '14:40', '20:00', '-', '-', '-', '2023-10-12 16:46:10', '2023-10-12 16:46:10'),
(109, 13, 23416635, 0, '2', '-', 'VIERNES', '14:40', '20:00', '-', '-', '-', '2023-10-12 16:46:31', '2023-10-12 16:46:31'),
(110, 23, 23416635, 0, '2', '-', 'VIERNES', '14:40', '20:00', '-', '-', '-', '2023-10-12 16:46:51', '2023-10-12 16:46:51'),
(111, 35, 23416635, 0, '2', '-', 'VIERNES', '14:40', '20:00', '-', '-', '-', '2023-10-12 16:47:12', '2023-10-12 16:47:12'),
(112, 46, 23416635, 0, '2', '-', 'VIERNES', '14:40', '20:00', '-', '-', '-', '2023-10-12 16:47:34', '2023-10-12 16:47:34'),
(113, 4, 33079951, 0, '4', '4', 'LUNES', '18:00', '20:00', 'MIERCOLES', '18:00', '20:00', '2023-10-12 16:48:29', '2023-10-12 16:48:29'),
(114, 13, 33079951, 0, '4', '4', 'LUNES', '18:00', '20:00', 'MIERCOLES', '18:00', '20:00', '2023-10-12 16:48:59', '2023-10-12 16:48:59'),
(115, 23, 33079951, 0, '4', '4', 'LUNES', '18:00', '20:00', 'MIERCOLES', '18:00', '20:00', '2023-10-12 16:49:32', '2023-10-12 16:49:32'),
(116, 35, 33079951, 0, '4', '4', 'LUNES', '18:00', '20:00', 'MIERCOLES', '18:00', '20:00', '2023-10-12 16:49:59', '2023-10-12 16:49:59'),
(117, 46, 33079951, 0, '4', '4', 'LUNES', '18:00', '20:00', 'MIERCOLES', '18:00', '20:00', '2023-10-12 16:50:24', '2023-10-12 16:50:24'),
(118, 72, 23469231, 0, 'SUM', '-', 'MARTES', '14:00', '18:00', '-', '-', '-', '2023-10-12 16:50:53', '2024-02-06 23:04:05'),
(119, 80, 23469231, 0, 'SUM', '-', 'MARTES', '14:00', '18:00', '-', '-', '-', '2023-10-12 16:51:17', '2024-02-06 23:04:18'),
(120, 88, 23469231, 0, 'SUM', '-', 'MARTES', '14:00', '18:00', '-', '-', '-', '2023-10-12 16:52:00', '2024-02-06 23:04:29'),
(121, 96, 23469231, 0, 'SUM', '-', 'MARTES', '14:00', '18:00', '-', '-', '-', '2023-10-12 16:52:21', '2024-02-06 23:04:40'),
(122, 6, 23469231, 0, 'SUM', '-', 'MARTES', '14:00', '18:00', '-', '-', '-', '2023-10-12 16:52:45', '2024-02-06 23:04:52'),
(123, 15, 23469231, 0, 'SUM', '-', 'MARTES', '14:00', '18:00', '-', '-', '-', '2023-10-12 16:53:06', '2024-02-06 23:05:03'),
(124, 25, 23469231, 0, 'SUM', '-', 'MARTES', '14:00', '18:00', '-', '-', '-', '2023-10-12 16:53:28', '2024-02-06 23:05:17'),
(125, 37, 23469231, 0, 'SUM', '-', 'MARTES', '14:00', '18:00', '-', '-', '-', '2023-10-12 16:53:50', '2024-02-06 23:05:31'),
(126, 48, 23469231, 0, 'SUM', '-', 'MARTES', '14:00', '18:00', '-', '-', '-', '2023-10-12 16:54:14', '2024-02-06 23:05:42'),
(127, 73, 37008728, 0, '2', '2', 'LUNES', '16:00', '18:00', 'LUNES', '19.50', '21:40', '2023-10-12 16:55:07', '2024-02-06 23:07:09'),
(128, 81, 37008728, 0, '2', '2', 'LUNES', '16:00', '18:00', 'LUNES', '19.50', '21:40', '2023-10-12 16:55:54', '2024-02-06 23:07:29'),
(129, 89, 37008728, 0, '2', '2', 'LUNES', '16:00', '18:00', 'LUNES', '19.50', '21:40', '2023-10-12 16:56:27', '2024-02-06 23:07:42'),
(130, 97, 37008728, 0, '2', '2', 'LUNES', '16:00', '18:00', 'LUNES', '19.50', '21:40', '2023-10-12 16:57:02', '2024-02-06 23:07:55'),
(131, 7, 37008728, 0, '2', '2', 'LUNES', '16:00', '18:00', 'LUNES', '19.50', '21:40', '2023-10-12 16:57:31', '2024-02-06 23:08:10'),
(132, 16, 37008728, 0, '2', '2', 'LUNES', '16:00', '18:00', 'LUNES', '19.50', '21:40', '2023-10-12 16:57:59', '2024-02-06 23:08:23'),
(133, 26, 37008728, 0, '2', '2', 'LUNES', '16:00', '18:00', 'LUNES', '19.50', '21:40', '2023-10-12 16:58:36', '2024-02-06 23:08:36'),
(134, 38, 37008728, 0, '2', '2', 'LUNES', '16:00', '18:00', 'LUNES', '19.50', '21:40', '2023-10-12 16:59:09', '2024-02-06 23:08:51'),
(135, 49, 37008728, 0, '2', '2', 'LUNES', '16:00', '18:00', 'LUNES', '19.50', '21:40', '2023-10-12 16:59:48', '2024-02-06 23:09:09'),
(136, 74, 37008728, 0, '2', '2', 'LUNES', '16:00', '18:00', 'LUNES', '19.50', '21:40', '2023-10-12 17:00:54', '2024-02-06 23:09:26'),
(137, 82, 37008728, 0, '2', '2', 'LUNES', '16:00', '18:00', 'LUNES', '19.50', '21:40', '2023-10-12 17:01:27', '2024-02-06 23:09:39'),
(138, 90, 37008728, 0, '2', '2', 'LUNES', '16:00', '18:00', 'LUNES', '19.50', '21:40', '2023-10-12 17:02:01', '2024-02-06 23:10:09'),
(139, 98, 37008728, 0, '2', '2', 'LUNES', '16:00', '18:00', 'LUNES', '19.50', '21:40', '2023-10-12 17:02:35', '2024-02-06 23:10:27'),
(140, 8, 37008728, 0, '2', '2', 'LUNES', '16:00', '18:00', 'LUNES', '19.50', '21:40', '2023-10-12 17:03:18', '2024-02-06 23:10:57'),
(141, 17, 37008728, 0, '2', '2', 'LUNES', '16:00', '18:00', 'LUNES', '19.50', '21:40', '2023-10-12 17:03:44', '2024-02-06 23:11:42'),
(142, 27, 37008728, 0, '2', '2', 'LUNES', '16:00', '18:00', 'LUNES', '19.50', '21:40', '2023-10-12 17:04:11', '2024-02-06 23:11:57'),
(143, 39, 37008728, 0, '2', '2', 'LUNES', '16:00', '18:00', 'LUNES', '19.50', '21:40', '2023-10-12 17:04:39', '2024-02-06 23:12:11'),
(144, 50, 37008728, 0, '2', '2', 'LUNES', '16:00', '18:00', 'LUNES', '19.50', '21:40', '2023-10-12 17:05:11', '2024-02-06 23:12:24'),
(145, 71, 26095865, 0, '4', '4', 'JUEVES', '17:30', '21:30', '-', '-', '-', '2023-10-12 17:07:17', '2024-02-06 23:14:16'),
(146, 79, 26095865, 0, '4', '4', 'JUEVES', '17:30', '21:30', '-', '-', '-', '2023-10-12 17:08:04', '2024-02-06 23:14:57'),
(147, 87, 26095865, 0, '4', '-', 'JUEVES', '17:30', '21:30', '-', '-', '-', '2023-10-12 17:08:44', '2024-02-06 23:15:58'),
(148, 95, 26095865, 0, '4', '-', 'JUEVES', '-', '-', '-', '-', '-', '2023-10-12 17:09:17', '2024-02-06 23:16:31'),
(149, 5, 26095865, 0, '4', '-', 'JUEVES', '17:30', '21:30', '-', '-', '-', '2023-10-12 17:09:44', '2024-02-06 23:17:08'),
(150, 14, 26095865, 0, '4', '-', 'JUEVES', '17:30', '21:30', '-', '-', '-', '2023-10-12 17:10:25', '2024-02-06 23:17:42'),
(151, 24, 26095865, 0, '4', '-', 'JUEVES', '17:30', '21:30', '-', '-', '-', '2023-10-12 17:10:55', '2024-02-06 23:18:15'),
(152, 36, 26095865, 0, '4', '-', 'JUEVES', '17:30', '21:30', '-', '-', '-', '2023-10-12 17:11:27', '2024-02-06 23:18:45'),
(153, 47, 26095865, 0, '4', '-', 'JUEVES', '17:30', '21:30', '-', '-', '-', '2023-10-12 17:11:52', '2024-02-06 23:19:26'),
(154, 54, 34890053, 0, '1', '-', 'MIERCOLES', '14:00', '19:20', '-', '-', '-', '2023-10-12 17:13:22', '2024-02-06 23:21:17'),
(155, 55, 34890053, 0, '1', '-', 'MIERCOLES', '14:00', '19:20', '-', '-', '-', '2023-10-12 17:14:00', '2024-02-06 23:21:59'),
(156, 56, 34890053, 0, '1', '-', 'MIERCOLES', '14:00', '19:20', '-', '-', '-', '2023-10-12 17:15:00', '2024-02-06 23:22:39'),
(157, 57, 34890053, 0, '1', '-', 'MIERCOLES', '14:00', '19:20', '-', '-', '-', '2023-10-12 17:15:31', '2024-02-06 23:23:08'),
(158, 58, 34890053, 0, '1', '-', 'MIERCOLES', '14:00', '19:20', '-', '-', '-', '2023-10-12 17:16:11', '2024-02-06 23:23:39'),
(159, 54, 18617319, 0, '3', '2', 'LUNES', '13:00', '17:00', 'MIERCOLES', '18:00', '21:50', '2023-10-12 17:16:48', '2024-02-06 23:25:25'),
(160, 55, 18617319, 0, '3', '2', 'LUNES', '13:00', '17:00', 'MIERCOLES', '18:00', '21:50', '2023-10-12 17:17:25', '2024-02-06 23:25:51'),
(161, 56, 18617319, 0, '3', '2', 'LUNES', '13:00', '17:00', 'MIERCOLES', '18:00', '21:50', '2023-10-12 17:18:03', '2024-02-06 23:26:17'),
(162, 57, 18617319, 0, '3', '2', 'LUNES', '13:00', '17:00', 'MIERCOLES', '18:00', '21:50', '2023-10-12 17:18:03', '2024-02-06 23:26:41'),
(163, 58, 18617319, 0, '3', '2', 'LUNES', '13:00', '17:00', 'MIERCOLES', '18:00', '21:50', '2023-10-12 17:19:03', '2024-02-06 23:27:06'),
(164, 108, 36992069, 0, 'SALA DE EXPOSICIONES', '-', 'VIERNES', '16:30', '18:00', '-', '-', '-', '2023-10-12 17:19:28', '2024-02-06 22:41:56'),
(165, 109, 36992069, 0, 'SUM', '-', 'JUEVES', '17:00', '18:00', '-', '-', '-', '2023-10-12 17:19:48', '2023-10-12 17:19:48'),
(166, 110, 13782182, 0, '2', '-', 'MIERCOLES', '14:00', '16:00', '-', '-', '-', '2023-10-18 19:37:52', '2023-10-18 19:37:52'),
(167, 3, 35267311, 0, '3', '-', 'MIERCOLES', '18:00', '20:00', '-', '-', '-', '2023-11-30 16:34:21', '2024-02-06 23:28:00'),
(168, 93, 35267311, 0, '3', '-', 'MIERCOLES', '18:00', '20:00', '-', '-', '-', '2023-12-01 19:18:59', '2024-02-06 23:28:54'),
(169, 70, 33079951, 0, '4', '4', 'LUNES', '18:00', '20:00', 'MIERCOLES', '18:00', '20:00', '2023-12-01 19:19:50', '2023-12-01 19:19:50'),
(170, 78, 33079951, 0, '4', '4', 'LUNES', '18:00', '20:00', 'MIERCOLES', '18:00', '20:00', '2023-12-01 19:20:36', '2023-12-01 19:20:36'),
(171, 86, 33079951, 0, '4', '4', 'LUNES', '18:00', '20:00', 'MIERCOLES', '18:00', '20:00', '2023-12-01 19:21:18', '2023-12-01 19:21:18'),
(172, 86, 33079951, 0, '4', '4', 'LUNES', '18:00', '20:00', 'MIERCOLES', '18:00', '20:00', '2023-12-01 19:21:55', '2023-12-01 19:21:55'),
(173, 94, 33079951, 0, '4', '4', 'LUNES', '18:00', '20:00', 'MIERCOLES', '18:00', '20:00', '2023-12-01 19:22:41', '2023-12-01 19:22:41'),
(174, 69, 35267311, 0, '3', '-', 'MIERCOLES', '18:00', '20:00', '-', '-', '-', '2023-12-01 19:23:29', '2024-02-06 23:29:43'),
(175, 77, 35267311, 0, '3', '-', 'MIERCOLES', '18:00', '20:00', '-', '-', '-', '2023-12-01 19:24:02', '2024-02-06 23:30:13'),
(176, 85, 35267311, 0, '3', '-', 'MIERCOLES', '18:00', '20:00', '-', '-', '-', '2023-12-01 19:25:26', '2024-02-06 23:30:35');

-- --------------------------------------------------------

--
-- Estructura de tabla para la tabla `correlativas`
--

CREATE TABLE `correlativas` (
  `id` int(10) NOT NULL,
  `id_materia` int(11) NOT NULL,
  `id_correlativa` int(11) NOT NULL,
  `created_at` timestamp NULL DEFAULT NULL,
  `updated_at` timestamp NULL DEFAULT NULL
) ENGINE=InnoDB DEFAULT CHARSET=utf8mb4 COLLATE=utf8mb4_unicode_ci;

--
-- Volcado de datos para la tabla `correlativas`
--

INSERT INTO `correlativas` (`id`, `id_materia`, `id_correlativa`, `created_at`, `updated_at`) VALUES
(1, 10, 1, NULL, NULL),
(2, 11, 2, NULL, NULL),
(3, 12, 3, NULL, NULL),
(4, 13, 4, NULL, NULL),
(5, 14, 5, NULL, NULL),
(6, 15, 6, NULL, NULL),
(7, 16, 7, NULL, NULL),
(8, 17, 8, NULL, NULL),
(9, 18, 9, NULL, NULL),
(10, 20, 2, NULL, NULL),
(11, 20, 10, NULL, NULL),
(12, 21, 11, NULL, NULL),
(13, 22, 12, NULL, NULL),
(14, 23, 13, NULL, NULL),
(15, 24, 14, NULL, NULL),
(16, 25, 15, NULL, NULL),
(17, 26, 16, NULL, NULL),
(18, 27, 17, NULL, NULL),
(19, 28, 19, NULL, NULL),
(20, 32, 20, NULL, NULL),
(21, 32, 11, NULL, NULL),
(22, 33, 21, NULL, NULL),
(23, 34, 22, NULL, NULL),
(24, 35, 23, NULL, NULL),
(25, 36, 24, NULL, NULL),
(26, 37, 25, NULL, NULL),
(27, 38, 26, NULL, NULL),
(28, 39, 27, NULL, NULL),
(29, 42, 31, NULL, NULL),
(30, 43, 32, NULL, NULL),
(31, 43, 21, NULL, NULL),
(32, 44, 33, NULL, NULL),
(33, 45, 34, NULL, NULL),
(34, 46, 35, NULL, NULL),
(35, 47, 36, NULL, NULL),
(36, 48, 37, NULL, NULL),
(37, 49, 38, NULL, NULL),
(38, 50, 39, NULL, NULL),
(39, 53, 42, NULL, NULL),
(40, 55, 54, NULL, NULL),
(41, 56, 55, NULL, NULL),
(42, 57, 56, NULL, NULL),
(43, 58, 57, NULL, NULL),
(44, 60, 59, NULL, NULL),
(45, 62, 61, NULL, NULL),
(46, 63, 62, NULL, NULL),
(47, 64, 18, NULL, NULL),
(48, 65, 64, NULL, NULL),
(49, 66, 65, NULL, NULL),
(50, 75, 67, NULL, NULL),
(51, 76, 68, NULL, NULL),
(52, 77, 69, NULL, NULL),
(53, 78, 70, NULL, NULL),
(54, 79, 71, NULL, NULL),
(55, 80, 72, NULL, NULL),
(56, 81, 73, NULL, NULL),
(57, 82, 74, NULL, NULL),
(58, 100, 99, NULL, NULL),
(59, 101, 100, NULL, NULL),
(60, 102, 101, NULL, NULL),
(61, 104, 103, NULL, NULL),
(62, 105, 104, NULL, NULL),
(63, 106, 105, NULL, NULL),
(64, 107, 106, NULL, NULL);

-- --------------------------------------------------------

--
-- Estructura de tabla para la tabla `estudiantes`
--

CREATE TABLE `estudiantes` (
  `id` bigint(11) NOT NULL,
  `dni` int(255) NOT NULL,
  `apellido` varchar(255) NOT NULL,
  `nombre` varchar(255) NOT NULL,
  `nacimiento` date NOT NULL,
  `celular` varchar(255) NOT NULL,
  `mail` varchar(255) NOT NULL,
  `direccion` varchar(255) NOT NULL,
  `localidad` varchar(255) NOT NULL,
  `tipo` varchar(255) NOT NULL,
  `carrera` int(11) NOT NULL,
  `created_at` timestamp NULL DEFAULT NULL,
  `updated_at` timestamp NULL DEFAULT NULL
) ENGINE=InnoDB DEFAULT CHARSET=utf8mb4 COLLATE=utf8mb4_unicode_ci;

--
-- Volcado de datos para la tabla `estudiantes`
--

INSERT INTO `estudiantes` (`id`, `dni`, `apellido`, `nombre`, `nacimiento`, `celular`, `mail`, `direccion`, `localidad`, `tipo`, `carrera`, `created_at`, `updated_at`) VALUES
(514, 5003125, 'BINASCO', 'ELMA ESILDA', '1945-08-20', '1134668716', 'ELMABINASCO@YAHOO.COM.AR', 'ARISTOTELES 1977', 'Santos Lugares', 'REGULAR', 17, '2024-02-01 21:00:46', '2024-02-01 21:00:46'),
(480, 5755364, 'REILLY', 'SUSANA HAYDEE', '1948-05-30', '6306-0775', 'SREILLY231@GMAIL.COM', 'POTOSI 1879', 'Caseros', 'REGULAR', 17, '2023-11-28 17:54:46', '2023-11-28 17:54:46'),
(482, 5897557, 'FELIPETTI', 'ADELA', '1948-10-18', '1157712272', 'ADEFELIPETTI1@YAHOO.COM.AR', 'SUIZA 2780', 'Caseros', 'REGULAR', 17, '2023-11-28 19:41:27', '2023-11-28 19:41:27'),
(474, 6436256, 'MOYANO', 'ANA DELIA', '1951-02-14', '1162438024', 'ANADELIAMOYANO@YAHOO.COM.AR', 'NUESTRA SEÑORA DE LA MERCED 6020', 'Ciudad Jardin', 'REGULAR', 17, '2023-11-28 14:01:17', '2023-11-28 14:01:17'),
(522, 6516044, 'ALTAMARE', 'MICAELA', '1951-01-04', '1563553609', 'MICAELAALTAMARE22@GMAIL.COM O', 'SERRANO  2774', 'Caseros', 'REGULAR', 17, '2024-02-15 20:23:10', '2024-02-15 20:23:10'),
(477, 6662008, 'SANCHEZ', 'EVA', '1951-03-30', '1149801817', 'BETTYMILENIUM1@GMAIL.COM', 'CARLOS GARDEL 954', 'Caseros', 'REGULAR', 17, '2023-11-28 14:51:20', '2023-11-29 21:04:53'),
(490, 10037426, 'FERREYRA', 'MANUELA ROSARIO', '1951-09-18', '1157713865', 'ROSARIOFERREYRA@GMAIL.COM', 'SANTIAGO PARODI 5855', 'Caseros', 'REGULAR', 17, '2023-11-29 21:03:19', '2023-11-29 21:03:19'),
(498, 10053968, 'MINHONDO', 'EUSEBIO VALERIO', '1951-12-16', '1156567066', 'SUCARRERE16@GMAIL.COM', 'BARTOLOME MITRE  5778', 'Caseros', 'REGULAR', 17, '2023-12-01 00:27:50', '2023-12-01 00:27:50'),
(483, 10106892, 'LOPEZ', 'GRACIELA', '1951-10-27', '1561878815', 'GRAXLOPEZ@GMAIL.COM', 'VICENTE LOPEZ Y PLANEZ 8760', 'Pablo Podestá', 'REGULAR', 1, '2023-11-28 20:11:21', '2023-11-28 20:11:21'),
(486, 10233838, 'URQUIZA', 'GRACIELA', '1952-10-20', '1153895384', 'FAMILIA_FONTANA@YAHOO.COM.AR', 'AV SAN MARTIN 3241 PLANTA ALTA', 'Caseros', 'REGULAR', 17, '2023-11-29 16:07:57', '2023-11-29 16:07:57'),
(507, 10265358, 'NELLA', 'ISABEL', '1951-10-22', '1263605916', 'ISANELLA51@HOTMAIL.COM', 'W. DEL TATA 4680', 'Caseros', 'REGULAR', 1, '2023-12-19 19:07:45', '2023-12-19 19:07:45'),
(491, 10369816, 'POMPONIO', 'ELBA MARIA', '1952-11-14', '1167544797', 'ELBAMARIAPOMPONIO@GMAIL.COM', 'JUAN ALBERDI 4255', 'Santos Lugares', 'REGULAR', 17, '2023-11-29 21:14:28', '2023-11-29 21:14:28'),
(459, 10625458, 'CHAVES', 'MARTA', '1952-09-30', '1166868161', 'MARTACHAVES52@GMAIL.COM', 'GENERAL PAZ 8368', 'No pertenece a 3 de Febrero', 'REGULAR', 20, '2023-11-24 22:06:01', '2023-11-24 22:06:01'),
(485, 11172794, 'DOMINGUEZ', 'MIRTA GRACIELA', '1954-03-25', '1156097799', 'MAGELADO25@GMAIL.COM', 'FRAY M. ESQUIU 5419', 'Villa Bosch', 'REGULAR', 17, '2023-11-29 12:20:02', '2023-11-29 12:20:02'),
(463, 11876881, 'GAMERO', 'SUSANA MIRTA', '1955-12-29', '1134604077', 'SU.GAMERO55@HOTMAUL.COM', 'DAVID MAGDALENA 3389 5 A', 'Caseros', 'REGULAR', 1, '2023-11-24 22:52:53', '2023-11-24 22:52:53'),
(520, 11985788, 'LEON', 'SILVIA', '1955-12-27', '1169089410', 'MSILVIALEON55@GMAIL.COM', '9 DE JULIO 485', 'Ciudadela', 'REGULAR', 19, '2024-02-12 18:12:48', '2024-02-12 18:12:48'),
(510, 12107988, 'CHARRUT', 'VIVIANA', '1958-05-27', '1165445339', 'VCHARRUT@HOTMAIL.COM', 'INDUSTRIA 1826', 'No pertenece a 3 de Febrero', 'REGULAR', 4, '2023-12-21 20:28:12', '2023-12-21 20:28:12'),
(495, 12226968, 'CHIESA', 'ANA', '1958-04-21', '1563709278', 'ANAECHIESA@GMAIL.COM', 'INT RAMOS MEJIA 1051    EL PALOMAR', 'No pertenece a 3 de Febrero', 'REGULAR', 17, '2023-11-30 17:03:15', '2023-11-30 17:03:15'),
(389, 12234345, 'ESTUDIANTE', 'PRUEBA', '2015-11-06', '23123', 'SANTIFORM+2@GMAIL.COM', 'SIN DIRECCION 1234', 'Sáenz Peña', 'INGRESANTE', 9, NULL, '2024-02-21 11:38:53'),
(193, 12279506, 'QUARANTA', 'ALICIA', '1958-07-22', '1157962105', 'ALICIAQUARANTA@GMAIL.COM', 'DR CARBONE 3658', 'Santos Lugares', 'REGULAR', 22, '2023-11-13 19:13:59', '2023-11-13 19:13:59'),
(521, 12315552, 'BONAFINA', 'LIDIA CECILIA', '1958-02-28', '01155856820', 'LIDIABONAFINASIMCIC@GMAIL.COM', 'FISCHETTI 4769', 'Caseros', 'REGULAR', 17, '2024-02-14 17:18:14', '2024-02-14 17:18:14'),
(410, 12459535, 'PRIOR', 'MARIA DEL CARMEN', '1958-07-25', '1153778108', 'MARITAPRIOR@HOTMAIL.COM', 'J.M.BOSCH 861.VILLA BOSCH', 'Caseros', 'REGULAR', 1, '2023-11-19 20:24:26', '2023-11-23 14:16:18'),
(516, 12463159, 'LAROCCA', 'MARIA PATRICIA', '1958-06-27', '1531369596', 'PATCANTA@HOTMAIL.COM.AR', 'PASO 1207', 'Ciudadela', 'REGULAR', 17, '2024-02-05 16:48:39', '2024-02-05 16:48:39'),
(496, 12620896, 'CENTA', 'ANA DOMINGA', '1958-10-06', '1568260368', 'ANADOMINGA912@GMAIL.COM', 'RAMOS MEJIA 562', 'No pertenece a 3 de Febrero', 'REGULAR', 8, '2023-11-30 19:58:48', '2023-11-30 19:58:48'),
(255, 12685079, 'CLAUSELL', 'NORBERTO ADRIAN', '1958-10-09', '1153247863', 'NORBERTOCLAUSELL@YAHOO.COM.AR', 'LISANDRO DE LA TORRE 3150', 'Caseros', 'REGULAR', 1, '2023-11-14 20:46:28', '2023-11-14 20:46:28'),
(517, 12819889, 'DELLA LONGA', 'JUANA EMILIA', '2023-09-06', '1158775806', 'GIOVANNADELONGA@YAHOO.IT', 'CLAUDIO CASTRO 1163', 'Villa Bosch', 'REGULAR', 17, '2024-02-05 18:22:14', '2024-02-05 18:22:14'),
(518, 12946629, 'PEREIRA', 'SILVIA MONICA', '1959-03-01', 'O1136970294', 'SILVIAMONICA07@HOTMAIL.COM', 'CARHUE 5479', 'Caseros', 'REGULAR', 17, '2024-02-06 04:11:58', '2024-02-06 04:11:58'),
(503, 13408486, 'MILLICAY', 'MABEL EDITH', '1957-10-05', '1158671657', 'MABELMILLICAY12@GMAIL.COM', 'VALENTIN GOMEZ 3066', 'Caseros', 'REGULAR', 17, '2023-12-07 20:19:31', '2023-12-07 20:19:31'),
(497, 13501753, 'BLASI', 'SILVANA MARISA', '1959-09-20', '1551811929', 'SILVANABLASI@YAHOO.COM.AR', 'MIGUEL DE AZCUENAGA 4619', 'Caseros', 'REGULAR', 18, '2023-11-30 22:12:39', '2023-11-30 22:12:39'),
(401, 14010343, 'MORENO BOCCUTI', 'LUIS DEL VALLE', '1960-01-19', '01138710050', 'LUISDELVALLEMORENO@YAHOO.COM.AR', '4626 VALENTIN GOMEZ', 'Caseros', 'REGULAR', 24, '2023-11-18 10:21:48', '2023-12-20 21:56:24'),
(406, 14015676, 'URZAGASTE', 'SUSANA', '1961-10-05', '1569718452', 'SUSANAURZAGASTE@YAHOO.COM.AR', 'VALENTIN GOMEZ 4626', 'Caseros', 'REGULAR', 1, '2023-11-19 04:15:13', '2023-11-19 04:15:13'),
(506, 14077944, 'GARCIA', 'VIVIANA', '2023-12-15', '1555993376', 'VIMAGA59@HOTMAIL.COM', 'SABATINI 5681', 'Caseros', 'REGULAR', 19, '2023-12-18 22:10:54', '2023-12-18 22:10:54'),
(426, 14079714, 'FERRARIS', 'ADRIANA  EDITH', '1960-03-25', '1131470086', 'ADRIANAFERRARIS@HOTMAIL.COM', 'EL PARQUE 10108', 'Once de Septiembre', 'REGULAR', 1, '2023-11-23 15:10:14', '2023-11-23 15:10:14'),
(220, 14163098, 'PEREZ', 'RAUL ALBERTO', '1960-08-12', '1159714548', 'ALVERRAUL@GMAIL.COM', 'PRESIDENTE PERON', 'Caseros', 'REGULAR', 1, '2023-11-14 01:16:25', '2023-11-23 15:53:16'),
(448, 14915694, 'PARRA BUCARELO', 'NICOLE ALESSANDRA', '2015-05-25', '1154924197', 'CARMENFPP18@GMAIL.COM', 'AV MITRE 3533', 'Caseros', 'REGULAR', 9, '2023-11-24 02:40:43', '2023-11-24 02:40:43'),
(479, 14933380, 'ROSCIANO', 'VIVIANA', '2024-01-27', '1154623497', 'VIVIANAG.QUIROGA@GMAIL.COM', 'SANTIAGO ZANELLA 3020', 'Caseros', 'REGULAR', 17, '2023-11-28 16:23:19', '2023-11-28 16:23:19'),
(519, 14951975, 'NOGUERA', 'MARTA CRISTINA', '1962-09-11', '1169407078', 'CRISNOGUERAA@GMAIL.COM', 'ORTIZ 3282', 'Caseros', 'REGULAR', 1, '2024-02-07 02:08:44', '2024-02-07 02:08:44'),
(505, 16454981, 'Plebani', 'Gladys', '1962-10-30', '1157542716', 'parodi105@gmail.com', 'Parodi5754', 'Caseros', 'REGULAR', 17, '2023-12-18 03:12:13', '2023-12-18 03:12:13'),
(202, 17298933, 'GARCIA', 'ANA MARIA', '1964-09-26', '61013687', 'ANAMARIA_AMG_@HOTMAIL.COM', 'MIGUEL DE AZCUENAGA 4576', 'Caseros', 'REGULAR', 5, '2023-11-13 19:45:06', '2023-11-13 19:45:06'),
(217, 17547794, 'VILLARREAL', 'MONICA LILIANA', '1966-03-14', '1170042121', 'VILLARREALMONICALILI@GMAIL.COM', 'CAP.CLAUDIO ROSALES 4552 PA DEPTO 16', 'Ciudadela', 'REGULAR', 1, '2023-11-14 00:17:16', '2023-11-14 00:17:16'),
(163, 17608617, 'BORROMEO', 'ALBERTO FABIAN', '1965-12-28', '1160125935', 'ALBERTOFABIANBORROMEO@GMAIL.COM', 'RIVADAVIA 9003 PISO 2 DTO. H - CABA', 'No pertenece a 3 de Febrero', 'REGULAR', 5, '2023-11-13 16:01:41', '2023-11-13 16:01:41'),
(481, 18164814, 'NOVAL', 'ANDREA SILVIA', '1967-03-04', '1124505989', 'ANDREASILVIANOVAL@GMAIL.COM', 'CAVASSA 2565 10/B', 'Caseros', 'REGULAR', 17, '2023-11-28 18:37:17', '2023-11-28 18:37:17'),
(478, 18402237, 'VITALE', 'ADRIANA BEATRIZ', '1967-09-27', '1155819079', 'ADRIANAMILENA23@HOTMAIL.COM', 'BONIFACINI 3976', 'Santos Lugares', 'REGULAR', 17, '2023-11-28 15:14:03', '2023-11-28 15:14:03'),
(465, 20007668, 'CERANA', 'ANDRES HERNAN', '1968-01-29', '1549356259', 'AHCERANA@YAHOO.COM.AR', 'LUIS MARIA CAMPOS 4333', 'Santos Lugares', 'REGULAR', 18, '2023-11-24 23:49:29', '2023-11-24 23:49:29'),
(121, 20011636, 'GENCHI', 'PATRICIA', '1968-02-19', '01165436119', 'PATRIGENCHI@YAHOO.COM.AR', 'SAN GUILLERMO 6639', 'Martín Coronado', 'REGULAR', 8, '2023-11-13 14:25:34', '2023-11-13 14:25:34'),
(418, 20051418, 'TOLEDO', 'LUIS ADRIAN', '1968-03-02', '1528424049', 'TOLEDOLUIS706@GMAIL.COM', 'ASUNCION 4512', 'Ciudadela', 'REGULAR', 2, '2023-11-22 02:19:13', '2023-11-22 02:19:13'),
(291, 20055682, 'DOWGALUK', 'ALEJANDRO UBALDO', '1968-05-18', '1136589272', 'ALEDOWGANUEVO@YAHHO.COM.AR', 'SAN GUILLERMO 6639', 'Martín Coronado', 'REGULAR', 25, '2023-11-15 23:35:39', '2023-11-15 23:35:39'),
(515, 20229109, 'GAMBOA', 'LAURA ALEJANDRA', '1968-07-19', '1161969951', 'LAURAALEJANDRAGAMBOA9@GMAIL.COM', 'AVENIDA SAN MARTIN 2520.... 6 C', 'Caseros', 'REGULAR', 17, '2024-02-02 02:55:12', '2024-02-02 02:55:12'),
(257, 20281336, 'IRIBARNE', 'JUAN', '1968-05-17', '1541926752', 'JUANIRIBARNE2010@YAHOO.COM.AR', 'JUAN ESTEBAN MARTINEZ 2075', 'No pertenece a 3 de Febrero', 'REGULAR', 25, '2023-11-14 21:01:24', '2023-11-14 21:01:24'),
(475, 20583252, 'RIVAROLA', 'MARIA LUISA', '1968-12-04', '1161799374', 'RIVAROLAMARIALUISA@GMAIL.COM', 'MANUEL QUINTANA 1775', 'Villa Bosch', 'REGULAR', 17, '2023-11-28 14:06:26', '2023-11-28 14:06:26'),
(476, 21019479, 'CEFALI', 'MARIA ISABEL', '2023-11-27', '1523473378', 'ISABELCATANZARO@GMAIL.COM', 'FRANCISCO SIERRA 1795', 'Once de Septiembre', 'REGULAR', 17, '2023-11-28 14:16:50', '2023-11-28 14:16:50'),
(128, 22039615, 'YBAÑEZ', 'MYRIAM ELIZABETH', '1971-01-26', '1563064064', 'MYRIAMYBANEZ71@GMAIL.COM', 'POGGIO 1488', 'Martín Coronado', 'REGULAR', 2, '2023-11-13 14:37:59', '2023-11-13 14:37:59'),
(185, 22297111, 'ZULIANI', 'MARIA', '1971-06-23', '1127711012', 'LICZULIANI@GMAIL.COM', 'AV.MARQUEZ 2521', 'Pablo Podestá', 'REGULAR', 1, '2023-11-13 17:35:30', '2023-11-13 17:35:30'),
(504, 22386395, 'DEL HOYAL', 'SILVINA LAURA', '1971-10-03', '1558562039', 'SILVINADELHOYAL@GMAIL.COM', 'LA CAUTIVA 8019', 'Villa Bosch', 'REGULAR', 8, '2023-12-08 22:01:33', '2023-12-08 22:01:33'),
(416, 22548689, 'PICCININI', 'IRINA', '1972-01-16', '49931306', 'IRINAPICCININI@HOTMAIL.COM', 'FUNCA 6141', 'Ciudad Jardin', 'REGULAR', 2, '2023-11-21 23:32:13', '2023-11-21 23:32:13'),
(194, 22724628, 'VELOZO', 'SILVANA A.E.', '2024-06-25', '1539510004', 'LAGUITARRADESIL@GMAIL.COM', 'L.DE LA TORRE 2085', 'Caseros', 'REGULAR', 2, '2023-11-13 19:22:48', '2023-11-13 19:22:48'),
(99, 24663019, 'TORRES ALVARENGA', 'NANCY ELIZABETH', '1975-03-28', '1168765654', 'NCVM2804@GMAIL.COM', 'M.MORENO 4131', 'Caseros', 'REGULAR', 8, '2023-11-13 13:56:29', '2023-11-13 13:56:29'),
(393, 24788975, 'JARA', 'VIRGINIA ANDREA', '1975-09-18', '1160252314', 'VIRGINIAANDREA677@GMAIL.COM', 'PARACAIDISTA ROCA 2240', 'Ciudad Jardin', 'REGULAR', 3, '2023-11-17 16:05:19', '2023-11-17 16:05:19'),
(508, 25094770, 'VEGA', 'GABRIELA', '1976-01-15', '1132558259', 'GABYGOSPELS@GMAIL.COM', 'AV. HUGO DEL CARRIL 8355', 'Loma Hermosa', 'REGULAR', 8, '2023-12-20 00:17:57', '2023-12-20 00:17:57'),
(449, 25654068, 'TILBE', 'SIBELES ALEJANDRA', '1977-11-16', '1159466903', 'SIBELESTIL@GMAIL.COM', 'LA MERCED 4661', 'Caseros', 'REGULAR', 1, '2023-11-24 02:56:44', '2023-11-24 02:56:44'),
(388, 26240194, 'GOMEZ', 'ALBERTO', '1977-10-01', '1160265124', 'ALBERTOGOMEZ77@HOTMAIL.COM', 'STO PALMA 1280', 'Villa Bosch', 'REGULAR', 1, '2023-11-16 20:45:28', '2023-11-16 20:45:28'),
(172, 27026885, 'GARI', 'NOELIA ROMINA', '1978-12-09', '1168648323', 'NOELIAGARI6@GMAIL.COM', 'FRAY JUSTO SANTA MARIA DE ORO 5465', 'Caseros', 'REGULAR', 8, '2023-11-13 16:20:38', '2023-11-13 16:20:38'),
(236, 28232607, 'TARRAGONA', 'NICOLAS', '1980-06-21', '1168648286', 'NICOLAS21061980@GMAIL.COM', 'FRAY JUSTO SANTA MARIA DE ORO 5465', 'Caseros', 'REGULAR', 8, '2023-11-14 03:24:15', '2023-11-14 03:24:15'),
(191, 28587046, 'LEVY', 'NOELIA  SOLEDAD', '1980-11-14', '1144183288', 'NOELIA_LEVY@HOTMAIL.COM', 'JUAN DE AYOLAS 2918', 'Caseros', 'REGULAR', 8, '2023-11-13 18:52:24', '2023-11-13 18:52:24'),
(272, 29327495, 'SANCHEZ', 'MARIA VICTORIA', '1981-12-25', '1130234336', 'MODVICSAN@GMAIL.COM', 'AVIADOR CURTISS 7051', 'Ciudad Jardin', 'REGULAR', 8, '2023-11-15 16:40:46', '2023-11-15 16:40:46'),
(273, 29569172, 'SANCHEZ', 'EDUARDO ANIBAL', '1981-01-08', '1124045579', 'EDUARDODEN1125@GMAIL', 'BRASIL 956', 'Loma Hermosa', 'REGULAR', 5, '2023-11-15 18:52:57', '2023-11-15 18:52:57'),
(471, 29592146, 'ROMAN', 'MARIA CECILIA', '1982-06-23', '1162411616', 'MCECIROMAN@GMAIL.COM', 'O HIGGINS 3250 PB 2', 'No pertenece a 3 de Febrero', 'REGULAR', 18, '2023-11-25 04:26:03', '2023-11-25 04:26:03'),
(130, 29635961, 'YACCUZZI', 'MELISA CRISTINA', '1982-07-10', '1136940273', 'MELISAYACCUZZI@ABC.GOB.AR', 'FISCHETTI 5036', 'Caseros', 'REGULAR', 25, '2023-11-13 14:43:33', '2023-12-04 20:23:04'),
(473, 29660672, 'PALLARES', 'JORGELINA GRISELDA', '1983-03-01', '1128874407', 'JORGELINAPALLARES@YAHOO.COM.AR', 'OLAVARRIA 2646', 'Caseros', 'REGULAR', 20, '2023-11-27 20:04:46', '2023-11-27 20:04:46'),
(263, 30087613, 'MORENO', 'SOFIA VANINA DE LAS MERCEDES', '1983-03-16', '1138710050', 'SOFIAVANINAMORENO26@GMAIL.COM', 'VALENTIN GOMEZ 4626 PB2', 'Caseros', 'REGULAR', 8, '2023-11-15 00:44:41', '2023-11-15 00:44:41'),
(450, 30128656, 'LORENZO', 'DAMIAN ALFREDO', '1983-11-16', '1570394659', 'MOSKADAMIAN@GMAIL.COM', 'BANDFIELD 527', 'No pertenece a 3 de Febrero', 'REGULAR', 2, '2023-11-24 03:13:22', '2023-11-24 03:13:22'),
(278, 30334937, 'FONTENLA', 'MARIA LAURA', '1983-05-15', '1159668737', 'LAURAFONTENLA@GMAIL.COM', 'PEDRO JOSE LUIS ZAVATARRO 4337', 'Santos Lugares', 'REGULAR', 8, '2023-11-15 19:24:44', '2023-11-15 19:24:44'),
(438, 30982543, 'BRASSEUR', 'NATALIA EMILIA', '1984-04-29', '1130249147', 'NEB_LEF@HOTMAIL.COM', 'BARTOLOME MITRE 4211', 'Caseros', 'REGULAR', 8, '2023-11-23 18:46:47', '2023-11-23 18:46:47'),
(447, 31270853, 'GAUTO', 'JUAN MANUEL GAUTO', '1984-10-17', '1140358543', 'JMGCXXI@GMAIL.COM', 'AV. PTE. PERON 7921', 'Martín Coronado', 'REGULAR', 1, '2023-11-24 02:20:53', '2023-11-24 02:20:53'),
(434, 31722291, 'NECCHI', 'JUAN MANUEL', '1985-07-27', '1150965540', 'JUANMANUEL41985@GMAIL.COM', 'BALDINI 2015', 'Caseros', 'REGULAR', 5, '2023-11-23 18:10:16', '2023-12-07 20:55:56'),
(422, 33669432, 'VAQUINZAY', 'JONATHAN LEONEL', '1988-03-03', '1558719455', 'JONATHANVAQUINZAY88@GMAIL.COM', 'QUINTANA1273', 'Caseros', 'REGULAR', 1, '2023-11-23 11:58:01', '2023-11-23 11:58:01'),
(433, 33993954, 'PEÑALBA', 'NICOLAS', '1985-06-04', '1123185809', 'NICOLASYS250@GMAIL.COM', 'TUCUMAN 720', 'El Libertador', 'REGULAR', 3, '2023-11-23 16:38:23', '2023-11-23 16:38:23'),
(472, 34119921, 'MARTINEZ', 'MICAELA', '1989-06-25', '1134941711', 'MARTINEZMICA@GMAIL.COM', 'DR REBIZZO 4870', 'Caseros', 'REGULAR', 25, '2023-11-25 21:05:21', '2023-11-25 21:05:21'),
(230, 34948257, 'AGUIRRE', 'GUSTAVO MARTIN', '1989-12-23', '1122502730', 'GMAGUIRRE16183@GMAIL.COM', 'WENCESLAO PAUNERO 3537 DTO.1', 'Caseros', 'REGULAR', 2, '2023-11-14 02:34:26', '2023-11-14 02:34:26'),
(399, 35225404, 'FRETES', 'VANESA MARIANA', '1990-02-21', '1166024568', 'FRETESVANESA@GMAIL.COM', 'MITRE 2950', 'Caseros', 'REGULAR', 3, '2023-11-18 01:57:51', '2023-11-18 01:57:51'),
(513, 36399526, 'RAMIREZ', 'ROCIO BELEN', '1992-02-16', '1556693168', 'ROCBEL_15@HOTMAIL.COM', 'IRIGOI 1599', 'No pertenece a 3 de Febrero', 'REGULAR', 8, '2023-12-26 23:39:41', '2023-12-26 23:39:41'),
(421, 36662075, 'TOMEO', 'NATACHA ELIZABETH', '1992-01-18', '1166192012', 'NATACHA_TOMEO@HOTMAIL.COM', 'SARRATEA 3878', 'Caseros', 'REGULAR', 25, '2023-11-23 00:40:29', '2023-11-23 00:40:29'),
(200, 36662390, 'HERRERA', 'ALEJANDRA', '1992-05-01', '1149699874', 'ALEDALILA983@GMAIL.COM', '3564 JUAN MANUEL DE ROSAS', 'Caseros', 'REGULAR', 8, '2023-11-13 19:43:34', '2023-11-13 19:43:34'),
(453, 36954702, 'MELGAREJO', 'MELISA ALEXIA', '1991-10-05', '1130852845', 'MELGAREJO.ALEXIA@GMAIL.COM', 'BELGRANO 4736', 'Caseros', 'REGULAR', 4, '2023-11-24 13:06:52', '2023-11-24 13:06:52'),
(414, 37326475, 'VIACAVA', 'FEDERICO', '1992-09-29', '01125014781', 'FEDERICOVIACAVA25@GMAIL.COM', '1682', 'Villa Bosch', 'REGULAR', 1, '2023-11-21 14:21:55', '2023-11-21 14:21:55'),
(258, 38492717, 'ALTAPARRO', 'FRANCISCO', '1994-10-31', '01123872129', 'FRANCHE.A.A@GMAIL.COM', 'GENERAL HORNOS 1586', 'Caseros', 'REGULAR', 4, '2023-11-14 22:28:08', '2023-11-14 22:28:08'),
(190, 39330605, 'CORDOVA', 'EDGARDO MARTIN', '1995-10-07', '1128635933', 'THIMBIRD_PIANO@HOTMAIL.COM', 'AV. SAN MARTIN 2374', 'Caseros', 'REGULAR', 8, '2023-11-13 18:38:38', '2023-11-13 18:38:38'),
(431, 39390924, 'GODOY', 'INGENS', '1995-12-04', '1173673700', 'INGENSGODOY@GMAIL.COM', 'HUMAITA 3930', 'No pertenece a 3 de Febrero', 'REGULAR', 25, '2023-11-23 16:08:24', '2023-11-23 16:08:24'),
(179, 40352328, 'FERNANDEZ', 'AYELEN GERALDINE', '1991-12-10', '1130172841', 'GERALDINEFERNANDEZ013@HOTMAIL.COM', 'WENCESLAO DE TATA 4672', 'Caseros', 'REGULAR', 3, '2023-11-13 16:38:30', '2023-11-13 16:38:30'),
(367, 40638687, 'MORAGA', 'HORACIO FABIAN', '1997-10-30', '1155151887', 'HORACIOMORAGA97@GMAIL.COM', 'VILLAR 40', 'No pertenece a 3 de Febrero', 'REGULAR', 1, '2023-11-16 12:29:18', '2023-11-16 12:29:18'),
(423, 41009842, 'PEREZ', 'LAUTARO', '1998-03-25', '1134692403', 'LAUTAROPEREZ1717@GMAIL.COM', 'KEPLER 3460', 'Ciudadela', 'REGULAR', 5, '2023-11-23 14:49:34', '2023-11-23 14:49:34'),
(417, 42299065, 'GOMEZ', 'JORDAN', '1999-12-10', '01151367422', 'KEV.GOMEZV@HOTMAIL.COM', 'MANUEL RICARDO TRELLES 1775', 'Caseros', 'REGULAR', 2, '2023-11-22 02:08:09', '2023-11-22 02:08:09'),
(451, 42375185, 'VIVEROS', 'GASTON MAXIMILIANO', '2000-01-28', '1131594189', 'VIVEROSGASTON@GMAIL.COM', 'SAN IGNACIO 1080', 'Ciudadela', 'REGULAR', 8, '2023-11-24 04:14:58', '2023-11-24 04:14:58'),
(487, 42565833, 'GALANTE', 'ROCIO', '2000-04-18', '1161603452', 'ROCIOGALANTE@HOTMAIL.COM', 'JUAN BAUTISTA ALBERDI 4595, CASEROS', 'Caseros', 'REGULAR', 8, '2023-11-29 18:11:02', '2023-11-29 18:11:02'),
(150, 42661258, 'BARRIONUEVO GRILLI', 'SOFIA ALONDRA', '2000-06-23', '1136898814', 'ALODOLLALO@GMAIL.COM', 'ORENSE 480', 'Lomas del Palomar', 'REGULAR', 8, '2023-11-13 15:03:10', '2023-11-13 15:03:10'),
(430, 42776572, 'MOLINAS', 'FERNANDA ISABEL', '2000-12-03', '1140823912', 'FEROLINAS031@GMAIL.COM', 'CAPITAN ROSALES 4519', 'Ciudadela', 'REGULAR', 3, '2023-11-23 15:31:10', '2023-11-23 15:31:10'),
(468, 42905975, 'CEPEDA', 'JULIAN', '2000-12-27', '1166060373', 'JULIIANCEPEDA18@GMAIL.COM', 'SAN GERONIMO 976', 'Caseros', 'REGULAR', 2, '2023-11-25 01:32:25', '2023-11-25 01:32:25'),
(405, 43729291, 'ALVAREZ', 'ALAN EZEQUIEL', '2001-10-10', '1138885759', 'ALANDRAKE01@GMAIL.COM', 'LAS FLORES 10.254', 'El Libertador', 'REGULAR', 2, '2023-11-19 01:38:53', '2023-11-19 01:38:53'),
(362, 43783296, 'OJEDA', 'MICAELA', '2001-11-27', '1151145966', 'MYCAGAMBOA19@GMAIL.COM', 'RIO TERCERO 1438', 'Caseros', 'REGULAR', 2, '2023-11-16 04:01:06', '2023-11-16 04:01:06'),
(235, 43863490, 'GONZALEZ', 'MILAGROS NATALIE', '2001-12-27', '1130615419', 'MILI.GONZALEZN1312@GMAIL.COM', 'FRANCISCO MORAGA 1142', 'Lomas del Palomar', 'REGULAR', 25, '2023-11-14 02:51:46', '2023-11-14 02:51:46'),
(484, 44486768, 'LUJAN', 'AVRIL', '2003-03-28', '1157218963', 'AVRILCATH4@GMAIL.COM', 'SANTA RITA 8526', 'Loma Hermosa', 'REGULAR', 3, '2023-11-28 20:35:57', '2023-11-28 20:35:57'),
(462, 44755235, 'TARRAGONA GARI', 'CANDELA LUDMILA', '2003-04-05', '01131360224', 'CANDELA.TARRAGONAGARI@GMAIL.COM', 'FRAY JUSTO SANTA MARIA DE ORO 5465', 'Caseros', 'REGULAR', 8, '2023-11-24 22:41:54', '2023-12-22 22:45:09'),
(397, 44940258, 'PETTINE', 'CRISTIAN GONZALO', '2003-06-04', '1122796890', 'CGPETTINE@GMAIL.COM', 'ESQUIU 4750', 'Caseros', 'REGULAR', 1, '2023-11-17 20:03:32', '2023-11-17 20:03:32'),
(250, 45014853, 'ECHEVARRIA SUTZ', 'ZOE CANDELA', '2003-09-03', '1153883973', 'MERAKY.CIELO@GMAIL.COM', 'AV. AMERICA 621', 'Sáenz Peña', 'REGULAR', 8, '2023-11-14 16:59:54', '2023-11-14 16:59:54'),
(218, 45317910, 'CALDERON', 'MILENA SOFIA', '2003-09-08', '1157955449', 'MIMICALDERONN@GMAIL.COM', 'RAMON IRIBARREN 2747', 'Caseros', 'REGULAR', 2, '2023-11-14 00:51:08', '2023-11-14 00:51:08'),
(275, 45747806, 'JIMENEZ', 'MARTINA SOFIA', '2004-04-07', '1137969100', 'MARTINUCHA74@GMAIL.COM', 'AVENIDA SAN MARTIN 2889', 'Caseros', 'REGULAR', 8, '2023-11-15 18:56:09', '2023-11-15 18:56:09'),
(455, 46281636, 'CARBO', 'LUCIANO BENJAMIN', '2005-02-24', '1130006672', 'LUBENJAMIN60@GMAIL.COM', 'MONTEAGUDO 823', 'Villa Bosch', 'REGULAR', 1, '2023-11-24 17:08:09', '2023-11-24 17:08:09'),
(207, 46290144, 'PRETE', 'LOURDES MAGALI', '2004-11-18', '1121572396', 'LOURDESPRETE04@GMAIL.COM', 'CHICLANA 2670', 'Caseros', 'REGULAR', 8, '2023-11-13 21:22:48', '2023-11-13 21:22:48'),
(469, 46362535, 'RODRIGUEZ', 'CANDELA', '2004-09-19', '1122536968', 'CANDELAR328@GMAIL.COM', 'JUAN DE GARAY 4928', 'Caseros', 'REGULAR', 1, '2023-11-25 02:15:05', '2023-11-25 02:15:05'),
(461, 46421538, 'CERANA', 'ALEN EMANUEL', '2005-01-19', '1144457212', 'LICPERELLI@GMAIL.COM', 'LUIS MARIA CAMPOS 4333', 'Caseros', 'REGULAR', 1, '2023-11-24 22:07:45', '2023-11-24 22:07:45'),
(227, 46440023, 'TARRAGONA GARI', 'JAZMIN MAGALI', '2005-01-05', '1126407581', 'TARRAGONAJAZMIN52@GMAIL.COM', 'SANTA MARIA DE ORO 5465', 'Caseros', 'REGULAR', 3, '2023-11-14 02:20:58', '2023-11-23 14:30:51'),
(452, 46631970, 'MARCHETTI DIAZ', 'ABBIGAIL MILAGROS', '2005-08-07', '1156544793', 'ABBIGAILMILAGROS33@GMAIL.COM', 'PERDIGUERO 2150', 'Caseros', 'REGULAR', 1, '2023-11-24 12:07:29', '2023-11-28 12:38:35'),
(243, 46826396, 'INSFRAN', 'DANISA MAITE', '2005-10-02', '1136365747', 'DANISAINSFRAN@GMAIL.COM', 'FRANCISCO LAGORIO 1445', 'Martín Coronado', 'REGULAR', 20, '2023-11-14 10:50:24', '2023-11-14 10:50:24'),
(512, 46958181, 'RODRIGUEZ PENA', 'LUCAS NICOLAS', '2005-09-21', '1155031073', 'RODRIGUEZPENALUCAS@GMAIL.COM', 'GRANADEROS 307', 'Caseros', 'REGULAR', 18, '2023-12-21 20:46:50', '2024-02-19 23:33:48'),
(249, 46961490, 'MATANOWSKI', 'LUCAS ADAN', '2005-11-13', '1132703523', 'LUCASADAN1341@GMAIL.COM', 'SANTA JUANA DE ARCO 3905', 'Ciudadela', 'REGULAR', 2, '2023-11-14 16:53:19', '2023-11-14 16:53:19'),
(214, 47096655, 'PAPARELLO', 'PRISCILA MARIEL', '2005-11-22', '1128842175', 'PRISCILAPAPARELLO56@GMAIL.COM', 'MARTIN RODRIGUEZ 4183', 'Caseros', 'REGULAR', 8, '2023-11-13 23:33:47', '2023-11-13 23:33:47'),
(271, 47377946, 'REYNOSO DUNJO', 'JULIANA CAROLINA', '2006-06-09', '1126827496', 'JRDUNJO@GMAIL.COM', 'LAGORIO 1574 PB MARTIN CORONADO', 'Caseros', 'REGULAR', 3, '2023-11-15 14:58:10', '2023-11-15 14:58:10'),
(392, 47553599, 'PRIMAVERA', 'TANIA', '2006-10-31', '1141688556', 'TANIAPRIMAVERA99@GMAIL.COM', 'OLAVARRIA 2687', 'Caseros', 'REGULAR', 20, '2023-11-17 00:14:59', '2023-11-17 00:14:59'),
(395, 47697650, 'ANACORETO BENITEZ', 'LEON JOAQUIN', '2007-02-06', '1140377792', 'LEONANACORETO@GMAIL.COM', 'AV MARQUEZ 2521 MANZANA 63 CASA 29', 'Pablo Podestá', 'REGULAR', 1, '2023-11-17 16:45:55', '2023-11-17 16:45:55'),
(502, 47938630, 'MORENO', 'AZUL LUISINA', '2007-07-13', '01138710050', 'AZULITITA48@GMAIL.COM', '4626 VALENTIN GOMEZ', 'Caseros', 'REGULAR', 6, '2023-12-04 21:17:33', '2023-12-04 21:17:33'),
(412, 48434401, 'HUGUETTI', 'VALENTINA BELEN', '2007-11-12', '1132052390', 'VALENTINA.HUGUE@GMAIL.COM', 'CURAPALIGUE 1684', 'Caseros', 'REGULAR', 1, '2023-11-20 03:52:06', '2023-11-20 03:52:06'),
(424, 49058827, 'PERSICO', 'JOAQUIN AMIR', '2008-10-22', '1126340570', 'PERSICOJOAQUIN2@GMAIL.COM', 'AZCUENAGA 4219', 'Caseros', 'REGULAR', 2, '2023-11-23 15:01:08', '2023-12-13 21:40:21'),
(467, 49177144, 'DONAIRE GOMEZ', 'PRISCILA MELANIE', '2009-01-22', '1151120061', 'DANIELAIVANAGOMEZ@GMAIL.COM', 'FRANCISCO LAGORIO 628', 'Villa Bosch', 'REGULAR', 9, '2023-11-25 01:13:04', '2023-11-25 01:13:04'),
(420, 49254590, 'INSFRAN', 'ALLEGRA MIA', '2009-05-17', '36600870', 'INSFRANALLEGRA@GMAIL.COM', 'FRANCISCO LAGORIO 1445', 'Caseros', 'REGULAR', 8, '2023-11-22 18:13:05', '2023-11-23 14:31:24'),
(509, 49371811, 'CAMBRIA RICCARDI', 'JUAN JOSE', '2009-04-15', '1150416889', 'JUANJOSECAMBRIARICCARDI@GMAIL.COM', 'CHILE 1412', 'Villa Raffo', 'REGULAR', 3, '2023-12-21 20:25:18', '2023-12-21 20:25:18'),
(429, 49423967, 'MAIDANA', 'ELIAN EMILIANO', '2009-06-13', '1121931203', 'NICROSIODAIANA9@GMAIL', 'CERRO MERCEDARIO', 'Caseros', 'REGULAR', 1, '2023-11-23 15:14:34', '2023-11-23 15:14:34'),
(384, 49526314, 'PEYRANO AYGULIAN', 'ESMERALDA MIRTA', '2009-10-20', '1136555565', 'ESMERALDAPEYRANO2022@GMAIL.COM', 'CASEROS 3563', 'Caseros', 'REGULAR', 10, '2023-11-16 19:46:31', '2023-11-16 19:46:31'),
(435, 49555250, 'BUSTOS', 'MIA GISELA', '2009-06-22', '1165630439', 'GISELAMIA49@GMAIL.COM', '3 DE FEBRERO 3146', 'Caseros', 'REGULAR', 11, '2023-11-23 18:29:43', '2023-11-23 18:29:43'),
(180, 49743715, 'UGOLINI', 'NAHIARA LUDMILA', '2009-09-19', '1150070445', 'UGOLININAHIARA@GMAIL.COM', 'EVARISTO CARRIEGO 2365', 'Pablo Podestá', 'REGULAR', 9, '2023-11-13 16:44:03', '2023-11-13 16:44:03'),
(428, 49901203, 'TEMPIO', 'LUDMILA ABRIL', '2009-11-17', '1560105333', 'LOSADALAURA789@GMAIL.COM', 'SANTIAGO PARODI 4440', 'Caseros', 'REGULAR', 11, '2023-11-23 15:12:08', '2023-11-23 15:12:08'),
(466, 50031669, 'VIDUEIRA YACCUZZI', 'MATEO', '2010-03-05', '1136940273', 'MATEOVIDUEIRA10@GMAIL.COM', 'FISCHETTI 5036', 'Caseros', 'REGULAR', 1, '2023-11-25 00:43:14', '2023-11-25 00:43:14'),
(292, 50031734, 'SANCHEZ GARCIA', 'BIANCA LARA', '2010-02-18', '1554731881', 'LAU.87GARCIA@GMAIL.COM', 'FISCHETTI 4967', 'Caseros', 'REGULAR', 10, '2023-11-15 23:39:24', '2023-11-15 23:39:24'),
(216, 50074354, 'RIO', 'CAMILA', '2010-02-28', '1138630537', 'MAPALACIOSPFG@GMAIL.COM', 'AVENIDA SAN MARTIN 3855', 'Caseros', 'REGULAR', 10, '2023-11-13 23:57:16', '2023-11-13 23:57:16'),
(511, 50227793, 'SILVA', 'SOFIA', '2010-08-27', '1155127040', 'CARLASARLI3F@GMAIL.COM', 'MARTIN PESCHEL 1128', 'Caseros', 'REGULAR', 10, '2023-12-21 20:42:07', '2023-12-21 20:42:07'),
(97, 50417705, 'DI LAURI', 'LISANDRO ROMAN', '2010-08-26', '1162829399', 'DILAURISEGUROS@YAHOO.COM.AR', 'PAUNERO 3514', 'Caseros', 'REGULAR', 1, '2023-11-13 13:42:37', '2023-11-13 13:42:37'),
(419, 50538840, 'AGUILAR BEJNAR', 'BRUNO', '2010-11-02', '1133895130', 'NATYBEJNAR@GMAIL.COM', 'BONIFACINI 4150', 'Santos Lugares', 'REGULAR', 11, '2023-11-22 11:05:13', '2023-11-22 11:05:13'),
(221, 50725222, 'PEREIRA VARELA', 'RUTH NATALIE', '2010-12-24', '1123242154', 'ALMA_PORA@HOTMAIL.COM', 'AV. SAN MARTIN 2181', 'Caseros', 'REGULAR', 11, '2023-11-14 01:26:53', '2023-11-14 01:26:53'),
(425, 50800858, 'UBEDA', 'JAZMIN', '2011-01-25', '1126419812', 'UBEDA.AIMY@GMAIL.COM', 'MOSCONI 2625', 'Sáenz Peña', 'REGULAR', 7, '2023-11-23 15:09:25', '2023-11-23 15:09:25'),
(192, 50861004, 'ARRIOLA', 'VICTORIA', '2011-02-23', '1162073796', 'CATUPECU350@GMAIL.COM', 'ANGEL PINI 4883', 'Caseros', 'REGULAR', 1, '2023-11-13 18:56:18', '2023-11-13 18:56:18'),
(136, 51072446, 'GOMEZ', 'MATEO ANTONIO', '2011-04-14', '1159971186', 'GOMEZSERGIOMATIAS@GMAIL.COM', 'MARTIN DE ALZAGA 3359', 'Caseros', 'REGULAR', 10, '2023-11-13 14:51:30', '2023-11-13 14:51:30'),
(209, 51260519, 'MELGAREJO TORRES', 'MAXIMA SOFIA', '2011-08-29', '1168765654', 'VICKYAGUSMEL10@GMAIL.COM', 'M.MORENO 4131', 'Caseros', 'REGULAR', 11, '2023-11-13 21:46:30', '2023-11-13 21:46:30'),
(122, 51268304, 'IMBROGNO', 'GRETEL', '2011-07-22', '1159727259', 'MIAMADAGRETEL@GMAIL.COM', 'MARCO POLO 4980', 'Caseros', 'REGULAR', 9, '2023-11-13 14:27:12', '2023-11-13 14:27:12'),
(203, 51396610, 'ORSETTI', 'VALENTINO', '2011-09-21', '1161131775', 'JBONACOR044@GMAIL.COM', '7725 LA CAUTIVA', 'Villa Bosch', 'REGULAR', 9, '2023-11-13 19:46:43', '2023-11-13 19:46:43'),
(456, 51430440, 'STUR', 'GONZALO EZEQUIEL', '2011-10-12', '01171185678', 'TERESITADELROSARIOMAGUNA@GMAIL.COM', 'ALVEAR 2326', 'Caseros', 'REGULAR', 2, '2023-11-24 17:56:32', '2023-11-24 17:56:32'),
(124, 51583592, 'ALVAREZ', 'EUGENIA MURIEL', '2011-11-18', '1573682428', 'STELLAZUTTION2012@YAHOO.COM.AR', 'PASTORINO 990', 'Sáenz Peña', 'REGULAR', 2, '2023-11-13 14:28:36', '2023-11-13 14:28:36'),
(394, 51588307, 'Fernández D\'Andrea', 'Benjamín Ignacio', '2011-12-23', '1157222874', 'gabrielasdandrea@gmail.com', 'Carhué 4566', 'Caseros', 'REGULAR', 10, '2023-11-17 16:12:39', '2023-11-17 16:12:39'),
(101, 52018269, 'GOROSTIAGA VELLA', 'NARELLA', '2012-01-23', '1165934543', 'FLAVIVELL@GMAIL.COM', 'ESTEBAN MERLO 5873', 'Caseros', 'REGULAR', 11, '2023-11-13 14:00:34', '2023-11-13 14:00:34'),
(135, 52091933, 'PARIS', 'JAZMIN AVRIL', '2011-12-14', '1156636325', 'PARISSEBASTIAN@HOTMAIL.COM', 'CARLOS DARWIN 1051', 'Villa Bosch', 'REGULAR', 11, '2023-11-13 14:50:26', '2023-11-13 14:50:26'),
(256, 52095765, 'CALAFELL QUAGLIA', 'TATIANA', '2012-01-25', '01136595989', 'VIRGINIAQUAGLIA@HOTMAIL.COM', 'SARMIENTO 2761  PISO 1 DEPTO F', 'Caseros', 'REGULAR', 12, '2023-11-14 20:47:17', '2023-11-14 20:47:17'),
(119, 52167049, 'TERRONES LOPEZ', 'PATRICIO BENJAMIN DENIS', '2012-01-30', '1533019266', 'GISEL_2012A@HOTMAIL.COM', 'CORONEL PRINGLES', 'Caseros', 'REGULAR', 10, '2023-11-13 14:18:57', '2023-11-13 14:18:57'),
(396, 52196822, 'UGOLINI', 'XIOMARA AYLEN', '2012-02-21', '1150070445', 'UGOLINIXIOMARA@GMAIL.COM', 'EVARISTO CARRIEGO 2365', 'Pablo Podestá', 'REGULAR', 10, '2023-11-17 18:40:59', '2023-11-17 18:40:59'),
(224, 52451021, 'GOGGI', 'FRANCESCA', '2012-04-24', '1133213319', 'ROMINAFRANCHE29@GMAIL.COM', 'MARCO POLO 5295', 'Villa Bosch', 'REGULAR', 9, '2023-11-14 01:37:32', '2023-11-14 01:37:32'),
(215, 52458952, 'ROMEO', 'BRUNELA', '2012-05-28', '1165201917', 'CLAUDIOJROMEO@GMAIL.COM', 'MAGDALENA 4469', 'Caseros', 'REGULAR', 11, '2023-11-13 23:34:55', '2023-11-13 23:34:55'),
(123, 52704440, 'SOTO', 'SOFIA SHAIEL', '2012-08-19', '1138300177', 'KARICAM1@YAHOO.COM.AR', 'URQUIZA 4750', 'Caseros', 'REGULAR', 9, '2023-11-13 14:28:30', '2023-11-13 14:28:30'),
(201, 52712303, 'PAREDES POMA', 'MAGALI LAURA', '2012-12-02', '1123897469', 'JUANAPOMAARUNI@GMAIL.COM', 'AV. J.B. JUSTO # 3882', 'Ciudadela', 'REGULAR', 9, '2023-11-13 19:43:47', '2023-11-13 19:43:47'),
(138, 52983746, 'OLMOS', 'FELIPE ANDRE', '2013-02-01', '1166121989', 'VANESAALE19@GMAIL.COM', 'LARRALDE 2145', 'Caseros', 'REGULAR', 9, '2023-11-13 14:54:06', '2023-11-13 14:54:06'),
(247, 53051983, 'TORRES', 'MILENA PRISCILLA', '2013-04-08', '01127453377', 'ROCHAYAEL26@GMAIL.COM', 'PERDIGUERO, 2192 TIMBRE 1', 'Caseros', 'REGULAR', 10, '2023-11-14 14:40:49', '2023-11-14 14:40:49'),
(443, 53085237, 'OCAMPO AZAÑA', 'EMANUEL EZEQUIEL', '2013-03-02', '1535831170', 'NAN_EDITHAR@HOTMAIL.COM', 'AV.RODRIGUEZ PEÑA 1770', 'Santos Lugares', 'REGULAR', 10, '2023-11-23 23:16:35', '2023-11-23 23:16:35'),
(499, 53151141, 'CISNEROS SISTO', 'ANGELA CAMILA', '2013-05-27', '1134971894', 'SOLESISTO@HOTMAIL.COM', 'FELIX BALLESTER 474', 'Ciudadela', 'REGULAR', 18, '2023-12-02 00:25:58', '2023-12-02 00:25:58'),
(403, 53329310, 'MORENO', 'LUIS FELIPE FERNANDO', '2013-07-23', '01138710050', 'LUISDELVALLEMORENO@TRABAJO.GOB.AR', '4626  PB 2 VALENTIN GOMEZ', 'Caseros', 'REGULAR', 1, '2023-11-19 00:39:21', '2023-11-19 00:39:21'),
(411, 53373187, 'GRILLO', 'GERONIMO ISAIAS', '2013-10-04', '1131623177', 'CREMASARNICA1@HOTMAIL.COM', 'LUCIO MANSILLA', 'Pablo Podestá', 'REGULAR', 1, '2023-11-19 21:23:32', '2023-11-19 21:23:32'),
(402, 53434835, 'KANNEMAN', 'TIZIANA LUDMILA', '2013-10-07', '1137699593', 'YESICADICERBO@GMAIL.COM', 'SUDAMERICA 1463', 'Santos Lugares', 'REGULAR', 11, '2023-11-18 17:06:13', '2023-11-18 17:06:13'),
(126, 53856369, 'CALZADO LOMBI', 'CATALINA', '2014-04-16', '1165115902', 'LAURALOMBI@HOTMAIL.COM', 'PERU 2664', 'Caseros', 'REGULAR', 9, '2023-11-13 14:33:38', '2023-11-13 14:33:38'),
(199, 53976180, 'FERRARI', 'LOLA CATALINA', '2014-06-09', '1134971184', 'ADANIELALOPEZ@HOTMAIL.COM', 'SARMIENTO 2851', 'Caseros', 'REGULAR', 9, '2023-11-13 19:34:27', '2023-11-17 19:12:23'),
(228, 54095446, 'FERNANDEZ THOULUC', 'LUPE', '2014-05-08', '1159902076', 'THOULUCSABRINA@HOTMAIL.COM', 'CARHUE 4451 2DO', 'Caseros', 'REGULAR', 9, '2023-11-14 02:24:21', '2023-11-14 02:24:21'),
(432, 54101006, 'CASARES VARRICA', 'UMMA NATALI', '2014-07-15', '1553453174', 'ROUMMA123@GMAIL.COM', 'PRESIDENTE PERON 5624', 'Caseros', 'REGULAR', 9, '2023-11-23 16:19:48', '2023-11-23 16:19:48'),
(457, 55067855, 'VIDUEIRA YACCUZZI', 'SANTIAGO', '2015-09-18', '01136940273', 'MELISAYACCUZZI@GMAIL.COM', 'FISCHETTI 5036', 'Caseros', 'REGULAR', 16, '2023-11-24 19:23:43', '2023-11-24 19:23:43'),
(441, 55069794, 'LAPALMA', 'CECILIA', '2015-11-01', '1155851026', 'INGRID081990SEGO@HOTMAIL.COM', 'WENCESLAO DE TATA  4664', 'Caseros', 'REGULAR', 16, '2023-11-23 21:07:36', '2023-11-23 21:07:36'),
(415, 55187737, 'VIACAVA', 'MILENA SOFIA', '2016-03-11', '01125014781', 'VIACAVA475@ABC.GOB.AR', '1682', 'Caseros', 'REGULAR', 9, '2023-11-21 14:25:33', '2023-11-21 14:25:33'),
(460, 55601839, 'IMBROGNO', 'VICENTE', '2016-05-03', '1159727259', 'NATTPERSICO@HOTMAIL.COM', 'MARCO POLO 4980', 'Caseros', 'REGULAR', 16, '2023-11-24 22:07:29', '2023-11-24 22:07:29'),
(436, 56262124, 'KAMIEN BRASSEUR', 'ALEJO', '2017-06-04', '1130249147', 'NATALIA.BRASSEUR.84@GMAIL.COM', 'BARTOLOME MITRE 4211', 'Caseros', 'REGULAR', 16, '2023-11-23 18:31:20', '2023-11-23 18:31:20'),
(494, 56789012, 'DA VINCI', 'LEONARDO', '1986-09-12', '1147586947', 'EMMU3FDIRECCION+9@GMAIL.COM', 'VALENTIN GOMEZ 4724', 'Caseros', 'INGRESANTE', 4, '2023-11-29 21:44:07', '2023-11-29 21:54:17'),
(442, 92146759, 'LOPEZ SILVERO', 'PAULINA', '1960-01-26', '1137001371', 'LOPEZSILVEROP2@GMAIL.COM', 'D.MAGDALENA 2646 3A', 'Caseros', 'REGULAR', 1, '2023-11-23 22:48:36', '2023-11-23 22:48:36'),
(259, 92996944, 'PENAYO', 'MILKA', '1966-05-16', '1159896145', 'MILKAPENAYO@GMAIL.COM', 'GUAMINI 5643', 'Caseros', 'REGULAR', 3, '2023-11-14 22:43:32', '2023-11-14 22:43:32'),
(488, 93334830, 'CAROSELLA', 'RITA', '1939-12-08', '2964513572', 'RITA812@HOTMAIL.COM.AR', 'AVENIDA SAN MARTIN 1768', 'Caseros', 'REGULAR', 17, '2023-11-29 20:01:34', '2023-11-29 20:01:34'),
(489, 93342493, 'CAROSELLA', 'TOSCA', '1945-03-23', '1144199401', 'CAROSELLATOSCA@GMAIL.COM', 'AVENIDA SAN MARTIN 1768', 'Caseros', 'REGULAR', 17, '2023-11-29 20:46:33', '2023-11-29 20:46:33'),
(277, 94360218, 'BAZAN CASTRO', 'PATRICIA CARLA', '1972-11-02', '1166848072', 'BAZANPATTY2122@GMAIL.COM', 'BETHARRAM 1240', 'Villa Bosch', 'REGULAR', 8, '2023-11-15 19:05:24', '2023-11-15 19:05:24'),
(458, 94801070, 'ACOSTA CASTILLO', 'BRISA NOELI', '2005-03-23', '1161564736', 'CASTILLOBRISANOELI23@GMAIL.COM', 'MANUEL QUINTAN 1840', 'Caseros', 'REGULAR', 25, '2023-11-24 19:56:29', '2023-11-24 19:56:29'),
(446, 94854102, 'LISMAN MOLINA', 'CATHARINA REBECA', '1982-07-19', '1526728496', 'LMOLINACATHARINA@ABC.GOB.AR', 'PERDIGUERO 1319', 'Caseros', 'REGULAR', 1, '2023-11-24 01:01:34', '2023-11-24 01:01:34'),
(427, 95313839, 'ESCOBAR SISNIEGAS', 'FLAVIA ANDREA', '1992-04-14', '1130373949', 'FAES.UV@GMAIL.COM', 'REPUBLICA 5935', 'Caseros', 'REGULAR', 26, '2023-11-23 15:11:54', '2023-12-21 19:00:02'),
(454, 95726520, 'PEREZ NERI', 'ARIANNA ALESSANDRA', '2015-06-22', '1137040694', 'EPERE18@HOTMAIL.COM', 'AV. MITRE 3533 PISO 3 DPTO C', 'Caseros', 'REGULAR', 9, '2023-11-24 13:43:57', '2023-11-24 13:43:57'),
(98, 95726694, 'PEREZ NERI', 'ANDRES ALEJANDRO', '2009-09-18', '1137040694', 'NERIYOU@HOTMAIL.COM', 'AV. MITRE 3533 PISO 3 DPTO C', 'Caseros', 'REGULAR', 10, '2023-11-13 13:49:21', '2023-11-13 13:49:21'),
(100, 95780174, 'RUBIO TORRES', 'MATHIAS ANDRES', '2013-05-06', '1156260877', 'TORRESPATRICIA419@GMAIL.COM', 'HORNOS 2785', 'Caseros', 'REGULAR', 9, '2023-11-13 13:59:03', '2023-11-13 13:59:03'),
(246, 95783315, 'HERNANDEZ ECHEVERRY', 'YUSBELY CAROLINA', '2006-10-30', '1131669030', 'YUSBELYECHEVERRY1234@GMAIL.COM', 'SOLDADO CABALLERO 8947', 'Pablo Podestá', 'REGULAR', 8, '2023-11-14 13:32:29', '2023-11-14 13:32:29'),
(445, 95798454, 'TORRES MENDOZA', 'FABIANA VALENTINA', '2014-10-01', '1127726929', 'VEMC1808@GMAIL.COM', 'MARIANO MORENO 5553', 'Caseros', 'REGULAR', 15, '2023-11-24 00:57:00', '2023-11-24 00:57:00'),
(439, 95909656, 'URIBE FLORES', 'SELESTE ANDREINA', '2016-03-09', '11 2895 0599', 'ODYVET13@GMAIL.COM', 'WENCESLAO  DE TATA 4941', 'Caseros', 'REGULAR', 16, '2023-11-23 19:56:49', '2023-11-23 19:56:49'),
(158, 95938822, 'SUAREZ FIGUEROA', 'JOSEPH DMITRY IVANOVSKY', '2013-03-22', '1131488972', 'ISFD34FIGUEROALUISAALEJANDRA@GMAIL.COM', 'RIO NEGRO 9970', 'Once de Septiembre', 'REGULAR', 11, '2023-11-13 15:35:07', '2023-11-13 15:35:07'),
(154, 95992732, 'GOITIA BECERRA', 'KIARA VALENTINA', '2023-10-16', '1159958779', 'BECERRA.ADRI@GMAIL.COM', '3 DE FEBRERO 3787', 'Caseros', 'REGULAR', 9, '2023-11-13 15:13:49', '2023-11-13 15:13:49'),
(149, 96000341, 'LOPEZ AYLLON', 'DANNA GUISELLA', '2009-08-16', '1167266510', 'MIREYA_28AV@HOTMAIL.COM', 'PRINGLES3940', 'Caseros', 'REGULAR', 10, '2023-11-13 15:01:42', '2023-11-13 15:01:42'),
(204, 96004967, 'CONSTANTE PARRA', 'ROMINA DAMARYS', '2002-03-06', '1136753749', 'DAMARYSCONSTANTE01@GMAIL.COM', 'ARTURO ILLIA 1470', 'Caseros', 'REGULAR', 1, '2023-11-13 19:48:59', '2023-11-13 19:48:59'),
(400, 96011038, 'URREA HERNANDEZ', 'DARLLY YIMAR', '2005-10-26', '1122526634', 'LIZDARLLY15@GMAIL.COM', 'AGUERO 2806', 'Caseros', 'REGULAR', 1, '2023-11-18 02:08:24', '2023-11-18 02:08:24'),
(390, 96035591, 'RODRIGUEZ GONZALEZ', 'BRENDA ELIZABETH', '1983-12-06', '1168980340', 'BRENDAELIZABETHR06@GMAIL.COM', 'BELGRANO 4736', 'Caseros', 'REGULAR', 5, '2023-11-16 23:54:39', '2023-11-16 23:54:39'),
(391, 96035594, 'RIVERO RODRIGUEZ', 'FERNANDO DAVID', '2015-02-10', '1168980340', 'RIVERODN@GMAIL.COM', 'BELGRANO 4736', 'Caseros', 'REGULAR', 15, '2023-11-16 23:58:57', '2023-11-23 15:52:46'),
(437, 96042508, 'SZULCZUK', 'PAULA', '2017-02-24', '1158968410', 'DUBRASKAAGUILAR5@GMAIL.COM', 'AV RODRIGUEZ PEÑA', 'Santos Lugares', 'REGULAR', 9, '2023-11-23 18:35:48', '2023-11-23 18:35:48'),
(398, 96051484, 'CONSTANTE PARRA', 'ANGELA ISABEL', '2004-11-30', '64649120', 'CONSTANTEISABEL298@GMAIL.COM', 'ARTURO IIIIA 1450', 'Caseros', 'REGULAR', 8, '2023-11-18 01:40:20', '2023-11-23 14:31:55'),
(184, 96066175, 'LUNA GONZALEZ', 'DIEGO ALEXANDER', '2013-12-26', '1166054339', 'LUNA.DIEGO.GA@GMAIL.COM', 'LAPRIDA 4504', 'Caseros', 'REGULAR', 1, '2023-11-13 17:30:33', '2023-11-13 17:30:33'),
(181, 96095554, 'ESTRELLA GONCALVES', 'SAMUEL ADRIAN', '2015-02-19', '1176074854', 'YURIANNY021@GMAIL.COM', 'BERNARDO DE MONTEAGUDO 769', 'Villa Bosch', 'REGULAR', 10, '2023-11-13 16:48:55', '2023-11-13 16:48:55'),
(171, 96095882, 'GONZALEZ GONCALVES', 'XIANNYS DANIELA', '2009-10-07', '1173601699', 'YURIANNY022@GMAIL.COM', 'BERNARDO DE MONTEAGUDO 769', 'Villa Bosch', 'REGULAR', 11, '2023-11-13 16:19:32', '2023-11-13 16:19:32'),
(409, 96113788, 'TORRELLAS RODRIGUEZ', 'CAMILA VALENTINA', '2012-02-22', '1140901719', 'CARLARODRIGUEZALMAXXII@GMAIL.COM', 'PRINGLES 787', 'No pertenece a 3 de Febrero', 'REGULAR', 1, '2023-11-19 15:42:56', '2023-11-19 15:42:56'),
(110, 96118126, 'TORRELLAS RODRIGUEZ', 'JUAN DIEGO', '2013-09-13', '1140901719', 'CERTS.022@GMAIL.COM', 'PRINGLES 787', 'No pertenece a 3 de Febrero', 'REGULAR', 9, '2023-11-13 14:11:18', '2023-11-13 14:11:18'),
(500, 96128315, 'SALINAS CHAPARRO', 'DANTE ALEJANDRO', '2010-06-03', '1124003045', 'CHAITANIACELLIST@GMAIL.COM', 'MANZANA 66 CASA 3 ALTOS DE PODESTA', 'Pablo Podestá', 'REGULAR', 9, '2023-12-03 11:38:45', '2023-12-03 11:38:45'),
(501, 96136405, 'SALINAS CHAPARRO', 'SHANTAL NATALI', '2012-12-29', '1124003045', 'SALINASMUSIKER@GMAIL.COM', 'MANZANA 66 CASA 3 ALTOS DE PODESTA', 'Pablo Podestá', 'REGULAR', 9, '2023-12-03 12:00:55', '2023-12-03 12:00:55'),
(408, 96136925, 'NERI', 'FABRIZIO', '2017-01-21', '1171358044', 'PATRICIAPEREZCONTRERAS@GMAIL.COM', 'CAVASA 2822 CON MORENO. PARTIDO TRES DE FEBRERO', 'Caseros', 'REGULAR', 16, '2023-11-19 15:21:23', '2023-11-19 15:21:23'),
(407, 96172117, 'NERI', 'PAOLO', '2015-01-20', '71358044', 'PATRICIANERIPEREZ@GMAIL.COM', 'CAVASA 2822 CON MORENO. PARTIDO TRES DE FEBRERO', 'Caseros', 'REGULAR', 10, '2023-11-19 15:14:22', '2023-11-19 15:14:22'),
(444, 96206947, 'AÑEZ FERRER', 'ANDRES ELOY', '1991-12-22', '3885261058', 'ANDRESSELOYANEZ@GMAIL.COM', 'GENERAL HORNOS', 'Caseros', 'REGULAR', 7, '2023-11-24 00:25:54', '2023-11-24 00:25:54'),
(248, 96277189, 'BARRIOS SALGADO', 'HEILLY CAROLINA', '2003-10-14', '91123987411', 'HEILLYCAROLINABARRIOS@GMAIL.COM', 'JOSE BIANCO 795', 'Lomas del Palomar', 'REGULAR', 18, '2023-11-14 16:18:13', '2023-11-14 16:18:13');

-- --------------------------------------------------------

--
-- Estructura de tabla para la tabla `examenes_fechas`
--

CREATE TABLE `examenes_fechas` (
  `id` int(11) NOT NULL,
  `id_catedra` int(11) NOT NULL,
  `aula` varchar(11) NOT NULL,
  `fecha` date NOT NULL,
  `hora_comienzo` varchar(255) NOT NULL,
  `hora_finalizacion` varchar(255) NOT NULL,
  `presidente` int(11) NOT NULL,
  `vocal1` int(11) NOT NULL,
  `vocal2` int(11) NOT NULL,
  `created_at` timestamp NULL DEFAULT NULL,
  `updated_at` timestamp NULL DEFAULT NULL
) ENGINE=InnoDB DEFAULT CHARSET=utf8mb4 COLLATE=utf8mb4_unicode_ci;

--
-- Volcado de datos para la tabla `examenes_fechas`
--

INSERT INTO `examenes_fechas` (`id`, `id_catedra`, `aula`, `fecha`, `hora_comienzo`, `hora_finalizacion`, `presidente`, `vocal1`, `vocal2`, `created_at`, `updated_at`) VALUES
(22, 32, 'SUM', '2023-12-11', '17:00', '-', 18617319, 34890053, 14563173, '2023-11-30 12:03:23', '2023-11-30 17:34:18'),
(23, 154, '1', '2023-12-11', '18:00', '-', 34890053, 18617319, 35267311, '2023-11-30 12:07:26', '2023-11-30 12:07:26'),
(24, 159, '1', '2023-12-11', '18:00', '-', 18617319, 34890053, 35267311, '2023-11-30 12:08:18', '2023-11-30 12:08:18'),
(25, 155, '1', '2023-12-11', '18:00', '-', 34890053, 18617319, 35267311, '2023-11-30 12:09:25', '2023-11-30 12:09:25'),
(26, 160, '1', '2023-12-11', '18:00', '-', 18617319, 34890053, 35267311, '2023-11-30 12:09:59', '2023-11-30 12:09:59'),
(27, 29, '2', '2023-12-13', '16:00', '-', 34890053, 18617319, 37008728, '2023-11-30 12:11:27', '2023-11-30 12:11:27'),
(28, 8, 'SUM', '2023-12-13', '16:00', '-', 33079951, 35267311, 36992069, '2023-11-30 12:13:13', '2023-11-30 17:34:42'),
(29, 31, '2', '2023-12-13', '18:00', '-', 18617319, 34890053, 37008728, '2023-11-30 12:15:27', '2023-11-30 12:15:27'),
(30, 9, 'SUM', '2023-12-13', '19:00', '-', 33079951, 35267311, 36992069, '2023-11-30 12:16:23', '2023-11-30 17:34:55'),
(31, 90, '2', '2023-12-14', '17:00', '-', 94455913, 14819672, 1, '2023-11-30 12:19:50', '2024-02-06 21:16:09'),
(32, 99, '2', '2023-12-14', '17:00', '-', 14819672, 94455913, 1, '2023-11-30 12:20:35', '2024-02-06 21:16:24'),
(33, 91, '2', '2023-12-14', '17:00', '-', 94455913, 14819672, 1, '2023-11-30 12:21:24', '2024-02-06 21:16:36'),
(34, 100, '2', '2023-12-14', '17:00', '-', 14819672, 94455913, 1, '2023-11-30 12:22:00', '2024-02-06 21:16:46'),
(35, 92, '2', '2023-12-14', '17:00', '-', 94455913, 14819672, 1, '2023-11-30 12:22:41', '2024-02-06 21:16:57'),
(36, 101, '2', '2023-12-14', '17:00', '-', 14819672, 94455913, 1, '2023-11-30 12:23:16', '2024-02-06 21:17:07'),
(37, 93, '2', '2023-12-14', '17:00', '-', 94455913, 14819672, 1, '2023-11-30 12:23:51', '2024-02-06 21:17:17'),
(38, 102, '2', '2023-12-14', '17:00', '-', 14819672, 94455913, 1, '2023-11-30 12:24:21', '2024-02-06 21:17:28'),
(39, 108, 'SUM', '2023-12-15', '17:00', '-', 23416635, 1, 1, '2023-11-30 12:26:10', '2024-02-06 21:17:39'),
(40, 109, 'SUM', '2023-12-15', '17:00', '-', 23416635, 1, 1, '2023-11-30 12:27:09', '2024-02-06 21:17:50'),
(41, 110, 'SUM', '2023-12-15', '17:00', '-', 23416635, 1, 1, '2023-11-30 12:28:22', '2024-02-06 21:18:01'),
(42, 111, 'SUM', '2023-12-15', '17:00', '-', 23416635, 1, 1, '2023-11-30 12:28:55', '2024-02-06 21:18:11'),
(43, 112, 'SUM', '2023-12-15', '17:00', '-', 23416635, 1, 1, '2023-11-30 12:31:00', '2024-02-06 21:18:22'),
(44, 113, 'SUM', '2023-12-18', '17:00', '-', 33079951, 34890053, 35267311, '2023-11-30 15:26:46', '2023-11-30 17:37:29'),
(45, 114, 'SUM', '2023-12-18', '17:00', '-', 33079951, 34890053, 35267311, '2023-11-30 15:27:29', '2023-11-30 17:37:42'),
(46, 115, 'SUM', '2023-12-18', '17:00', '-', 33079951, 34890053, 35267311, '2023-11-30 15:28:07', '2023-11-30 17:37:55'),
(48, 116, 'SUM', '2023-12-18', '17:00', '-', 33079951, 34890053, 35267311, '2023-11-30 15:29:54', '2023-11-30 17:38:08'),
(49, 117, 'SUM', '2023-12-18', '17:00', '-', 33079951, 34890053, 35267311, '2023-11-30 15:30:26', '2023-11-30 17:38:54'),
(50, 156, '1', '2023-12-18', '18:00', '-', 34890053, 18617319, 35267311, '2023-11-30 16:00:06', '2023-11-30 16:00:06'),
(51, 161, '1', '2023-12-18', '18:00', '-', 18617319, 34890053, 35267311, '2023-11-30 16:01:50', '2023-11-30 16:01:50'),
(52, 157, '1', '2023-12-18', '18:00', '-', 34890053, 18617319, 35267311, '2023-11-30 16:02:19', '2023-11-30 16:02:19'),
(53, 162, '1', '2023-12-18', '18:00', '-', 18617319, 34890053, 35267311, '2023-11-30 16:03:37', '2023-11-30 16:03:37'),
(54, 158, '1', '2023-12-18', '18:00', '-', 34890053, 18617319, 35267311, '2023-11-30 16:04:09', '2023-11-30 16:04:09'),
(55, 163, '1', '2023-12-18', '18:00', '-', 18617319, 34890053, 35267311, '2023-11-30 16:04:46', '2023-11-30 16:04:46'),
(56, 94, 'EMAC', '2023-12-18', '18:00', '-', 94455913, 14819672, 14819672, '2023-11-30 16:19:50', '2023-11-30 16:24:47'),
(57, 22, 'SUM', '2023-12-18', '20:00', '-', 14563173, 18617319, 1, '2023-11-30 16:23:55', '2023-12-19 01:48:47'),
(58, 23, 'SUM', '2023-12-18', '20:00', '-', 14563173, 18617319, 1, '2023-11-30 16:26:56', '2023-12-19 01:48:45'),
(59, 24, 'SUM', '2023-12-18', '20:00', '-', 14563173, 18617319, 1, '2023-11-30 16:27:22', '2023-12-19 01:48:44'),
(60, 10, 'SUM', '2023-12-20', '19:00', '-', 35267311, 36992069, 32595931, '2023-11-30 16:30:03', '2023-11-30 16:30:03'),
(61, 81, '1', '2023-12-21', '17:00', '-', 18010922, 34890053, 35267311, '2023-11-30 16:31:50', '2023-11-30 16:31:50'),
(62, 58, '1', '2023-12-21', '17:00', '-', 34890053, 35267311, 42674390, '2023-11-30 16:32:27', '2023-11-30 16:32:27'),
(63, 67, '1', '2023-12-21', '17:00', '-', 42674390, 18010922, 34890053, '2023-11-30 16:44:59', '2023-11-30 16:44:59'),
(64, 82, '1', '2023-12-21', '17:00', '-', 18010922, 34890053, 35267311, '2023-11-30 16:45:49', '2023-11-30 16:45:49'),
(65, 59, '1', '2023-12-21', '17:00', '-', 34890053, 35267311, 42674390, '2023-11-30 16:46:43', '2023-11-30 16:46:43'),
(66, 73, '1', '2023-12-21', '17:00', '-', 35267311, 42674390, 18010922, '2023-11-30 16:47:33', '2023-11-30 16:47:33'),
(67, 68, '1', '2023-12-21', '17:00', '-', 42674390, 18010922, 34890053, '2023-11-30 16:48:26', '2023-11-30 16:48:26'),
(68, 167, '1', '2023-12-21', '17:00', '-', 35267311, 42674390, 18010922, '2023-11-30 16:51:21', '2023-11-30 16:51:21'),
(69, 83, '1', '2023-12-21', '17:00', '-', 18010922, 35267311, 34890053, '2023-11-30 16:53:56', '2023-11-30 16:53:56'),
(70, 60, '1', '2023-12-21', '17:00', '-', 34890053, 35267311, 42674390, '2023-11-30 16:54:27', '2023-11-30 16:54:27'),
(71, 74, '1', '2023-12-21', '17:00', '-', 35267311, 34890053, 42674390, '2023-11-30 16:59:53', '2023-11-30 16:59:53'),
(72, 69, '1', '2023-12-21', '17:00', '-', 42674390, 18010922, 35267311, '2023-11-30 17:01:00', '2023-11-30 17:01:00'),
(73, 84, '1', '2023-12-21', '17:00', '-', 18010922, 34890053, 35267311, '2023-11-30 17:01:49', '2023-11-30 17:01:49'),
(74, 61, '1', '2023-12-21', '17:00', '-', 34890053, 35267311, 42674390, '2023-11-30 17:02:40', '2023-11-30 17:02:40'),
(75, 75, '1', '2023-12-21', '17:00', '-', 35267311, 42674390, 18010922, '2023-11-30 17:03:35', '2023-11-30 17:03:35'),
(76, 70, '1', '2023-12-21', '17:00', '-', 42674390, 18010922, 34890053, '2023-11-30 17:04:23', '2023-11-30 17:04:23'),
(77, 85, '1', '2023-12-21', '17:00', '-', 18010922, 34890053, 35267311, '2023-11-30 17:15:29', '2023-11-30 17:15:29'),
(78, 62, '1', '2023-12-21', '17:00', '-', 34890053, 35267311, 42674390, '2023-11-30 17:16:00', '2023-11-30 17:16:00'),
(79, 76, '1', '2023-12-21', '17:00', '-', 35267311, 42674390, 18010922, '2023-11-30 17:16:26', '2023-11-30 17:16:26'),
(81, 71, '1', '2023-12-21', '17:00', '-', 42674390, 18010922, 34890053, '2023-11-30 17:17:46', '2023-11-30 17:17:46'),
(82, 11, 'SUM', '2023-12-21', '19:00', '-', 36992069, 42674390, 1, '2023-11-30 17:30:36', '2023-12-19 01:49:12'),
(83, 12, '2', '2023-12-27', '18:00', '-', 32595931, 33079951, 35267311, '2023-11-30 17:31:35', '2023-11-30 17:31:35'),
(84, 13, 'SUM', '2023-12-27', '19:30', '-', 32595931, 36992069, 33079951, '2023-11-30 17:32:51', '2023-11-30 17:32:51'),
(85, 122, '2', '2023-12-15', '19:00', '-', 23469231, 37008728, 34890053, '2023-11-30 17:45:55', '2023-11-30 17:45:55'),
(86, 123, '2', '2023-12-12', '19:00', '-', 23469231, 34890053, 1, '2023-11-30 19:06:37', '2023-12-19 01:49:37'),
(87, 124, '2', '2023-12-15', '19:00', '-', 23469231, 34890053, 1, '2023-11-30 19:07:55', '2023-12-19 01:49:40'),
(88, 125, '2', '2023-12-15', '19:00', '-', 23469231, 34890053, 1, '2023-11-30 19:08:50', '2023-12-19 01:49:45'),
(89, 126, '2', '2023-12-15', '19:00', '-', 23469231, 34890053, 1, '2023-11-30 19:10:50', '2023-12-19 01:49:48'),
(90, 131, '2', '2023-12-20', '18:00', '-', 37008728, 31013373, 1, '2023-11-30 19:32:33', '2023-11-30 19:32:33'),
(91, 132, '2', '2023-12-20', '18:00', '-', 37008728, 31013373, 1, '2023-11-30 19:33:50', '2023-11-30 19:33:50'),
(92, 133, '2', '2023-12-20', '18:00', '-', 37008728, 31013373, 1, '2023-11-30 19:34:27', '2023-11-30 19:34:27'),
(93, 134, '2', '2023-12-20', '18:00', '-', 37008728, 31013373, 1, '2023-11-30 19:34:52', '2023-11-30 19:34:52'),
(94, 135, '2', '2023-12-20', '18:00', '-', 37008728, 31013373, 1, '2023-11-30 19:38:16', '2023-12-19 01:49:53'),
(95, 36, '2', '2023-12-20', '19:00', '-', 37008728, 31013373, 1, '2023-11-30 19:39:03', '2023-11-30 19:39:03'),
(96, 37, '2', '2023-12-20', '19:00', '-', 37008728, 31013373, 1, '2023-11-30 19:39:23', '2023-11-30 19:39:23'),
(97, 38, '2', '2023-12-20', '19:00', '-', 37008728, 31013373, 1, '2023-11-30 19:39:42', '2023-11-30 19:39:42'),
(98, 140, '2', '2023-12-20', '18:00', '-', 37008728, 31013373, 1, '2023-11-30 19:40:30', '2023-11-30 19:40:30'),
(99, 141, '2', '2023-12-20', '18:00', '-', 37008728, 31013373, 1, '2023-11-30 19:40:45', '2023-11-30 19:40:45'),
(100, 142, '2', '2023-12-20', '18:00', '-', 37008728, 31013373, 1, '2023-11-30 19:41:17', '2023-11-30 19:41:17'),
(101, 143, '2', '2023-12-20', '18:00', '-', 37008728, 31013373, 1, '2023-11-30 19:41:41', '2023-11-30 19:41:41'),
(102, 144, '2', '2023-12-20', '18:00', '-', 37008728, 31013373, 1, '2023-11-30 19:42:18', '2023-11-30 19:42:18');

-- --------------------------------------------------------

--
-- Estructura de tabla para la tabla `failed_jobs`
--

CREATE TABLE `failed_jobs` (
  `id` bigint(20) UNSIGNED NOT NULL,
  `uuid` varchar(255) NOT NULL,
  `connection` text NOT NULL,
  `queue` text NOT NULL,
  `payload` longtext NOT NULL,
  `exception` longtext NOT NULL,
  `failed_at` timestamp NOT NULL DEFAULT current_timestamp()
) ENGINE=InnoDB DEFAULT CHARSET=utf8mb4 COLLATE=utf8mb4_unicode_ci;

-- --------------------------------------------------------

--
-- Estructura de tabla para la tabla `inscripciones_examenes`
--

CREATE TABLE `inscripciones_examenes` (
  `id` int(10) UNSIGNED NOT NULL,
  `dni` int(11) NOT NULL,
  `id_fecha_examen` int(11) NOT NULL,
  `condicion` varchar(30) NOT NULL,
  `created_at` timestamp NULL DEFAULT NULL,
  `updated_at` timestamp NULL DEFAULT NULL
) ENGINE=InnoDB DEFAULT CHARSET=utf8mb4 COLLATE=utf8mb4_unicode_ci;

--
-- Volcado de datos para la tabla `inscripciones_examenes`
--

INSERT INTO `inscripciones_examenes` (`id`, `dni`, `id_fecha_examen`, `condicion`, `created_at`, `updated_at`) VALUES
(1, 17547794, 68, 'regular', '2023-12-01 13:46:00', NULL),
(2, 24663019, 26, 'regular', '2023-12-01 15:02:01', NULL),
(3, 24663019, 29, 'regular', '2023-12-01 15:02:34', NULL),
(4, 24663019, 60, 'regular', '2023-12-01 15:03:06', NULL),
(5, 45747806, 60, 'regular', '2023-12-01 15:11:29', NULL),
(6, 96035591, 60, 'regular', '2023-12-01 16:14:21', NULL),
(7, 96035591, 91, 'regular', '2023-12-01 16:19:01', NULL),
(8, 41009842, 60, 'regular', '2023-12-01 17:35:51', NULL),
(9, 41009842, 90, 'regular', '2023-12-01 17:36:17', NULL),
(13, 17547794, 28, 'regular', '2023-12-01 18:20:27', NULL),
(14, 43729291, 60, 'regular', '2023-12-01 18:26:14', NULL),
(15, 12459535, 28, 'regular', '2023-12-01 18:27:47', NULL),
(16, 22297111, 72, 'regular', '2023-12-01 18:32:57', NULL),
(31, 27026885, 25, 'regular', '2023-12-02 02:12:56', NULL),
(32, 46440023, 97, 'regular', '2023-12-02 11:36:34', NULL),
(33, 30087613, 24, 'regular', '2023-12-02 18:25:47', NULL),
(34, 34948257, 82, 'regular', '2023-12-02 20:45:53', NULL),
(35, 20011636, 59, 'regular', '2023-12-02 22:22:03', NULL),
(36, 14015676, 60, 'regular', '2023-12-02 22:38:05', NULL),
(37, 42375185, 84, 'regular', '2023-12-02 23:27:21', NULL),
(38, 42375185, 29, 'regular', '2023-12-02 23:34:33', NULL),
(39, 47697650, 82, 'regular', '2023-12-03 01:34:41', NULL),
(40, 47697650, 95, 'regular', '2023-12-03 01:35:19', NULL),
(41, 20055682, 52, 'regular', '2023-12-03 01:50:09', NULL),
(42, 20055682, 97, 'regular', '2023-12-03 01:51:34', NULL),
(43, 94360218, 27, 'regular', '2023-12-04 10:51:15', NULL),
(44, 94360218, 22, 'regular', '2023-12-04 10:53:16', NULL),
(47, 12685079, 72, 'regular', '2023-12-04 18:21:07', NULL),
(48, 12685079, 95, 'regular', '2023-12-04 18:21:48', NULL),
(49, 14010343, 95, 'regular', '2023-12-04 19:23:17', NULL),
(50, 29635961, 50, 'regular', '2023-12-04 20:24:38', NULL),
(51, 26240194, 30, 'regular', '2023-12-04 20:32:59', NULL),
(52, 30334937, 22, 'regular', '2023-12-04 20:40:52', NULL),
(53, 30334937, 23, 'regular', '2023-12-04 20:41:25', NULL),
(54, 30334937, 30, 'regular', '2023-12-04 20:41:56', NULL),
(55, 14010343, 82, 'regular', '2023-12-04 20:46:30', NULL),
(56, 26240194, 61, 'regular', '2023-12-04 21:03:55', NULL),
(57, 20011636, 97, 'regular', '2023-12-04 21:11:55', NULL),
(58, 28232607, 57, 'regular', '2023-12-04 21:57:51', NULL),
(59, 28232607, 23, 'regular', '2023-12-04 21:58:35', NULL),
(60, 42375185, 97, 'regular', '2023-12-04 22:06:07', NULL),
(61, 42375185, 56, 'REGULAR', NULL, NULL),
(62, 42375185, 58, 'regular', '2023-12-04 22:12:06', NULL),
(68, 42661258, 29, 'regular', '2023-12-06 18:50:19', NULL),
(69, 95783315, 27, 'regular', '2023-12-06 19:28:29', NULL),
(71, 96051484, 26, 'regular', '2023-12-06 20:22:20', NULL),
(72, 96051484, 29, 'regular', '2023-12-06 20:22:36', NULL),
(74, 27026885, 57, 'regular', '2023-12-06 20:24:55', NULL),
(76, 27026885, 83, 'regular', '2023-12-06 20:27:39', NULL),
(77, 27026885, 95, 'regular', '2023-12-06 20:28:37', NULL),
(78, 29327495, 24, 'regular', '2023-12-06 21:07:15', NULL),
(79, 12685079, 83, 'regular', '2023-12-06 22:14:05', NULL),
(80, 96004967, 95, 'regular', '2023-12-06 22:18:06', NULL),
(81, 39390924, 95, 'regular', '2023-12-06 22:21:31', NULL),
(82, 39390924, 50, 'regular', '2023-12-06 22:22:02', NULL),
(83, 39390924, 82, 'regular', '2023-12-06 22:22:12', NULL),
(84, 39390924, 57, 'regular', '2023-12-06 22:22:46', NULL),
(85, 46826396, 97, 'regular', '2023-12-07 16:41:13', NULL),
(86, 47938630, 60, 'regular', '2023-12-07 16:54:05', NULL),
(87, 47938630, 95, 'regular', '2023-12-07 16:56:43', NULL),
(88, 95313839, 83, 'regular', '2023-12-07 19:09:02', NULL),
(89, 25654068, 61, 'regular', '2023-12-07 19:21:41', NULL),
(90, 25654068, 30, 'regular', '2023-12-07 19:22:04', NULL),
(91, 31722291, 94, 'regular', '2023-12-07 20:57:23', NULL),
(92, 44940258, 96, 'regular', '2023-12-07 21:45:27', NULL),
(93, 34948257, 95, 'regular', '2023-12-07 22:00:37', NULL),
(94, 46440023, 83, 'regular', '2023-12-07 22:39:14', NULL),
(95, 30128656, 30, 'regular', '2023-12-11 15:32:34', NULL),
(100, 20281336, 95, 'regular', '2023-12-12 01:12:22', NULL),
(101, 20281336, 57, 'regular', '2023-12-12 01:12:38', NULL),
(102, 12234345, 37, 'regular', '2023-12-12 01:14:49', NULL),
(104, 49423967, 62, 'regular', '2023-12-12 22:47:54', NULL),
(105, 49423967, 28, 'regular', '2023-12-12 22:48:16', NULL),
(106, 46631970, 30, 'regular', '2023-12-13 01:20:12', NULL),
(107, 49058827, 28, 'regular', '2023-12-13 21:35:47', NULL),
(108, 95783315, 28, 'regular', '2023-12-13 21:56:53', NULL),
(109, 94360218, 30, 'regular', '2023-12-13 21:57:29', NULL),
(110, 49254590, 28, 'regular', '2023-12-13 21:59:48', NULL),
(111, 42565833, 29, 'regular', '2023-12-13 23:47:18', NULL),
(112, 42776572, 30, 'regular', '2023-12-14 00:42:34', NULL),
(113, 42905975, 84, 'regular', '2023-12-15 22:44:07', NULL),
(114, 42905975, 96, 'regular', '2023-12-15 22:44:27', NULL),
(115, 46290144, 58, 'regular', '2023-12-19 01:23:12', NULL),
(116, 42661258, 57, 'regular', '2023-12-19 01:46:50', NULL),
(117, 39330605, 58, 'regular', '2023-12-19 01:58:08', NULL),
(118, 42565833, 58, 'regular', '2023-12-19 01:59:37', NULL),
(119, 36399526, 84, 'regular', '2023-12-26 23:40:36', NULL),
(121, 47697650, 71, 'regular', '2024-02-09 18:20:00', NULL);

-- --------------------------------------------------------

--
-- Estructura de tabla para la tabla `inscripciones_materias`
--

CREATE TABLE `inscripciones_materias` (
  `id` int(10) UNSIGNED NOT NULL,
  `dni` int(11) NOT NULL,
  `id_catedra` int(11) NOT NULL,
  `condicion` varchar(255) NOT NULL,
  `created_at` timestamp NULL DEFAULT NULL,
  `updated_at` timestamp NULL DEFAULT NULL
) ENGINE=InnoDB DEFAULT CHARSET=utf8mb4 COLLATE=utf8mb4_unicode_ci;

--
-- Volcado de datos para la tabla `inscripciones_materias`
--

INSERT INTO `inscripciones_materias` (`id`, `dni`, `id_catedra`, `condicion`, `created_at`, `updated_at`) VALUES
(46, 12234345, 63, 'regular', '2024-02-21 11:39:31', NULL),
(47, 51268304, 63, 'regular', '2024-02-21 12:37:31', NULL),
(48, 51268304, 46, 'regular', '2024-02-21 12:38:10', NULL);

-- --------------------------------------------------------

--
-- Estructura de tabla para la tabla `materias`
--

CREATE TABLE `materias` (
  `id` int(11) NOT NULL,
  `nombre_materia` varchar(255) NOT NULL,
  `tipo` varchar(255) DEFAULT NULL,
  `modalidad` varchar(255) NOT NULL,
  `link_programa` text DEFAULT NULL,
  `created_at` timestamp NULL DEFAULT NULL,
  `updated_at` timestamp NULL DEFAULT NULL
) ENGINE=InnoDB DEFAULT CHARSET=utf8mb4 COLLATE=utf8mb4_unicode_ci;

--
-- Volcado de datos para la tabla `materias`
--

INSERT INTO `materias` (`id`, `nombre_materia`, `tipo`, `modalidad`, `link_programa`, `created_at`, `updated_at`) VALUES
(1, 'LENGUAJE MUSICAL - INTRODUCTORIO 1', 'bisemanal', 'ANUAL', 'https://docs.google.com/document/d/1b7fnPP2zQFeoFX1jCOYodKoCjvR7Lyiz/edit?usp=drive_link&ouid=107221807239283716444&rtpof=true&sd=true', NULL, '2023-10-31 19:35:14'),
(2, 'CORO - INTRODUCTORIO 1', 'bisemanal', 'ANUAL', 'https://docs.google.com/document/d/1Vp7v3pdGDzJvpyjSjfEJeTKi-o3NawJT/edit?usp=drive_link&ouid=107221807239283716444&rtpof=true&sd=true', NULL, '2023-10-31 19:46:00'),
(3, 'PIANO - INTRODUCTORIO 1', 'semanal', 'ANUAL', 'https://docs.google.com/document/d/1uhk5qzFwPmoysUzK90q1ehUw0lL0ot8E/edit?usp=drive_link&ouid=107221807239283716444&rtpof=true&sd=true', NULL, '2023-10-31 19:46:13'),
(4, 'VIOLIN - INTRODUCTORIO 1', NULL, 'ANUAL', 'https://docs.google.com/document/d/1O35mSfT6dme2qGrO5yEyBKx7zrtLHMAw/edit?usp=drive_link&ouid=107221807239283716444&rtpof=true&sd=true', NULL, '2023-10-31 19:46:37'),
(5, 'VIOLONCELLO - INTRODUCTORIO 1', NULL, 'ANUAL', 'https://docs.google.com/document/d/1IhpR4rViAsoILu9CFPZ9_LzYPusX9sKw/edit?usp=drive_link&ouid=107221807239283716444&rtpof=true&sd=true', NULL, '2023-10-31 19:46:46'),
(6, 'FLAUTA TRAVERSA - INTRODUCTORIO 1', NULL, 'ANUAL', 'https://docs.google.com/document/d/1Ynz_Yse9nJWqBsbfipSXH4MEhjaTdmau/edit?usp=drive_link&ouid=107221807239283716444&rtpof=true&sd=true', '2023-09-06 21:58:36', '2023-10-31 19:46:58'),
(7, 'SAXO - INTRODUCTORIO 1', NULL, 'ANUAL', 'https://docs.google.com/document/d/1u2Yucrq66dcd_CdjoHRsroLq1JFhaHHs/edit?usp=drive_link&ouid=107221807239283716444&rtpof=true&sd=true', '2023-09-08 19:28:41', '2023-10-31 19:47:10'),
(8, 'CLARINETE - INTRODUCTORIO 1', NULL, 'ANUAL', 'https://docs.google.com/document/d/14bL3fI5mW0L9BgEB_iul5dpvsTJ6rYi4/edit?usp=drive_link&ouid=107221807239283716444&rtpof=true&sd=true', '2023-09-08 19:28:55', '2023-10-31 19:47:28'),
(9, 'TRABAJO CORPORAL 1', NULL, 'ANUAL', 'https://docs.google.com/document/d/1EPgpDtc0Lrcpunx_pLa7Ru0oq2I1cmof/edit?usp=drive_link&ouid=107221807239283716444&rtpof=true&sd=true', '2023-09-08 19:29:06', '2023-10-31 19:48:01'),
(10, 'LENGUAJE MUSICAL - INTRODUCTORIO 2', NULL, 'ANUAL', 'https://docs.google.com/document/d/1eMeHx_2Go0olu4BiR7Oj7Xv9lR5h2OcW/edit?usp=drive_link&ouid=107221807239283716444&rtpof=true&sd=true', '2023-09-08 19:29:25', '2023-10-31 19:48:12'),
(11, 'CORO - INTRODUCTORIO 2', NULL, 'ANUAL', 'https://docs.google.com/document/d/1Q3FYstUIIzvdkt0r1pKZuCBWsVj01sJl/edit?usp=drive_link&ouid=107221807239283716444&rtpof=true&sd=true', '2023-09-08 19:29:37', '2023-10-31 19:48:26'),
(12, 'PIANO - INTRODUCTORIO 2', NULL, 'ANUAL', 'https://docs.google.com/document/d/1BYt3fx099_ZF3GKAseuWZ3WN6bln2h0X/edit?usp=drive_link&ouid=107221807239283716444&rtpof=true&sd=true', '2023-09-08 19:29:53', '2023-10-31 19:48:37'),
(13, 'VIOLIN - INTRODUCTORIO 2', NULL, 'ANUAL', 'https://docs.google.com/document/d/14N30Wt02C7uyIqc0YVHcoc-ze0W5JmBc/edit?usp=drive_link&ouid=107221807239283716444&rtpof=true&sd=true', '2023-09-08 19:30:02', '2023-10-31 19:48:50'),
(14, 'VIOLONCELLO - INTRODUCTORIO 2', NULL, 'ANUAL', 'https://docs.google.com/document/d/1-cBpK8CBZZKboGFTFJkqn1xXpVJVHlX5/edit?usp=drive_link&ouid=107221807239283716444&rtpof=true&sd=true', '2023-09-08 19:30:19', '2023-09-08 19:30:19'),
(15, 'FLAUTA TRAVERSA - INTRODUCTORIO 2', NULL, 'ANUAL', 'https://docs.google.com/document/d/1h_tS4gYepqX4o7KTXt4IVX799eeW-CnW/edit?usp=drive_link&ouid=107221807239283716444&rtpof=true&sd=true', '2023-09-08 19:30:30', '2023-09-08 19:30:30'),
(16, 'SAXO - INTRODUCTORIO 2', NULL, 'ANUAL', 'https://docs.google.com/document/d/1L_dqmbIMrR2tlBKtXYjCwbKrWlyEsIX8/edit?usp=drive_link&ouid=107221807239283716444&rtpof=true&sd=true', '2023-09-08 19:30:39', '2023-09-08 19:30:44'),
(17, 'CLARINETE - INTRODUCTORIO 2', NULL, 'ANUAL', 'https://docs.google.com/document/d/1F0svUK599kOc6BCbQlGz5GoRfNkYRrLW/edit?usp=drive_link&ouid=107221807239283716444&rtpof=true&sd=true', '2023-09-08 19:30:54', '2023-09-08 19:30:54'),
(18, 'TRABAJO CORPORAL 2', NULL, 'ANUAL', 'https://docs.google.com/document/d/1tci8t6qJDful9hIGScIryJbpsGHXxQr8/edit?usp=drive_link&ouid=107221807239283716444&rtpof=true&sd=true', '2023-09-08 19:31:07', '2023-09-08 19:31:07'),
(19, 'APRECIACION MUSICAL 1', NULL, 'ANUAL', 'https://docs.google.com/document/d/1b9v-WsCrB6rRSmHJAfam7PW-AtZeh5dI/edit?usp=drive_link&ouid=107221807239283716444&rtpof=true&sd=true', '2023-09-08 19:31:19', '2023-09-08 19:31:24'),
(20, 'LENGUAJE MUSICAL - BASICO 1', NULL, 'ANUAL', 'https://docs.google.com/document/d/1tS81rPAAJG_GUWCTaOQYTbvYoArYWzfY/edit?usp=drive_link&ouid=107221807239283716444&rtpof=true&sd=true', '2023-09-08 19:31:35', '2023-09-08 19:31:35'),
(21, 'CORO - BASICO 1', NULL, 'ANUAL', 'https://docs.google.com/document/d/1GQ28fRIEb74ldI06AbY7jFy3Htp9KrQV/edit?usp=drive_link&ouid=107221807239283716444&rtpof=true&sd=true', '2023-09-08 19:31:46', '2023-09-08 19:31:46'),
(22, 'PIANO - BASICO 1', NULL, 'ANUAL', 'https://docs.google.com/document/d/1w42sBVQmOx3JYJC_Ta_eBjLNs0pyu85H/edit?usp=drive_link&ouid=107221807239283716444&rtpof=true&sd=true', '2023-09-08 19:32:00', '2023-09-08 19:32:00'),
(23, 'VIOLIN - BASICO 1', NULL, 'ANUAL', 'https://docs.google.com/document/d/11wYCGYJGLW1j6y9sliJgW2MwLPn96oGD/edit?usp=drive_link&ouid=107221807239283716444&rtpof=true&sd=true', '2023-09-08 19:32:12', '2023-09-08 19:32:12'),
(24, 'VIOLONCELLO - BASICO 1', NULL, 'ANUAL', 'https://docs.google.com/document/d/19yv7strpQuSuTyU3rDpWvfMRb59YV0AT/edit?usp=drive_link&ouid=107221807239283716444&rtpof=true&sd=true', '2023-09-08 19:32:23', '2023-09-08 19:32:23'),
(25, 'FLAUTA TRAVERSA - BASICO 1', NULL, 'ANUAL', 'https://docs.google.com/document/d/1opCW9IoXsZEBFEawF1KUMvIiuwR1wCUb/edit?usp=drive_link&ouid=107221807239283716444&rtpof=true&sd=true', '2023-09-08 19:32:39', '2023-09-08 19:32:39'),
(26, 'SAXO - BASICO 1', NULL, 'ANUAL', 'https://docs.google.com/document/d/1XaBRe7LdPd2BngfZU8aMGF6PlC300WJD/edit?usp=drive_link&ouid=107221807239283716444&rtpof=true&sd=true', '2023-09-08 19:32:52', '2023-09-08 19:32:52'),
(27, 'CLARINETE - BASICO 1', NULL, 'ANUAL', 'https://docs.google.com/document/d/1JHjTuwCOR8oUeWS7fWCIH_2qHn3udVbU/edit?usp=drive_link&ouid=107221807239283716444&rtpof=true&sd=true', '2023-09-08 19:33:05', '2023-09-08 19:33:05'),
(28, 'APRECIACION MUSICAL 2', NULL, 'ANUAL', 'https://docs.google.com/document/d/1NWcct4ibTDhT6ec4PmGusnqRYlo9KvOJ/edit?usp=drive_link&ouid=107221807239283716444&rtpof=true&sd=true', '2023-09-08 19:33:18', '2023-09-08 19:33:18'),
(29, 'PIANO COMPLEMENTARIO 1', NULL, 'ANUAL', 'https://docs.google.com/document/d/1NSBNly4RDMdWLa94_WYP8aDbxZS8K95p/edit?usp=drive_link&ouid=107221807239283716444&rtpof=true&sd=true', '2023-09-08 19:33:28', '2023-09-08 19:33:28'),
(30, 'GUITARRA COMPLEMENTARIA 1', NULL, 'ANUAL', 'https://docs.google.com/document/d/11MplwjwXIPAkb6E-IFqxzlJjUNGPoEEX/edit?usp=drive_link&ouid=107221807239283716444&rtpof=true&sd=true', '2023-09-08 19:33:40', '2023-09-08 19:33:40'),
(31, 'PRACTICA DE CONJUNTO 1', NULL, 'ANUAL', 'https://docs.google.com/document/d/1zln_SmduAR_0l4tL9kO3JpDS6s4qRZxq/edit?usp=drive_link&ouid=107221807239283716444&rtpof=true&sd=true', '2023-09-08 19:33:50', '2023-09-08 19:33:50'),
(32, 'LENGUAJE MUSICAL - BASICO 2', NULL, 'ANUAL', 'https://docs.google.com/document/d/1WzmMAqpNao2h2E0JmSQNGwZlDBsmfN9U/edit?usp=drive_link&ouid=107221807239283716444&rtpof=true&sd=true', '2023-09-08 19:34:05', '2023-09-08 19:34:05'),
(33, 'CORO - BASICO 2', NULL, 'ANUAL', 'https://docs.google.com/document/d/18LqhRNrBL7tOKeRaR-9YO7I67yhAUlRi/edit?usp=drive_link&ouid=107221807239283716444&rtpof=true&sd=true', '2023-09-08 19:34:15', '2023-09-08 19:34:15'),
(34, 'PIANO - BASICO 2', NULL, 'ANUAL', 'https://docs.google.com/document/d/1dU5_pWHge9xOndjBYHxHoehus7KWbkQU/edit?usp=drive_link&ouid=107221807239283716444&rtpof=true&sd=true', '2023-09-08 19:34:23', '2023-09-08 19:34:23'),
(35, 'VIOLIN - BASICO 2', NULL, 'ANUAL', 'https://docs.google.com/document/d/1hLCj_WYQ5uhsdWuk93Lft8cfiaU6ch5S/edit?usp=drive_link&ouid=107221807239283716444&rtpof=true&sd=true', '2023-09-08 19:34:42', '2023-09-08 19:34:42'),
(36, 'VIOLONCELLO - BASICO 2', NULL, 'ANUAL', 'https://docs.google.com/document/d/1DHE3NMZFDr6kwWpoxf-9DBupQ6tuxMT-/edit?usp=drive_link&ouid=107221807239283716444&rtpof=true&sd=true', '2023-09-08 19:34:56', '2023-09-08 19:34:56'),
(37, 'FLAUTA TRAVERSA - BASICO 2', NULL, 'ANUAL', 'https://docs.google.com/document/d/1sb5p4mykDBruTaXXlLzouYEXx6sNKJvW/edit?usp=drive_link&ouid=107221807239283716444&rtpof=true&sd=true', '2023-09-08 19:35:11', '2023-09-08 19:35:11'),
(38, 'SAXO - BASICO 2', NULL, 'ANUAL', 'https://docs.google.com/document/d/1RXXyWxeAkYxqI-9qCY_S9FLktmhsVmxh/edit?usp=drive_link&ouid=107221807239283716444&rtpof=true&sd=true', '2023-09-08 19:35:26', '2023-09-08 19:35:26'),
(39, 'CLARINETE - BASICO 2', NULL, 'ANUAL', 'https://docs.google.com/document/d/18XpjERgnmGgz4wHMHarDeUbY1lF0fq_C/edit?usp=drive_link&ouid=107221807239283716444&rtpof=true&sd=true', '2023-09-08 19:35:39', '2023-09-08 19:35:39'),
(40, 'PIANO COMPLEMENTARIO 2', NULL, 'ANUAL', 'https://docs.google.com/document/d/1-K-Y8nOhb1Z71XW7JHJAeXxHWVjyCsVw/edit?usp=drive_link&ouid=107221807239283716444&rtpof=true&sd=true', '2023-09-08 19:35:49', '2023-09-08 19:35:49'),
(41, 'GUITARRA COMPLEMENTARIA 2', NULL, 'ANUAL', 'https://docs.google.com/document/d/1rofi-ccCbQi_RhoPHPodyZ2naff7xXV0/edit?usp=drive_link&ouid=107221807239283716444&rtpof=true&sd=true', '2023-09-08 19:35:59', '2023-09-08 19:35:59'),
(42, 'PRACTICA DE CONJUNTO 2', NULL, 'ANUAL', 'https://docs.google.com/document/d/166mlE2EDj9AKPRBr64pNRLvnMJVsMRmu/edit?usp=drive_link&ouid=107221807239283716444&rtpof=true&sd=true', '2023-09-08 19:36:12', '2023-09-08 19:36:12'),
(43, 'ARMONIA', NULL, 'ANUAL', 'https://docs.google.com/document/d/1j8WctrVXxC6P1ueLwuLo3QPsIikgbyiP/edit?usp=drive_link&ouid=107221807239283716444&rtpof=true&sd=true', '2023-09-08 19:36:20', '2023-09-08 19:36:20'),
(44, 'CORO - BASICO 3', NULL, 'ANUAL', 'https://docs.google.com/document/d/1WGxF7G6V6USXXmIB57GFhWhhevGSZ9q0/edit?usp=drive_link&ouid=107221807239283716444&rtpof=true&sd=true', '2023-09-08 19:36:34', '2023-09-08 19:36:34'),
(45, 'PIANO - BASICO 3', NULL, 'ANUAL', 'https://docs.google.com/document/d/1vB5KI75n_sfgZfZB3bJ4txAYOPOzeUn3/edit?usp=drive_link&ouid=107221807239283716444&rtpof=true&sd=true', '2023-09-08 19:36:44', '2023-09-08 19:36:44'),
(46, 'VIOLIN - BASICO 3', NULL, 'ANUAL', 'https://docs.google.com/document/d/1Gse4KwvAY0wXO6_4oXE8Xv9hzvW9iYqV/edit?usp=drive_link&ouid=107221807239283716444&rtpof=true&sd=true', '2023-09-08 19:36:52', '2023-09-08 19:36:52'),
(47, 'VIOLONCELLO - BASICO 3', NULL, 'ANUAL', 'https://docs.google.com/document/d/1cmxaeY1GIdZPbgNEAhVauz4MiOvwCDgU/edit?usp=drive_link&ouid=107221807239283716444&rtpof=true&sd=true', '2023-09-08 19:37:04', '2023-09-08 19:37:04'),
(48, 'FLAUTA TRAVERSA - BASICO 3', NULL, 'ANUAL', 'https://docs.google.com/document/d/1z6eGhBu21MZ7KwPsQRxdwz3YOBbtKFTi/edit?usp=drive_link&ouid=107221807239283716444&rtpof=true&sd=true', '2023-09-08 19:37:14', '2023-09-08 19:37:14'),
(49, 'SAXO - BASICO 3', NULL, 'ANUAL', 'https://docs.google.com/document/d/1ZR4MJYJMc8cTULdOc4JVsVxS2isF0Vz3/edit?usp=drive_link&ouid=107221807239283716444&rtpof=true&sd=true', '2023-09-08 19:37:24', '2023-09-08 19:37:24'),
(50, 'CLARINETE - BASICO 3', NULL, 'ANUAL', 'https://docs.google.com/document/d/1GHQW1pj7ILGnlOYJHmI9zK3jwnn78NRy/edit?usp=drive_link&ouid=107221807239283716444&rtpof=true&sd=true', '2023-09-08 19:37:35', '2023-09-08 19:37:35'),
(51, 'PIANO COMPLEMENTARIO 3', NULL, 'ANUAL', 'https://docs.google.com/document/d/177wPq-kocxYI2Tn8kcP0AGj4Gxx4XetS/edit?usp=drive_link&ouid=107221807239283716444&rtpof=true&sd=true', '2023-09-08 19:37:46', '2023-09-08 19:37:46'),
(52, 'GUITARRA COMPLEMENTARIA 3', NULL, 'ANUAL', 'https://docs.google.com/document/d/1vwcoXtiQMiAhs-2nkXRl4my9qpM70NTE/edit?usp=drive_link&ouid=107221807239283716444&rtpof=true&sd=true', '2023-09-08 19:38:00', '2023-09-08 19:38:00'),
(53, 'PRACTICA DE CONJUNTO 3', NULL, 'ANUAL', 'https://docs.google.com/document/d/1TAuNa-jp2Ivov4G-PcVd1wfhKlIqIJHH/edit?usp=drive_link&ouid=107221807239283716444&rtpof=true&sd=true', '2023-09-08 19:38:12', '2023-09-08 19:38:12'),
(54, 'CANTO - INTRODUCTORIO 1', NULL, 'ANUAL', 'https://docs.google.com/document/d/102LRgLwS7Cf7InYdcU6AMwx9GBnvagJx/edit?usp=drive_link&ouid=107221807239283716444&rtpof=true&sd=true', '2023-09-08 19:38:26', '2023-09-08 19:38:26'),
(55, 'CANTO - INTRODUCTORIO 2', NULL, 'ANUAL', 'https://docs.google.com/document/d/1T24PUxf2GZEclcTfiCBENjCdXX-TTAY1/edit?usp=drive_link&ouid=107221807239283716444&rtpof=true&sd=true', '2023-09-08 19:38:37', '2023-09-08 19:38:37'),
(56, 'CANTO - BASICO 1', NULL, 'ANUAL', 'https://docs.google.com/document/d/1ElD1GE_L-9tQ38huBzzp0MXjCzEB8Un5/edit?usp=drive_link&ouid=107221807239283716444&rtpof=true&sd=true', '2023-09-08 19:38:49', '2023-09-08 19:38:49'),
(57, 'CANTO - BASICO 2', NULL, 'ANUAL', 'https://docs.google.com/document/d/1obxs54PNHeE5W_14osVo8KZtOHxY_gF0/edit?usp=drive_link&ouid=107221807239283716444&rtpof=true&sd=true', '2023-09-08 19:38:56', '2023-09-08 19:38:56'),
(58, 'CANTO - BASICO 3', NULL, 'ANUAL', 'https://docs.google.com/document/d/1UGW2sgf_c9JV_AyooCEkffK6d6Qz0NqM/edit?usp=drive_link&ouid=107221807239283716444&rtpof=true&sd=true', '2023-09-08 19:39:04', '2023-09-08 19:39:04'),
(59, 'FONIATRIA 1', NULL, 'ANUAL', 'https://docs.google.com/document/d/1yD_gapoHV69CzNk35FMFfEmB26jKydqU/edit?usp=drive_link&ouid=107221807239283716444&rtpof=true&sd=true', '2023-09-08 19:39:15', '2023-09-08 19:39:15'),
(60, 'FONIATRIA 2', NULL, 'ANUAL', 'https://docs.google.com/document/d/1r6k2zu7NcC3Vaq4oCp5DQVY8-G5UalWb/edit?usp=drive_link&ouid=107221807239283716444&rtpof=true&sd=true', '2023-09-08 19:39:23', '2023-09-08 19:39:23'),
(61, 'FONETICA ITALIANA', NULL, 'ANUAL', 'https://docs.google.com/document/d/1d3UtOlUGh-nTRS1t1IgKFbRSBxzz8LYF/edit?usp=drive_link&ouid=107221807239283716444&rtpof=true&sd=true', '2023-09-08 19:39:39', '2023-09-08 19:39:39'),
(62, 'FONETICA ALEMANA', NULL, 'ANUAL', 'https://docs.google.com/document/d/1gQjocs0UG95PdzI9HjgTwXCOKHzxPCIe/edit?usp=drive_link&ouid=107221807239283716444&rtpof=true&sd=true', '2023-09-08 19:39:51', '2023-09-08 19:39:51'),
(63, 'FONETICA FRANCESA', NULL, 'ANUAL', 'https://docs.google.com/document/d/1-1MCds9t9hOqoiOz68smAGoNjrwKZ01B/edit?usp=drive_link&ouid=107221807239283716444&rtpof=true&sd=true', '2023-09-08 19:40:01', '2023-09-08 19:40:01'),
(64, 'INTERPRETACION ESCENICA 1', NULL, 'ANUAL', 'https://docs.google.com/document/d/1qNqzMVStx0zzHr6e7F5YcndlIm_ZEvpA/edit?usp=drive_link&ouid=107221807239283716444&rtpof=true&sd=true', '2023-09-08 19:40:20', '2023-09-08 19:40:20'),
(65, 'INTERPRETACION ESCENICA 2', NULL, 'ANUAL', 'https://docs.google.com/document/d/1zImDsyBXIXcp-BoC18Dw0ODS29Q3A-GI/edit?usp=drive_link&ouid=107221807239283716444&rtpof=true&sd=true', '2023-09-08 19:40:43', '2023-09-08 19:40:43'),
(66, 'INTERPRETACION ESCENICA 3', NULL, 'ANUAL', 'https://docs.google.com/document/d/1pI4KO7LGCsak_wDLnenf8BNYNe561WSi/edit?usp=drive_link&ouid=107221807239283716444&rtpof=true&sd=true', '2023-09-08 19:40:55', '2023-09-08 19:40:55'),
(67, 'LENGUAJE MUSICAL - MODULO 1', 'bisemanal', 'ANUAL', 'https://docs.google.com/document/d/1NPlScdKWZlFrXNNiuBMIR_xxTnxpl4Ut/edit?usp=drive_link&ouid=107221807239283716444&rtpof=true&sd=true', '2023-09-08 19:41:11', '2023-09-08 19:41:11'),
(68, 'CORO - MODULO 1', NULL, 'ANUAL', 'https://docs.google.com/document/d/1JRxZkyVu6ia6qlhd2novbNf1v9rLlTOp/edit?usp=drive_link&ouid=107221807239283716444&rtpof=true&sd=true', '2023-09-08 20:43:23', '2023-09-08 20:43:23'),
(69, 'PIANO - MODULO 1', 'semanal', 'ANUAL', 'https://docs.google.com/document/d/1HeSTxsr_dk4d3Gnl9jTXBzWislplyuyw/edit?usp=drive_link&ouid=107221807239283716444&rtpof=true&sd=true', '2023-09-08 20:43:40', '2023-09-08 20:43:40'),
(70, 'VIOLIN - MODULO 1', NULL, 'ANUAL', 'https://docs.google.com/document/d/11XSeg2lmkX9hs75VGQCV12fyLG0C9BW3/edit?usp=drive_link&ouid=107221807239283716444&rtpof=true&sd=true', '2023-09-08 20:45:10', '2023-09-08 20:45:10'),
(71, 'VIOLONCELLO - MODULO 1', NULL, 'ANUAL', 'https://docs.google.com/document/d/1vTtrpOa3kyZapVX8B7760eZXVePYPBKf/edit?usp=drive_link&ouid=107221807239283716444&rtpof=true&sd=true', '2023-09-08 20:45:31', '2023-09-08 20:45:31'),
(72, 'FLAUTA TRAVERSA - MODULO 1', NULL, 'ANUAL', 'https://docs.google.com/document/d/14vUzsi62OQ39EPbDicg4DVYue54DV_jj/edit?usp=drive_link&ouid=107221807239283716444&rtpof=true&sd=true', '2023-09-08 20:45:48', '2023-09-08 20:45:48'),
(73, 'SAXO - MODULO 1', NULL, 'ANUAL', 'https://docs.google.com/document/d/1oPN68YiVj7GwE5tS4dXgAa8J2zxgKTPp/edit?usp=drive_link&ouid=107221807239283716444&rtpof=true&sd=true', '2023-09-08 20:45:59', '2023-09-08 20:45:59'),
(74, 'CLARINETE - MODULO 1', NULL, 'ANUAL', 'https://docs.google.com/document/d/12_uli3KS8EmaOikxCjuF7OtR_d4yTaI-/edit?usp=drive_link&ouid=107221807239283716444&rtpof=true&sd=true', '2023-09-08 20:46:10', '2023-09-08 20:46:10'),
(75, 'LENGUAJE MUSICAL - MODULO 2', NULL, 'ANUAL', 'https://docs.google.com/document/d/1Tq5uhKXWZo8Ulb7RT_0_QaGJYnfWSPdp/edit?usp=drive_link&ouid=107221807239283716444&rtpof=true&sd=true', '2023-09-08 20:46:30', '2023-09-08 20:46:30'),
(76, 'CORO - MODULO 2', NULL, 'ANUAL', 'https://docs.google.com/document/d/19B2H191xNwQknPg4e4kelLVkB9-WakG-/edit?usp=drive_link&ouid=107221807239283716444&rtpof=true&sd=true', '2023-09-08 20:47:55', '2023-09-08 20:47:55'),
(77, 'PIANO - MODULO 2', NULL, 'ANUAL', 'https://docs.google.com/document/d/1nxSo2kFNDybTTDMRO1yoI8tzOalH2ZS9/edit?usp=drive_link&ouid=107221807239283716444&rtpof=true&sd=true', '2023-09-08 20:48:09', '2023-09-08 20:48:09'),
(78, 'VIOLIN - MODULO 2', NULL, 'ANUAL', 'https://docs.google.com/document/d/1Ji9hr_-a06OvCi3q9H6I1U3dWHc9wdzP/edit?usp=drive_link&ouid=107221807239283716444&rtpof=true&sd=true', '2023-09-08 20:48:24', '2023-09-08 20:48:24'),
(79, 'VIOLONCELLO - MODULO 2', NULL, 'ANUAL', 'https://docs.google.com/document/d/1gJ71hTZB9TbAdGnFmXSL4eNZ_pQQR_mX/edit?usp=drive_link&ouid=107221807239283716444&rtpof=true&sd=true', '2023-09-08 20:48:40', '2023-09-08 20:48:40'),
(80, 'FLAUTA TRAVERSA - MODULO 2', NULL, 'ANUAL', 'https://docs.google.com/document/d/1tg7IOlGB-wScPMzPUuyShP1PE2z0u3k8/edit?usp=drive_link&ouid=107221807239283716444&rtpof=true&sd=true', '2023-09-08 20:48:50', '2023-09-08 20:48:50'),
(81, 'SAXO - MODULO 2', NULL, 'ANUAL', 'https://docs.google.com/document/d/11m2gA6Zbby2wB7qDM27PUVn8PLXucXRN/edit?usp=drive_link&ouid=107221807239283716444&rtpof=true&sd=true', '2023-09-08 20:49:06', '2023-09-08 20:49:06'),
(82, 'CLARINETE - MODULO 2', NULL, 'ANUAL', 'https://docs.google.com/document/d/1CeuArqMU9ZIlm6ICgptAhjPFkjcwF-Gr/edit?usp=drive_link&ouid=107221807239283716444&rtpof=true&sd=true', '2023-09-08 20:49:23', '2023-09-08 20:49:23'),
(83, 'LENGUAJE MUSICAL - MODULO 3', NULL, 'ANUAL', 'https://docs.google.com/document/d/13PvlEzyMocDZuQX6GJAOyr2Ny_AaCMvb/edit?usp=drive_link&ouid=107221807239283716444&rtpof=true&sd=true', '2023-09-08 20:49:32', '2023-09-08 20:49:32'),
(84, 'CORO - MODULO 3', NULL, 'ANUAL', 'https://docs.google.com/document/d/1pn5nre21K0QVTMIhnLvIcb680OP2HPxy/edit?usp=drive_link&ouid=107221807239283716444&rtpof=true&sd=true', '2023-09-08 20:49:46', '2023-09-08 20:49:46'),
(85, 'PIANO - MODULO 3', NULL, 'ANUAL', 'https://docs.google.com/document/d/1WCJFcIlcVDZ1jvcbP92HFDewBLaV47Lk/edit?usp=drive_link&ouid=107221807239283716444&rtpof=true&sd=true', '2023-09-08 20:49:56', '2023-09-08 20:49:56'),
(86, 'VIOLIN - MODULO 3', NULL, 'ANUAL', 'https://docs.google.com/document/d/1NXQYTb0TcCXi7reFqalrccOJzDQL_mPv/edit?usp=drive_link&ouid=107221807239283716444&rtpof=true&sd=true', '2023-09-08 20:50:06', '2023-09-08 20:50:06'),
(87, 'VIOLONCELLO - MODULO 3', NULL, 'ANUAL', 'https://docs.google.com/document/d/13wQKbk-omPvs5qpecBsKug0zw5HMRHHK/edit?usp=drive_link&ouid=107221807239283716444&rtpof=true&sd=true', '2023-09-08 20:50:18', '2023-09-08 20:50:18'),
(88, 'FLAUTA TRAVERSA - MODULO 3', NULL, 'ANUAL', 'https://docs.google.com/document/d/1vc4lkp5qYNcag35YRSBnfh-KO1zBG-mY/edit?usp=drive_link&ouid=107221807239283716444&rtpof=true&sd=true', '2023-09-08 20:50:29', '2023-09-08 20:50:29'),
(89, 'SAXO - MODULO 3', NULL, 'ANUAL', 'https://docs.google.com/document/d/1-dJMD6MdPqLcC8EXSPbr9gyrhG3nLStL/edit?usp=drive_link&ouid=107221807239283716444&rtpof=true&sd=true', '2023-09-08 20:50:39', '2023-09-08 20:50:39'),
(90, 'CLARINETE - MODULO 3', NULL, 'ANUAL', 'https://docs.google.com/document/d/1cPjHVzhJw2EyOKz-duBbT-KnP2s8vIes/edit?usp=drive_link&ouid=107221807239283716444&rtpof=true&sd=true', '2023-09-08 20:50:52', '2023-09-08 20:50:52'),
(91, 'LENGUAJE MUSICAL - MODULO 4', NULL, 'ANUAL', 'https://docs.google.com/document/d/1KF5eeGjAxAs-EYY0FTt5OSkYRp4AuZGO/edit?usp=drive_link&ouid=107221807239283716444&rtpof=true&sd=true', '2023-09-08 20:51:05', '2023-09-08 20:51:05'),
(92, 'CORO - MODULO 4', NULL, 'ANUAL', 'https://docs.google.com/document/d/1ZQI4N5KDUK61bocRE-5SuoprL0s_lAnT/edit?usp=drive_link&ouid=107221807239283716444&rtpof=true&sd=true', '2023-09-08 20:51:17', '2023-09-08 20:51:17'),
(93, 'PIANO - MODULO 4', NULL, 'ANUAL', 'https://docs.google.com/document/d/1G11bXRkh_wo9IYM2eIp89WMBOGmKBqcb/edit?usp=drive_link&ouid=107221807239283716444&rtpof=true&sd=true', '2023-09-08 20:51:30', '2023-09-08 20:51:30'),
(94, 'VIOLIN - MODULO 4', NULL, 'ANUAL', 'https://docs.google.com/document/d/1_VW203oSqeEdZHxL3Qz5E1mLGXJ37iXd/edit?usp=drive_link&ouid=107221807239283716444&rtpof=true&sd=true', '2023-09-08 20:51:42', '2023-09-08 20:51:42'),
(95, 'VIOLONCELLO - MODULO 4', NULL, 'ANUAL', 'https://docs.google.com/document/d/19deba5KPqGg-QxyMteXtNp8lywCQjm49/edit?usp=drive_link&ouid=107221807239283716444&rtpof=true&sd=true', '2023-09-08 20:51:53', '2023-09-08 20:51:53'),
(96, 'FLAUTA TRAVERSA - MODULO 4', NULL, 'ANUAL', 'https://docs.google.com/document/d/1ifv0K1aOo9XjqBrWBVSK3aNu1T0Bh2HQ/edit?usp=drive_link&ouid=107221807239283716444&rtpof=true&sd=true', '2023-09-08 20:52:05', '2023-09-08 20:52:05'),
(97, 'SAXO - MODULO 4', NULL, 'ANUAL', 'https://docs.google.com/document/d/1SptBy60Sk7TgkMvHdnzBQePBcnq6TCno/edit?usp=drive_link&ouid=107221807239283716444&rtpof=true&sd=true', '2023-09-08 20:52:19', '2023-09-08 20:52:19'),
(98, 'CLARINETE - MODULO 4', NULL, 'ANUAL', 'https://docs.google.com/document/d/1Ytzwf4BFoE6V51gA8tgvmX79T5AxCk0Z/edit?usp=drive_link&ouid=107221807239283716444&rtpof=true&sd=true', '2023-09-08 20:52:30', '2023-09-08 20:52:30'),
(99, 'GUITARRA - MODULO 1', NULL, 'ANUAL', 'https://docs.google.com/document/d/1eri5o8gEsPmMNKhLiw1rMhTogwqsw4hL/edit?usp=drive_link&ouid=107221807239283716444&rtpof=true&sd=true', '2023-09-08 20:52:41', '2023-09-08 20:52:41'),
(100, 'GUITARRA - MODULO 2', NULL, 'ANUAL', 'https://docs.google.com/document/d/1BPje5C7LsPBUkKtHKrXAV-Y8wailC_oq/edit?usp=drive_link&ouid=107221807239283716444&rtpof=true&sd=true', '2023-09-08 20:52:50', '2023-09-08 20:52:50'),
(101, 'GUITARRA - MODULO 3', NULL, 'ANUAL', 'https://docs.google.com/document/d/1aLaNGcm6B4KSxVjij83B61XUEHU0prEO/edit?usp=drive_link&ouid=107221807239283716444&rtpof=true&sd=true', '2023-09-08 20:53:01', '2023-09-08 20:53:01'),
(102, 'GUITARRA - MODULO 4', NULL, 'ANUAL', 'https://docs.google.com/document/d/1QdYLVuMq7x507J-oENGnKRah5to0Rdgs/edit?usp=drive_link&ouid=107221807239283716444&rtpof=true&sd=true', '2023-09-08 20:53:12', '2023-09-08 20:53:12'),
(103, 'GUITARRA - INTRODUCTORIO 1', NULL, 'ANUAL', 'https://docs.google.com/document/d/1wPOEi3GFgrAThqPwLTKM4S2QmEtz1N3z/edit?usp=drive_link&ouid=107221807239283716444&rtpof=true&sd=true', '2023-09-08 20:53:25', '2023-09-08 20:53:25'),
(104, 'GUITARRA - INTRODUCTORIO 2', NULL, 'ANUAL', 'https://docs.google.com/document/d/1d3z-aVP0yTXqBBKJys0RGCuSoZ-PyJ-q/edit?usp=drive_link&ouid=107221807239283716444&rtpof=true&sd=true', '2023-09-08 20:53:34', '2023-09-08 20:53:34'),
(105, 'GUITARRA - BASICO 1', NULL, 'ANUAL', 'https://docs.google.com/document/d/1Jnrwkl7riuCoziLFh_yPP-6fDU6H9ONo/edit?usp=drive_link&ouid=107221807239283716444&rtpof=true&sd=true', '2023-09-08 20:53:49', '2023-09-08 20:53:49'),
(106, 'GUITARRA - BASICO 2', NULL, 'ANUAL', 'https://docs.google.com/document/d/1AIssedTEzZtyPHuqpkMmRm3R3TZpMqcj/edit?usp=drive_link&ouid=107221807239283716444&rtpof=true&sd=true', '2023-09-08 20:53:58', '2023-09-08 20:53:58'),
(107, 'GUITARRA - BASICO 3', NULL, 'ANUAL', 'https://docs.google.com/document/d/1Owxn6z4PA5iPGQ_0LM_Co2cwbFJoTMeD/edit?usp=drive_link&ouid=107221807239283716444&rtpof=true&sd=true', '2023-09-08 20:54:06', '2023-09-08 20:54:06'),
(108, 'CORO DE ADULTOS', NULL, 'ANUAL', NULL, '2023-10-11 22:06:05', '2023-10-11 22:06:05'),
(109, 'CORO INFANTIL', NULL, 'ANUAL', NULL, '2023-10-11 22:06:26', '2023-10-11 22:06:26'),
(110, 'CORO AMANECER', NULL, 'ANUAL', NULL, '2023-10-18 19:36:46', '2023-10-18 19:36:46');

-- --------------------------------------------------------

--
-- Estructura de tabla para la tabla `materias_x_carreras`
--

CREATE TABLE `materias_x_carreras` (
  `id` int(10) UNSIGNED NOT NULL,
  `id_carrera` int(11) NOT NULL,
  `id_materia` int(11) NOT NULL,
  `created_at` timestamp NULL DEFAULT NULL,
  `updated_at` timestamp NULL DEFAULT NULL
) ENGINE=InnoDB DEFAULT CHARSET=utf8mb4 COLLATE=utf8mb4_unicode_ci;

--
-- Volcado de datos para la tabla `materias_x_carreras`
--

INSERT INTO `materias_x_carreras` (`id`, `id_carrera`, `id_materia`, `created_at`, `updated_at`) VALUES
(11, 9, 67, '2023-10-10 17:10:11', '2023-10-10 17:10:11'),
(12, 9, 68, '2023-10-10 17:13:45', '2023-10-10 17:13:45'),
(13, 9, 69, '2023-10-10 17:14:00', '2023-10-10 17:14:00'),
(14, 9, 75, '2023-10-10 17:14:17', '2023-10-10 17:14:17'),
(15, 9, 76, '2023-10-10 17:14:40', '2023-10-10 17:14:40'),
(16, 9, 77, '2023-10-10 17:15:11', '2023-10-10 17:15:11'),
(17, 9, 83, '2023-10-10 17:15:42', '2023-10-10 17:15:42'),
(18, 9, 84, '2023-10-10 17:15:59', '2023-10-10 17:16:36'),
(19, 9, 85, '2023-10-10 17:16:20', '2023-10-10 17:16:20'),
(20, 9, 91, '2023-10-10 17:16:59', '2023-10-10 17:16:59'),
(21, 9, 92, '2023-10-10 17:17:17', '2023-10-10 17:17:17'),
(22, 9, 93, '2023-10-10 17:17:33', '2023-10-10 17:17:33'),
(23, 10, 67, '2023-10-10 17:17:52', '2023-10-10 17:17:52'),
(24, 10, 68, '2023-10-10 17:18:06', '2023-10-10 17:18:06'),
(25, 10, 99, '2023-10-10 17:18:18', '2023-10-10 17:18:18'),
(26, 10, 75, '2023-10-10 17:18:43', '2023-10-10 17:18:43'),
(27, 10, 76, '2023-10-10 17:18:54', '2023-10-10 17:18:54'),
(28, 10, 100, '2023-10-10 17:19:09', '2023-10-10 17:19:09'),
(29, 10, 83, '2023-10-10 17:19:50', '2023-10-10 17:19:50'),
(30, 10, 84, '2023-10-10 17:20:01', '2023-10-10 17:20:01'),
(31, 10, 101, '2023-10-10 17:20:12', '2023-10-10 17:20:12'),
(32, 10, 102, '2023-10-10 17:20:45', '2023-10-10 17:27:11'),
(33, 10, 91, '2023-10-10 17:21:02', '2023-10-10 17:21:02'),
(35, 10, 92, '2023-10-10 17:27:25', '2023-10-10 17:27:25'),
(36, 11, 67, '2023-10-10 17:27:45', '2023-10-10 17:27:45'),
(37, 11, 68, '2023-10-10 17:28:06', '2023-10-10 17:28:06'),
(38, 11, 70, '2023-10-10 17:28:19', '2023-10-10 17:28:19'),
(39, 11, 75, '2023-10-10 17:28:36', '2023-10-10 17:28:36'),
(40, 11, 76, '2023-10-10 17:28:50', '2023-10-10 17:28:50'),
(41, 11, 78, '2023-10-10 17:29:01', '2023-10-10 17:29:01'),
(42, 11, 83, '2023-10-10 17:29:17', '2023-10-10 17:29:17'),
(43, 11, 84, '2023-10-10 17:29:32', '2023-10-10 17:29:32'),
(44, 11, 86, '2023-10-10 17:29:44', '2023-10-10 17:29:44'),
(45, 11, 91, '2023-10-10 17:29:57', '2023-10-10 17:29:57'),
(46, 11, 92, '2023-10-10 17:30:14', '2023-10-10 17:30:14'),
(47, 11, 94, '2023-10-10 17:30:40', '2023-10-10 17:30:40'),
(48, 15, 67, '2023-10-10 17:31:30', '2023-10-10 17:31:30'),
(49, 15, 68, '2023-10-10 17:31:41', '2023-10-10 17:31:41'),
(50, 15, 72, '2023-10-10 17:31:52', '2023-10-10 17:31:52'),
(51, 15, 75, '2023-10-10 17:32:11', '2023-10-10 17:32:11'),
(52, 15, 76, '2023-10-10 17:32:21', '2023-10-10 17:32:21'),
(53, 15, 80, '2023-10-10 17:32:34', '2023-10-10 17:32:34'),
(54, 15, 83, '2023-10-10 17:33:09', '2023-10-10 17:33:09'),
(55, 15, 84, '2023-10-10 17:33:19', '2023-10-10 17:33:19'),
(56, 15, 88, '2023-10-10 17:33:30', '2023-10-10 17:33:30'),
(57, 15, 91, '2023-10-10 17:33:43', '2023-10-10 17:33:43'),
(58, 15, 92, '2023-10-10 17:33:53', '2023-10-10 17:33:53'),
(59, 15, 96, '2023-10-10 17:34:11', '2023-10-10 17:34:11'),
(60, 12, 67, '2023-10-10 17:35:19', '2023-10-10 17:35:19'),
(61, 12, 75, '2023-10-10 17:35:40', '2023-10-10 17:35:40'),
(62, 12, 83, '2023-10-10 17:36:10', '2023-10-10 17:36:10'),
(63, 12, 91, '2023-10-10 17:36:20', '2023-10-10 17:36:20'),
(64, 12, 68, '2023-10-10 17:36:29', '2023-10-10 17:36:29'),
(65, 12, 76, '2023-10-10 17:36:41', '2023-10-10 17:36:41'),
(66, 12, 84, '2023-10-10 17:37:00', '2023-10-10 17:37:00'),
(67, 12, 92, '2023-10-10 17:37:10', '2023-10-10 17:37:10'),
(68, 12, 71, '2023-10-10 17:37:22', '2023-10-10 17:37:22'),
(69, 12, 79, '2023-10-10 17:37:29', '2023-10-10 17:37:29'),
(70, 12, 87, '2023-10-10 17:37:39', '2023-10-10 17:37:44'),
(71, 12, 95, '2023-10-10 17:37:52', '2023-10-10 17:37:52'),
(72, 13, 67, '2023-10-10 17:38:32', '2023-10-10 17:38:32'),
(73, 13, 75, '2023-10-10 17:38:48', '2023-10-10 17:38:48'),
(74, 13, 83, '2023-10-10 17:38:59', '2023-10-10 17:38:59'),
(75, 13, 91, '2023-10-10 17:39:11', '2023-10-10 17:39:11'),
(76, 13, 68, '2023-10-10 17:39:26', '2023-10-10 17:39:26'),
(77, 13, 76, '2023-10-10 17:39:39', '2023-10-10 17:39:39'),
(78, 13, 84, '2023-10-10 17:39:52', '2023-10-10 17:39:52'),
(79, 13, 92, '2023-10-10 17:40:04', '2023-10-10 17:40:12'),
(80, 13, 73, '2023-10-10 17:40:28', '2023-10-10 17:40:28'),
(81, 13, 81, '2023-10-10 17:40:42', '2023-10-10 17:40:42'),
(82, 13, 89, '2023-10-10 17:40:57', '2023-10-10 17:40:57'),
(83, 13, 97, '2023-10-10 17:41:11', '2023-10-10 17:41:11'),
(84, 14, 67, '2023-10-10 17:41:27', '2023-10-10 17:41:27'),
(85, 14, 75, '2023-10-10 17:41:45', '2023-10-10 17:41:45'),
(86, 14, 83, '2023-10-10 17:41:56', '2023-10-10 17:41:56'),
(87, 14, 91, '2023-10-10 17:42:12', '2023-10-10 17:42:12'),
(88, 14, 68, '2023-10-10 17:42:22', '2023-10-10 17:42:22'),
(89, 14, 76, '2023-10-10 17:42:34', '2023-10-10 17:42:34'),
(90, 14, 84, '2023-10-10 17:42:44', '2023-10-10 17:42:44'),
(91, 14, 92, '2023-10-10 17:42:57', '2023-10-10 17:43:07'),
(92, 14, 74, '2023-10-10 17:43:17', '2023-10-10 17:43:17'),
(93, 14, 82, '2023-10-10 17:43:29', '2023-10-10 17:43:29'),
(94, 14, 90, '2023-10-10 17:43:38', '2023-10-10 17:43:38'),
(95, 14, 98, '2023-10-10 17:43:49', '2023-10-10 17:43:49'),
(96, 1, 1, '2023-10-11 21:00:35', '2023-10-11 21:00:35'),
(97, 1, 2, '2023-10-11 21:00:48', '2023-10-11 21:00:48'),
(98, 1, 9, '2023-10-11 21:01:13', '2023-10-11 21:01:13'),
(99, 1, 10, '2023-10-11 21:01:29', '2023-10-11 21:01:29'),
(100, 1, 11, '2023-10-11 21:01:41', '2023-10-11 21:01:41'),
(101, 1, 18, '2023-10-11 21:01:55', '2023-10-11 21:01:55'),
(102, 1, 19, '2023-10-11 21:02:08', '2023-10-11 21:02:08'),
(103, 1, 20, '2023-10-11 21:02:21', '2023-10-11 21:02:21'),
(104, 1, 21, '2023-10-11 21:02:30', '2023-10-11 21:02:30'),
(105, 1, 28, '2023-10-11 21:02:40', '2023-10-11 21:02:40'),
(106, 1, 31, '2023-10-11 21:02:51', '2023-10-11 21:02:51'),
(107, 1, 32, '2023-10-11 21:03:05', '2023-10-11 21:03:05'),
(108, 1, 33, '2023-10-11 21:03:13', '2023-10-11 21:03:13'),
(109, 1, 42, '2023-10-11 21:03:24', '2023-10-11 21:03:24'),
(110, 1, 43, '2023-10-11 21:03:35', '2023-10-11 21:03:35'),
(111, 1, 44, '2023-10-11 21:03:45', '2023-10-11 21:03:45'),
(112, 1, 53, '2023-10-11 21:04:05', '2023-10-11 21:04:05'),
(113, 1, 3, '2023-10-11 21:04:20', '2023-10-11 21:04:20'),
(114, 1, 12, '2023-10-11 21:04:30', '2023-10-11 21:04:30'),
(115, 1, 22, '2023-10-11 21:04:40', '2023-10-11 21:04:40'),
(116, 1, 34, '2023-10-11 21:04:55', '2023-10-11 21:04:55'),
(117, 1, 45, '2023-10-11 21:05:13', '2023-10-11 21:05:13'),
(118, 2, 1, '2023-10-11 21:05:28', '2023-10-11 21:05:28'),
(119, 2, 2, '2023-10-11 21:05:37', '2023-10-11 21:05:37'),
(120, 2, 9, '2023-10-11 21:05:49', '2023-10-11 21:05:49'),
(121, 2, 10, '2023-10-11 21:06:05', '2023-10-11 21:06:05'),
(122, 2, 11, '2023-10-11 21:06:16', '2023-10-11 21:06:16'),
(123, 2, 18, '2023-10-11 21:06:31', '2023-10-11 21:06:31'),
(124, 2, 19, '2023-10-11 21:06:41', '2023-10-11 21:06:41'),
(125, 2, 20, '2023-10-11 21:06:52', '2023-10-11 21:06:52'),
(126, 2, 21, '2023-10-11 21:07:02', '2023-10-11 21:07:02'),
(127, 2, 28, '2023-10-11 21:07:12', '2023-10-11 21:07:12'),
(128, 2, 31, '2023-10-11 21:07:23', '2023-10-11 21:07:23'),
(129, 2, 32, '2023-10-11 21:07:35', '2023-10-11 21:07:35'),
(130, 2, 33, '2023-10-11 21:07:46', '2023-10-11 21:07:46'),
(131, 2, 42, '2023-10-11 21:07:58', '2023-10-11 21:07:58'),
(132, 2, 43, '2023-10-11 21:08:06', '2023-10-11 21:08:06'),
(133, 2, 44, '2023-10-11 21:08:17', '2023-10-11 21:08:17'),
(134, 2, 53, '2023-10-11 21:08:27', '2023-10-11 21:08:27'),
(135, 2, 103, '2023-10-11 21:08:39', '2023-10-11 21:08:39'),
(136, 2, 104, '2023-10-11 21:08:49', '2023-10-11 21:08:49'),
(137, 2, 105, '2023-10-11 21:09:00', '2023-10-11 21:09:00'),
(138, 2, 106, '2023-10-11 21:09:08', '2023-10-11 21:09:08'),
(139, 2, 107, '2023-10-11 21:09:20', '2023-10-11 21:09:20'),
(140, 3, 1, '2023-10-11 21:09:33', '2023-10-11 21:09:33'),
(141, 3, 2, '2023-10-11 21:09:42', '2023-10-11 21:09:42'),
(142, 3, 9, '2023-10-11 21:09:58', '2023-10-11 21:09:58'),
(143, 3, 10, '2023-10-11 21:10:11', '2023-10-11 21:10:11'),
(144, 3, 11, '2023-10-11 21:10:21', '2023-10-11 21:10:21'),
(145, 3, 18, '2023-10-11 21:10:33', '2023-10-11 21:10:33'),
(146, 3, 19, '2023-10-11 21:10:40', '2023-10-11 21:10:40'),
(147, 3, 20, '2023-10-11 21:10:57', '2023-10-11 21:10:57'),
(148, 3, 21, '2023-10-11 21:11:05', '2023-10-11 21:11:05'),
(149, 3, 28, '2023-10-11 21:11:15', '2023-10-11 21:11:15'),
(150, 3, 31, '2023-10-11 21:11:26', '2023-10-11 21:11:26'),
(152, 3, 29, '2023-10-11 21:15:23', '2023-10-11 21:15:23'),
(153, 3, 32, '2023-10-11 21:15:35', '2023-10-11 21:15:35'),
(154, 3, 33, '2023-10-11 21:15:44', '2023-10-11 21:15:44'),
(156, 3, 40, '2023-10-11 21:16:03', '2023-10-11 21:16:03'),
(157, 3, 42, '2023-10-11 21:16:14', '2023-10-11 21:16:14'),
(158, 3, 43, '2023-10-11 21:16:21', '2023-10-11 21:16:21'),
(159, 3, 44, '2023-10-11 21:16:31', '2023-10-11 21:16:31'),
(161, 3, 51, '2023-10-11 21:16:52', '2023-10-11 21:16:52'),
(162, 3, 53, '2023-10-11 21:17:04', '2023-10-11 21:17:04'),
(163, 3, 4, '2023-10-11 21:17:14', '2023-10-11 21:17:14'),
(164, 3, 13, '2023-10-11 21:17:27', '2023-10-11 21:17:27'),
(165, 3, 23, '2023-10-11 21:17:39', '2023-10-11 21:17:39'),
(166, 3, 35, '2023-10-11 21:17:50', '2023-10-11 21:17:50'),
(167, 3, 46, '2023-10-11 21:18:01', '2023-10-11 21:18:01'),
(168, 7, 1, '2023-10-11 21:19:41', '2023-10-11 21:19:41'),
(169, 7, 2, '2023-10-11 21:19:54', '2023-10-11 21:19:54'),
(170, 7, 9, '2023-10-11 21:20:08', '2023-10-11 21:20:08'),
(171, 7, 10, '2023-10-11 21:20:23', '2023-10-11 21:20:23'),
(172, 7, 11, '2023-10-11 21:20:36', '2023-10-11 21:20:36'),
(173, 7, 18, '2023-10-11 21:20:51', '2023-10-11 21:20:51'),
(174, 7, 19, '2023-10-11 21:21:01', '2023-10-11 21:21:01'),
(175, 7, 20, '2023-10-11 21:21:12', '2023-10-11 21:21:12'),
(176, 7, 21, '2023-10-11 21:21:20', '2023-10-11 21:21:20'),
(177, 7, 28, '2023-10-11 21:21:29', '2023-10-11 21:21:29'),
(178, 7, 31, '2023-10-11 21:21:38', '2023-10-11 21:21:38'),
(180, 7, 29, '2023-10-11 21:21:59', '2023-10-11 21:21:59'),
(181, 7, 32, '2023-10-11 21:22:12', '2023-10-11 21:22:12'),
(182, 7, 33, '2023-10-11 21:22:20', '2023-10-11 21:22:20'),
(184, 7, 40, '2023-10-11 21:22:43', '2023-10-11 21:22:43'),
(185, 7, 42, '2023-10-11 21:22:56', '2023-10-11 21:22:56'),
(186, 7, 43, '2023-10-11 21:23:05', '2023-10-11 21:23:05'),
(187, 7, 44, '2023-10-11 21:23:13', '2023-10-11 21:23:13'),
(189, 7, 51, '2023-10-11 21:23:33', '2023-10-11 21:23:33'),
(190, 7, 53, '2023-10-11 21:23:43', '2023-10-11 21:23:43'),
(191, 7, 6, '2023-10-11 21:23:56', '2023-10-11 21:23:56'),
(192, 7, 15, '2023-10-11 21:24:06', '2023-10-11 21:24:06'),
(193, 7, 25, '2023-10-11 21:24:16', '2023-10-11 21:24:16'),
(194, 7, 37, '2023-10-11 21:24:26', '2023-10-11 21:24:26'),
(195, 7, 48, '2023-10-11 21:24:35', '2023-10-11 21:24:35'),
(196, 4, 1, '2023-10-11 21:24:51', '2023-10-11 21:24:51'),
(197, 4, 2, '2023-10-11 21:25:01', '2023-10-11 21:25:01'),
(198, 4, 9, '2023-10-11 21:25:16', '2023-10-11 21:25:16'),
(199, 4, 10, '2023-10-11 21:25:27', '2023-10-11 21:25:27'),
(200, 4, 11, '2023-10-11 21:25:39', '2023-10-11 21:25:39'),
(201, 4, 18, '2023-10-11 21:25:52', '2023-10-11 21:25:52'),
(202, 4, 19, '2023-10-11 21:26:01', '2023-10-11 21:26:01'),
(203, 4, 20, '2023-10-11 21:26:11', '2023-10-11 21:26:11'),
(204, 4, 21, '2023-10-11 21:26:20', '2023-10-11 21:26:20'),
(205, 4, 28, '2023-10-11 21:26:29', '2023-10-11 21:26:29'),
(206, 4, 31, '2023-10-11 21:26:42', '2023-10-11 21:26:42'),
(208, 4, 29, '2023-10-11 21:27:02', '2023-10-11 21:27:02'),
(209, 4, 32, '2023-10-11 21:27:12', '2023-10-11 21:27:12'),
(210, 4, 33, '2023-10-11 21:27:20', '2023-10-11 21:27:20'),
(212, 4, 40, '2023-10-11 21:27:46', '2023-10-11 21:27:46'),
(213, 4, 42, '2023-10-11 21:27:58', '2023-10-11 21:27:58'),
(214, 4, 43, '2023-10-11 21:28:05', '2023-10-11 21:28:05'),
(215, 4, 44, '2023-10-11 21:28:17', '2023-10-11 21:28:17'),
(217, 4, 51, '2023-10-11 21:28:39', '2023-10-11 21:28:39'),
(218, 4, 53, '2023-10-11 21:28:50', '2023-10-11 21:28:50'),
(219, 4, 5, '2023-10-11 21:29:03', '2023-10-11 21:29:03'),
(220, 4, 14, '2023-10-11 21:29:13', '2023-10-11 21:29:13'),
(221, 4, 24, '2023-10-11 21:29:23', '2023-10-11 21:29:23'),
(222, 4, 36, '2023-10-11 21:29:35', '2023-10-11 21:29:35'),
(223, 4, 47, '2023-10-11 21:29:44', '2023-10-11 21:29:44'),
(224, 5, 1, '2023-10-11 21:30:42', '2023-10-11 21:30:42'),
(225, 5, 2, '2023-10-11 21:30:52', '2023-10-11 21:30:52'),
(226, 5, 9, '2023-10-11 21:31:03', '2023-10-11 21:31:03'),
(227, 5, 10, '2023-10-11 21:31:14', '2023-10-11 21:31:14'),
(228, 5, 11, '2023-10-11 21:31:25', '2023-10-11 21:31:25'),
(229, 5, 18, '2023-10-11 21:31:39', '2023-10-11 21:31:39'),
(230, 5, 19, '2023-10-11 21:31:46', '2023-10-11 21:31:46'),
(231, 5, 20, '2023-10-11 21:31:59', '2023-10-11 21:31:59'),
(232, 5, 21, '2023-10-11 21:32:09', '2023-10-11 21:32:09'),
(233, 5, 28, '2023-10-11 21:32:18', '2023-10-11 21:32:18'),
(234, 5, 31, '2023-10-11 21:32:31', '2023-10-11 21:32:31'),
(236, 5, 29, '2023-10-11 21:32:53', '2023-10-11 21:32:53'),
(237, 5, 32, '2023-10-11 21:33:07', '2023-10-11 21:33:07'),
(238, 5, 33, '2023-10-11 21:33:16', '2023-10-11 21:33:16'),
(240, 5, 40, '2023-10-11 21:33:38', '2023-10-11 21:33:38'),
(241, 5, 42, '2023-10-11 21:33:50', '2023-10-11 21:33:50'),
(242, 5, 43, '2023-10-11 21:33:57', '2023-10-11 21:33:57'),
(243, 5, 44, '2023-10-11 21:34:06', '2023-10-11 21:34:06'),
(245, 5, 51, '2023-10-11 21:34:31', '2023-10-11 21:34:31'),
(246, 5, 53, '2023-10-11 21:34:40', '2023-10-11 21:34:40'),
(247, 5, 7, '2023-10-11 21:34:53', '2023-10-11 21:34:53'),
(248, 5, 16, '2023-10-11 21:35:04', '2023-10-11 21:35:04'),
(249, 5, 26, '2023-10-11 21:35:15', '2023-10-11 21:35:15'),
(250, 5, 38, '2023-10-11 21:35:26', '2023-10-11 21:35:26'),
(251, 5, 49, '2023-10-11 21:35:37', '2023-10-11 21:35:37'),
(252, 6, 1, '2023-10-11 21:35:53', '2023-10-11 21:35:53'),
(253, 6, 2, '2023-10-11 21:36:02', '2023-10-11 21:36:02'),
(254, 6, 9, '2023-10-11 21:36:16', '2023-10-11 21:36:16'),
(255, 6, 10, '2023-10-11 21:36:30', '2023-10-11 21:36:30'),
(256, 6, 11, '2023-10-11 21:36:43', '2023-10-11 21:36:43'),
(257, 6, 18, '2023-10-11 21:36:54', '2023-10-11 21:36:54'),
(258, 6, 19, '2023-10-11 21:37:02', '2023-10-11 21:37:02'),
(259, 6, 20, '2023-10-11 21:37:15', '2023-10-11 21:37:15'),
(260, 6, 21, '2023-10-11 21:37:24', '2023-10-11 21:37:24'),
(261, 6, 28, '2023-10-11 21:37:34', '2023-10-11 21:37:34'),
(262, 6, 31, '2023-10-11 21:37:45', '2023-10-11 21:37:45'),
(264, 6, 29, '2023-10-11 21:38:06', '2023-10-11 21:38:06'),
(265, 6, 32, '2023-10-11 21:38:28', '2023-10-11 21:38:28'),
(266, 6, 33, '2023-10-11 21:38:36', '2023-10-11 21:38:36'),
(268, 6, 40, '2023-10-11 21:38:53', '2023-10-11 21:38:53'),
(269, 6, 42, '2023-10-11 21:39:02', '2023-10-11 21:39:02'),
(270, 6, 43, '2023-10-11 21:39:10', '2023-10-11 21:39:10'),
(271, 6, 44, '2023-10-11 21:39:20', '2023-10-11 21:39:20'),
(273, 6, 51, '2023-10-11 21:39:38', '2023-10-11 21:39:38'),
(274, 6, 53, '2023-10-11 21:39:53', '2023-10-11 21:39:53'),
(275, 6, 8, '2023-10-11 21:40:01', '2023-10-11 21:40:01'),
(276, 6, 17, '2023-10-11 21:40:09', '2023-10-11 21:40:09'),
(277, 6, 27, '2023-10-11 21:40:17', '2023-10-11 21:40:17'),
(278, 6, 39, '2023-10-11 21:40:24', '2023-10-11 21:40:24'),
(279, 6, 50, '2023-10-11 21:40:32', '2023-10-11 21:40:32'),
(280, 8, 1, '2023-10-11 21:40:51', '2023-10-11 21:40:51'),
(281, 8, 2, '2023-10-11 21:41:00', '2023-10-11 21:41:00'),
(282, 8, 9, '2023-10-11 21:41:10', '2023-10-11 21:41:10'),
(283, 8, 61, '2023-10-11 21:41:19', '2023-10-11 21:41:19'),
(284, 8, 59, '2023-10-11 21:41:28', '2023-10-11 21:41:28'),
(285, 8, 10, '2023-10-11 21:41:37', '2023-10-11 21:41:37'),
(286, 8, 11, '2023-10-11 21:41:45', '2023-10-11 21:41:45'),
(287, 8, 18, '2023-10-11 21:41:57', '2023-10-11 21:41:57'),
(288, 8, 19, '2023-10-11 21:42:04', '2023-10-11 21:42:04'),
(289, 8, 62, '2023-10-11 21:42:13', '2023-10-11 21:42:13'),
(290, 8, 60, '2023-10-11 21:42:22', '2023-10-11 21:42:22'),
(291, 8, 20, '2023-10-11 21:42:32', '2023-10-11 21:42:32'),
(292, 8, 21, '2023-10-11 21:42:40', '2023-10-11 21:42:40'),
(293, 8, 28, '2023-10-11 21:42:50', '2023-10-11 21:42:50'),
(294, 8, 31, '2023-10-11 21:43:03', '2023-10-11 21:43:03'),
(296, 8, 29, '2023-10-11 21:43:20', '2023-10-11 21:43:20'),
(297, 8, 63, '2023-10-11 21:43:29', '2023-10-11 21:43:29'),
(298, 8, 64, '2023-10-11 21:43:38', '2023-10-11 21:43:38'),
(299, 8, 32, '2023-10-11 21:43:47', '2023-10-11 21:43:47'),
(300, 8, 33, '2023-10-11 21:44:00', '2023-10-11 21:44:00'),
(302, 8, 40, '2023-10-11 21:44:25', '2023-10-11 21:44:25'),
(303, 8, 42, '2023-10-11 21:44:38', '2023-10-11 21:44:38'),
(304, 8, 65, '2023-10-11 21:44:50', '2023-10-11 21:44:50'),
(305, 8, 43, '2023-10-11 21:44:58', '2023-10-11 21:44:58'),
(306, 8, 44, '2023-10-11 21:45:07', '2023-10-11 21:45:07'),
(308, 8, 51, '2023-10-11 21:45:28', '2023-10-11 21:45:28'),
(309, 8, 66, '2023-10-11 21:45:37', '2023-10-11 21:45:37'),
(310, 8, 54, '2023-10-11 21:45:46', '2023-10-11 21:45:46'),
(311, 8, 55, '2023-10-11 21:45:53', '2023-10-11 21:45:53'),
(312, 8, 56, '2023-10-11 21:46:00', '2023-10-11 21:46:00'),
(313, 8, 57, '2023-10-11 21:46:06', '2023-10-11 21:46:06'),
(314, 8, 58, '2023-10-11 21:46:14', '2023-10-11 21:46:14'),
(315, 17, 108, '2023-10-11 22:06:55', '2023-10-11 22:06:55'),
(316, 16, 109, '2023-10-11 22:07:10', '2023-10-11 22:07:10'),
(317, 19, 110, '2023-10-18 19:37:02', '2023-10-18 19:37:02'),
(318, 20, 1, '2023-10-23 20:21:07', '2023-10-23 20:21:07'),
(319, 20, 2, '2023-10-23 20:21:24', '2023-10-23 20:21:24'),
(320, 20, 9, '2023-10-23 20:21:44', '2023-10-23 20:21:44'),
(321, 20, 10, '2023-10-23 20:21:58', '2023-10-23 20:21:58'),
(322, 20, 11, '2023-10-23 20:22:14', '2023-10-23 20:22:14'),
(323, 20, 19, '2023-10-23 20:22:23', '2023-10-23 20:22:23'),
(324, 20, 20, '2023-10-23 20:22:37', '2023-10-23 20:22:37'),
(325, 20, 21, '2023-10-23 20:22:50', '2023-10-23 20:22:50'),
(326, 20, 28, '2023-10-23 20:22:59', '2023-10-23 20:22:59'),
(327, 20, 31, '2023-10-23 20:23:23', '2023-10-23 20:23:23'),
(328, 20, 30, '2023-10-23 20:23:35', '2023-10-23 20:23:35'),
(329, 20, 32, '2023-10-23 20:23:47', '2023-10-23 20:23:47'),
(330, 20, 33, '2023-10-23 20:23:59', '2023-10-23 20:23:59'),
(331, 20, 41, '2023-10-23 20:24:19', '2023-10-23 20:24:19'),
(332, 20, 42, '2023-10-23 20:24:31', '2023-10-23 20:24:31'),
(333, 20, 43, '2023-10-23 20:24:47', '2023-10-23 20:24:47'),
(334, 20, 44, '2023-10-23 20:25:02', '2023-10-23 20:25:02'),
(335, 20, 52, '2023-10-23 20:25:13', '2023-10-23 20:25:13'),
(336, 20, 53, '2023-10-23 20:26:29', '2023-10-23 20:26:29'),
(337, 20, 4, '2023-10-23 20:26:45', '2023-10-23 20:26:45'),
(338, 20, 13, '2023-10-23 20:27:18', '2023-10-23 20:27:18'),
(339, 20, 23, '2023-10-23 20:27:30', '2023-10-23 20:27:30'),
(340, 20, 35, '2023-10-23 20:27:41', '2023-10-23 20:27:41'),
(341, 20, 46, '2023-10-23 20:27:55', '2023-10-23 20:27:55'),
(342, 21, 1, '2023-10-23 20:28:23', '2023-10-23 20:28:23'),
(343, 21, 2, '2023-10-23 20:28:42', '2023-10-23 20:28:42'),
(344, 21, 9, '2023-10-23 20:28:53', '2023-10-23 20:28:53'),
(345, 21, 10, '2023-10-23 20:29:13', '2023-10-23 20:29:13'),
(346, 21, 11, '2023-10-23 20:29:24', '2023-10-23 20:29:24'),
(347, 21, 18, '2023-10-23 20:29:34', '2023-10-23 20:29:34'),
(348, 21, 19, '2023-10-23 20:29:55', '2023-10-23 20:29:55'),
(349, 21, 20, '2023-10-23 20:30:08', '2023-10-23 20:30:08'),
(350, 21, 21, '2023-10-23 20:30:17', '2023-10-23 20:30:17'),
(351, 21, 28, '2023-10-23 20:30:23', '2023-10-23 20:30:23'),
(352, 21, 31, '2023-10-23 20:30:33', '2023-10-23 20:30:33'),
(353, 21, 30, '2023-10-23 20:30:44', '2023-10-23 20:30:44'),
(354, 21, 32, '2023-10-23 20:30:54', '2023-10-23 20:30:54'),
(355, 21, 33, '2023-10-23 20:31:05', '2023-10-23 20:31:05'),
(356, 21, 41, '2023-10-23 20:31:16', '2023-10-23 20:31:16'),
(357, 21, 42, '2023-10-23 20:31:26', '2023-10-23 20:31:26'),
(358, 21, 43, '2023-10-23 20:31:35', '2023-10-23 20:31:35'),
(359, 21, 44, '2023-10-23 20:31:44', '2023-10-23 20:31:44'),
(360, 21, 52, '2023-10-23 20:31:54', '2023-10-23 20:31:54'),
(361, 21, 53, '2023-10-23 20:32:05', '2023-10-23 20:32:05'),
(362, 21, 6, '2023-10-23 20:32:16', '2023-10-23 20:32:16'),
(363, 21, 15, '2023-10-23 20:32:26', '2023-10-23 20:32:26'),
(364, 21, 25, '2023-10-23 20:32:35', '2023-10-23 20:32:35'),
(365, 21, 37, '2023-10-23 20:32:47', '2023-10-23 20:32:47'),
(366, 21, 48, '2023-10-23 20:33:04', '2023-10-23 20:33:04'),
(367, 22, 1, '2023-10-23 20:33:38', '2023-10-23 20:34:20'),
(368, 22, 2, '2023-10-23 20:34:10', '2023-10-23 20:34:10'),
(369, 22, 9, '2023-10-23 20:34:32', '2023-10-23 20:34:32'),
(370, 22, 10, '2023-10-23 20:34:45', '2023-10-23 20:34:45'),
(371, 22, 11, '2023-10-23 20:34:57', '2023-10-23 20:34:57'),
(372, 22, 18, '2023-10-23 20:35:09', '2023-10-23 20:35:09'),
(373, 22, 19, '2023-10-23 20:35:19', '2023-10-23 20:35:19'),
(374, 22, 20, '2023-10-23 20:35:29', '2023-10-23 20:35:29'),
(375, 22, 21, '2023-10-23 20:35:45', '2023-10-23 20:35:45'),
(376, 22, 28, '2023-10-23 20:35:54', '2023-10-23 20:35:54'),
(377, 22, 31, '2023-10-23 20:36:06', '2023-10-23 20:36:06'),
(378, 22, 30, '2023-10-23 20:37:17', '2023-10-23 20:37:17'),
(379, 22, 32, '2023-10-23 20:37:30', '2023-10-23 20:37:30'),
(380, 22, 33, '2023-10-23 20:37:42', '2023-10-23 20:37:42'),
(381, 22, 41, '2023-10-23 20:37:53', '2023-10-23 20:37:53'),
(382, 22, 42, '2023-10-23 20:38:06', '2023-10-23 20:38:06'),
(383, 22, 43, '2023-10-23 20:38:17', '2023-10-23 20:38:17'),
(384, 22, 44, '2023-10-23 20:38:29', '2023-10-23 20:38:29'),
(385, 22, 52, '2023-10-23 20:38:40', '2023-10-23 20:38:40'),
(386, 22, 53, '2023-10-23 20:38:53', '2023-10-23 20:38:53'),
(387, 22, 5, '2023-10-23 20:39:17', '2023-10-23 20:39:17'),
(388, 22, 14, '2023-10-23 20:39:32', '2023-10-23 20:39:32'),
(389, 22, 24, '2023-10-23 20:39:49', '2023-10-23 20:39:49'),
(390, 22, 36, '2023-10-23 20:40:08', '2023-10-23 20:40:08'),
(391, 22, 47, '2023-10-23 20:40:23', '2023-10-23 20:40:23'),
(392, 23, 1, '2023-10-23 20:40:45', '2023-10-23 20:40:45'),
(393, 23, 2, '2023-10-23 20:40:58', '2023-10-23 20:40:58'),
(394, 23, 9, '2023-10-23 20:41:08', '2023-10-23 20:41:08'),
(395, 23, 10, '2023-10-23 20:41:19', '2023-10-23 20:41:19'),
(396, 23, 11, '2023-10-23 20:41:51', '2023-10-23 20:42:01'),
(397, 23, 18, '2023-10-23 20:42:14', '2023-10-23 20:42:14'),
(398, 23, 19, '2023-10-23 20:42:22', '2023-10-23 20:42:22'),
(399, 23, 20, '2023-10-23 20:42:34', '2023-10-23 20:42:34'),
(400, 23, 21, '2023-10-23 20:42:43', '2023-10-23 20:42:43'),
(401, 23, 28, '2023-10-23 20:42:51', '2023-10-23 20:42:51'),
(402, 23, 31, '2023-10-23 20:43:04', '2023-10-23 20:43:04'),
(403, 23, 30, '2023-10-23 20:43:20', '2023-10-23 20:43:20'),
(404, 23, 32, '2023-10-23 20:43:30', '2023-10-23 20:43:30'),
(405, 23, 33, '2023-10-23 20:43:40', '2023-10-23 20:43:40'),
(406, 23, 41, '2023-10-23 20:43:51', '2023-10-23 20:43:51'),
(407, 23, 42, '2023-10-23 20:44:01', '2023-10-23 20:44:01'),
(408, 23, 43, '2023-10-23 20:44:12', '2023-10-23 20:44:12'),
(409, 23, 44, '2023-10-23 20:44:21', '2023-10-23 20:44:21'),
(410, 23, 52, '2023-10-23 20:44:32', '2023-10-23 20:44:32'),
(411, 23, 53, '2023-10-23 20:44:42', '2023-10-23 20:44:42'),
(412, 23, 7, '2023-10-23 20:44:52', '2023-10-23 20:44:52'),
(413, 23, 16, '2023-10-23 20:45:03', '2023-10-23 20:45:03'),
(414, 23, 26, '2023-10-23 20:45:11', '2023-10-23 20:45:11'),
(415, 23, 38, '2023-10-23 20:45:23', '2023-10-23 20:45:23'),
(416, 23, 49, '2023-10-23 20:45:32', '2023-10-23 20:45:32'),
(417, 24, 1, '2023-10-23 20:45:56', '2023-10-23 20:45:56'),
(418, 24, 2, '2023-10-23 20:46:07', '2023-10-23 20:46:07'),
(419, 24, 9, '2023-10-23 20:46:21', '2023-10-23 20:46:21'),
(420, 24, 10, '2023-10-23 20:46:34', '2023-10-23 20:46:44'),
(421, 24, 11, '2023-10-23 20:46:56', '2023-10-23 20:46:56'),
(422, 24, 18, '2023-10-23 20:47:10', '2023-10-23 20:47:10'),
(423, 24, 19, '2023-10-23 20:47:19', '2023-10-23 20:47:19'),
(424, 24, 20, '2023-10-23 20:47:27', '2023-10-23 20:47:27'),
(425, 24, 21, '2023-10-23 20:47:36', '2023-10-23 20:47:36'),
(426, 24, 28, '2023-10-23 20:47:44', '2023-10-23 20:47:44'),
(427, 24, 31, '2023-10-23 20:47:52', '2023-10-23 20:47:52'),
(428, 24, 30, '2023-10-23 20:48:04', '2023-10-23 20:48:04'),
(429, 24, 32, '2023-10-23 20:48:14', '2023-10-23 20:48:14'),
(430, 24, 33, '2023-10-23 20:48:23', '2023-10-23 20:48:23'),
(431, 24, 41, '2023-10-23 20:48:34', '2023-10-23 20:48:34'),
(432, 24, 42, '2023-10-23 20:48:43', '2023-10-23 20:48:43'),
(433, 24, 43, '2023-10-23 20:48:51', '2023-10-23 20:48:51'),
(434, 24, 44, '2023-10-23 20:49:03', '2023-10-23 20:49:03'),
(435, 24, 52, '2023-10-23 20:49:16', '2023-10-23 20:49:16'),
(436, 24, 53, '2023-10-23 20:49:27', '2023-10-23 20:49:27'),
(437, 24, 8, '2023-10-23 20:49:37', '2023-10-23 20:49:37'),
(438, 24, 17, '2023-10-23 20:49:47', '2023-10-23 20:49:47'),
(439, 24, 27, '2023-10-23 20:49:56', '2023-10-23 20:49:56'),
(440, 24, 39, '2023-10-23 20:50:06', '2023-10-23 20:50:06'),
(441, 24, 50, '2023-10-23 20:50:16', '2023-10-23 20:50:16'),
(442, 25, 1, '2023-10-23 20:50:33', '2023-10-23 20:50:33'),
(443, 25, 2, '2023-10-23 20:50:44', '2023-10-23 20:50:44'),
(444, 25, 9, '2023-10-23 20:50:54', '2023-10-23 20:50:54'),
(445, 25, 61, '2023-10-23 20:51:06', '2023-10-23 20:51:06'),
(446, 25, 59, '2023-10-23 20:51:22', '2023-10-23 20:51:22'),
(447, 25, 10, '2023-10-23 20:51:31', '2023-10-23 20:51:31'),
(448, 25, 11, '2023-10-23 20:51:42', '2023-10-23 20:51:42'),
(449, 25, 18, '2023-10-23 20:51:53', '2023-10-23 20:51:53'),
(450, 25, 19, '2023-10-23 20:52:01', '2023-10-23 20:52:01'),
(451, 25, 62, '2023-10-23 20:52:10', '2023-10-23 20:52:10'),
(452, 25, 60, '2023-10-23 20:52:21', '2023-10-23 20:52:21'),
(453, 25, 20, '2023-10-23 20:52:30', '2023-10-23 20:52:30'),
(454, 25, 21, '2023-10-23 20:52:38', '2023-10-23 20:52:38'),
(455, 25, 28, '2023-10-23 20:52:46', '2023-10-23 20:52:46'),
(456, 25, 31, '2023-10-23 20:52:54', '2023-10-23 20:52:54'),
(457, 25, 30, '2023-10-23 20:53:07', '2023-10-23 20:53:07'),
(458, 25, 63, '2023-10-23 20:53:17', '2023-10-23 20:53:17'),
(459, 25, 64, '2023-10-23 20:53:27', '2023-10-23 20:53:27'),
(460, 25, 32, '2023-10-23 20:53:39', '2023-10-23 20:53:39'),
(461, 25, 33, '2023-10-23 20:53:48', '2023-10-23 20:53:48'),
(462, 25, 41, '2023-10-23 20:54:02', '2023-10-23 20:54:02'),
(463, 25, 42, '2023-10-23 20:54:11', '2023-10-23 20:54:11'),
(464, 25, 42, '2023-10-23 20:54:11', '2023-10-23 20:54:11'),
(465, 25, 65, '2023-10-23 20:54:24', '2023-10-23 20:54:24'),
(466, 25, 43, '2023-10-23 20:54:32', '2023-10-23 20:54:32'),
(467, 25, 44, '2023-10-23 20:54:40', '2023-10-23 20:54:40'),
(468, 25, 52, '2023-10-23 20:54:52', '2023-10-23 20:54:52'),
(469, 25, 53, '2023-10-23 20:55:04', '2023-10-23 20:55:04'),
(470, 25, 66, '2023-10-23 20:55:15', '2023-10-23 20:55:15'),
(471, 25, 54, '2023-10-23 20:55:23', '2023-10-23 20:55:23'),
(472, 25, 55, '2023-10-23 20:55:31', '2023-10-23 20:55:31'),
(473, 25, 56, '2023-10-23 20:55:40', '2023-10-23 20:55:40'),
(474, 25, 57, '2023-10-23 20:55:50', '2023-10-23 20:55:50'),
(475, 25, 58, '2023-10-23 20:55:58', '2023-10-23 20:55:58'),
(476, 8, 53, '2023-12-04 21:11:34', '2023-12-04 21:11:34'),
(477, 26, 1, '2023-12-21 18:32:21', '2023-12-21 18:32:21'),
(478, 26, 2, '2023-12-21 18:32:48', '2023-12-21 18:32:48'),
(479, 26, 9, '2023-12-21 18:33:03', '2023-12-21 18:33:03'),
(480, 26, 10, '2023-12-21 18:33:18', '2023-12-21 18:33:18'),
(481, 26, 11, '2023-12-21 18:33:36', '2023-12-21 18:33:36'),
(482, 26, 18, '2023-12-21 18:33:49', '2023-12-21 18:33:49'),
(483, 26, 19, '2023-12-21 18:34:08', '2023-12-21 18:34:08'),
(484, 26, 20, '2023-12-21 18:34:17', '2023-12-21 18:34:17'),
(485, 26, 21, '2023-12-21 18:34:26', '2023-12-21 18:34:26'),
(486, 26, 28, '2023-12-21 18:34:36', '2023-12-21 18:34:36'),
(487, 26, 31, '2023-12-21 18:34:46', '2023-12-21 18:34:46'),
(488, 26, 32, '2023-12-21 18:34:59', '2023-12-21 18:34:59'),
(489, 26, 33, '2023-12-21 18:35:11', '2023-12-21 18:35:11'),
(490, 26, 42, '2023-12-21 18:35:21', '2023-12-21 18:35:21'),
(491, 26, 43, '2023-12-21 18:36:09', '2023-12-21 18:36:09'),
(492, 26, 44, '2023-12-21 18:36:26', '2023-12-21 18:36:26'),
(493, 26, 53, '2023-12-21 18:36:40', '2023-12-21 18:36:40'),
(494, 26, 4, '2023-12-21 18:36:53', '2023-12-21 18:36:53'),
(495, 26, 13, '2023-12-21 18:37:03', '2023-12-21 18:37:03'),
(496, 26, 23, '2023-12-21 18:37:15', '2023-12-21 18:37:15'),
(497, 26, 35, '2023-12-21 18:37:24', '2023-12-21 18:37:24'),
(498, 26, 46, '2023-12-21 18:37:35', '2023-12-21 18:37:35'),
(499, 26, 61, '2023-12-21 18:37:50', '2023-12-21 18:37:50'),
(500, 26, 59, '2023-12-21 18:56:24', '2023-12-21 18:56:24'),
(501, 26, 62, '2023-12-21 18:56:34', '2023-12-21 18:56:34'),
(502, 26, 60, '2023-12-21 18:56:43', '2023-12-21 18:56:43'),
(503, 26, 30, '2023-12-21 18:56:56', '2023-12-21 18:56:56'),
(504, 26, 63, '2023-12-21 18:57:06', '2023-12-21 18:57:06'),
(505, 26, 41, '2023-12-21 18:57:22', '2023-12-21 18:57:22'),
(506, 26, 52, '2023-12-21 18:57:38', '2023-12-21 18:57:38'),
(507, 26, 54, '2023-12-21 18:57:49', '2023-12-21 18:57:49'),
(508, 26, 55, '2023-12-21 18:57:59', '2023-12-21 18:57:59'),
(509, 26, 56, '2023-12-21 18:58:08', '2023-12-21 18:58:08'),
(510, 26, 57, '2023-12-21 18:58:18', '2023-12-21 18:58:18'),
(511, 26, 58, '2023-12-21 18:58:42', '2023-12-21 18:58:42'),
(512, 26, 64, '2023-12-21 18:58:52', '2023-12-21 18:58:52'),
(513, 26, 65, '2023-12-21 18:59:02', '2023-12-21 18:59:02'),
(514, 26, 66, '2023-12-21 18:59:12', '2023-12-21 18:59:12');

-- --------------------------------------------------------

--
-- Estructura de tabla para la tabla `migrations`
--

CREATE TABLE `migrations` (
  `id` int(10) UNSIGNED NOT NULL,
  `migration` varchar(255) NOT NULL,
  `batch` int(11) NOT NULL
) ENGINE=InnoDB DEFAULT CHARSET=utf8mb4 COLLATE=utf8mb4_unicode_ci;

--
-- Volcado de datos para la tabla `migrations`
--

INSERT INTO `migrations` (`id`, `migration`, `batch`) VALUES
(1, '2014_10_12_000000_create_users_table', 1),
(2, '2014_10_12_100000_create_password_reset_tokens_table', 1),
(3, '2019_08_19_000000_create_failed_jobs_table', 1),
(4, '2019_12_14_000001_create_personal_access_tokens_table', 1),
(5, '2023_04_12_025535_personas', 1),
(6, '2014_10_12_100000_create_password_resets_table', 2),
(7, '2023_07_10_074104_CreateEstudiantesTableNew', 3),
(8, '2023_07_10_074104_CreateCarrerasTable', 4),
(9, '2023_07_10_074104_CreateInscripcionesMateriasTable', 5),
(10, '2023_07_10_074104_CreateInscripcionesExamenesTable', 6),
(11, '2023_07_10_074104_CreateMateriasxCarrera', 7),
(12, '2023_07_10_074104_CreateMateriasTable', 8),
(13, '2023_07_10_074104_CreateCorrelativasTable', 9),
(14, '2023_07_10_074104_CreateExamenesFechasTable', 10),
(15, '2023_07_10_074104_CreateCatedrasTable', 11),
(16, '2023_07_10_074104_CreateProfesoresTable', 12),
(17, '2023_07_10_074104_CreateCalificacionesTable', 13),
(18, '2023_07_10_074104_CreateCalificacionesTableNew', 14);

-- --------------------------------------------------------

--
-- Estructura de tabla para la tabla `password_resets`
--

CREATE TABLE `password_resets` (
  `email` varchar(255) NOT NULL,
  `token` varchar(255) NOT NULL,
  `created_at` timestamp NULL DEFAULT NULL
) ENGINE=InnoDB DEFAULT CHARSET=utf8mb4 COLLATE=utf8mb4_unicode_ci;

-- --------------------------------------------------------

--
-- Estructura de tabla para la tabla `password_reset_tokens`
--

CREATE TABLE `password_reset_tokens` (
  `email` varchar(255) NOT NULL,
  `token` varchar(255) NOT NULL,
  `created_at` timestamp NULL DEFAULT NULL
) ENGINE=InnoDB DEFAULT CHARSET=utf8mb4 COLLATE=utf8mb4_unicode_ci;

--
-- Volcado de datos para la tabla `password_reset_tokens`
--

INSERT INTO `password_reset_tokens` (`email`, `token`, `created_at`) VALUES
('ALBERTOFABIANBORROMEO@GMAIL.COM', '$2y$10$.fQn7ZEiu4BAYt7vxtbhWudTxELkKGJSGEf7jgtJ2Qkr9cxAKwfSW', '2023-11-13 16:05:00'),
('CATUPECU350@GMAIL.COM', '$2y$10$zUt1bwuF4KTLOyJ81458eeoVp/uHYxM4Ui4p5IUl7MOXVNwyGzyCS', '2023-11-13 19:32:44'),
('CERTS.022@GMAIL.COM', '$2y$10$6hAsZGfG0dC2YWTwl8H6LOob.T39CAJWdCCzAlN18kdOP9lXKim.2', '2023-11-13 14:42:25'),
('DANISAINSFRAN@GMAIL.COM', '$2y$10$a23/iXRy8bmozpqGT3Crd.6IsM/FT14LGNtmJMz.t4kxGiDRGwe1W', '2023-12-07 16:38:33'),
('DILAURISEGUROS@YAHOO.COM.AR', '$2y$10$Il/u9Lesy5VxEIw7OatG4OgswVH..QFoadE.bmIHEpCJFAJXJ1dZG', '2023-11-13 14:16:12'),
('ESMERALDAPEYRANO2022@GMAIL.COM', '$2y$10$EZx.rXLYpMFYabzwBkGYdOVA5j8lLjE4wln3rOOl/xixQAIXRWqcG', '2023-11-29 11:05:13'),
('KARICAM1@YAHOO.COM.AR', '$2y$10$HD9tHjCLUzjd1ux3sbQ00emYffeW0BCd2ci1gKCYKOGEbSGvgKBAK', '2023-11-13 14:37:16'),
('LUISDELVALLE@GMAIL.COM', '$2y$10$KZ3flYknJzpj2ViOXFmPyuYKbT/6JabSH6xxdQSxd5VmykEnLZVRO', '2023-09-27 03:09:04'),
('PATRICIANERIPEREZ@GMAIL.COM', '$2y$10$QVMyBUWxTUDdh0AO9UZQC.qkRLfxvmgjs7vXCK7VYj2WQdWnOvpMy', '2023-11-19 15:22:15'),
('ROMINAFERNANDEZ+2@GMAIL.COM', '$2y$10$sakTQE5J/FHrlQZmVKcz4.UGE8aL90UbUV.7dYIRjwd7EkR0xZd9m', '2023-10-31 22:50:42'),
('SILVINADELHOYAL@GMAIL.COM', '$2y$10$Bbn/O2lBymNx4SPEmcmBieGhI4xqbqfkNNrrovDJH9.9dwfIugeZe', '2023-12-08 22:05:12'),
('TOLEDOLUIS706@GMAIL.COM', '$2y$10$pERbxcerMpUpNQxrPi3K/.VPnbk1uffCGDARqkZeYqeR4ULKkT3vO', '2023-11-22 02:23:10'),
('VANESAALE19@GMAIL.COM', '$2y$10$7xEERhu3inOW/OzUlgeytOMHcYtfQUxTyQq1ntI9T3KGq2o2lGrM2', '2023-11-17 18:26:41');

-- --------------------------------------------------------

--
-- Estructura de tabla para la tabla `personal_access_tokens`
--

CREATE TABLE `personal_access_tokens` (
  `id` bigint(20) UNSIGNED NOT NULL,
  `tokenable_type` varchar(255) NOT NULL,
  `tokenable_id` bigint(20) UNSIGNED NOT NULL,
  `name` varchar(255) NOT NULL,
  `token` varchar(64) NOT NULL,
  `abilities` text DEFAULT NULL,
  `last_used_at` timestamp NULL DEFAULT NULL,
  `expires_at` timestamp NULL DEFAULT NULL,
  `created_at` timestamp NULL DEFAULT NULL,
  `updated_at` timestamp NULL DEFAULT NULL
) ENGINE=InnoDB DEFAULT CHARSET=utf8mb4 COLLATE=utf8mb4_unicode_ci;

-- --------------------------------------------------------

--
-- Estructura de tabla para la tabla `profesores`
--

CREATE TABLE `profesores` (
  `id` int(11) NOT NULL,
  `dni` int(11) NOT NULL,
  `apellido` varchar(255) NOT NULL,
  `nombre` varchar(255) NOT NULL,
  `nacimiento` date NOT NULL,
  `celular` varchar(255) NOT NULL,
  `mail` varchar(255) NOT NULL,
  `ingreso` int(11) NOT NULL,
  `horas` int(11) NOT NULL,
  `created_at` timestamp NULL DEFAULT NULL,
  `updated_at` timestamp NULL DEFAULT NULL
) ENGINE=InnoDB DEFAULT CHARSET=utf8mb4 COLLATE=utf8mb4_unicode_ci;

--
-- Volcado de datos para la tabla `profesores`
--

INSERT INTO `profesores` (`id`, `dni`, `apellido`, `nombre`, `nacimiento`, `celular`, `mail`, `ingreso`, `horas`, `created_at`, `updated_at`) VALUES
(21, 1, '-', '', '1900-01-01', '0', '-', 0, 0, NULL, NULL),
(18, 13782182, 'CURA', 'LILIANA ISABEL', '1957-10-03', '1165395775', 'LILIANA40CURA@YAHOO.COM.AR', 2019, 2, '2023-10-18 19:35:33', '2023-10-18 19:35:33'),
(14, 14563173, 'URDAPILLETA', 'EMILIO WALTER', '1960-10-23', '1168697138', 'URDAPILLETAEMILIO@GMAIL.COM', 2005, 10, '2023-10-10 19:51:46', '2023-10-10 19:51:46'),
(12, 14819672, 'PERCOSSI', 'EDUARDO JUAN', '1961-11-15', '1133020292', 'EDUARDOPERCOSSI@GMAIL.COM', 2013, 7, '2023-10-10 19:48:52', '2024-02-08 15:25:41'),
(6, 18010922, 'DIAZ MINOLI', 'MARIA DEL LUJAN', '1949-06-22', '1133704641', 'MARADIAZMINOLI@YAHOO.COM.AR', 2008, 4, '2023-10-10 19:27:38', '2023-10-10 19:27:38'),
(4, 18617319, 'VÖLK', 'ANDREA PAOLA', '1967-02-03', '1153743796', 'PAOLAVOLK7@GMAIL.COM', 2021, 10, '2023-07-31 23:48:54', '2023-10-10 19:23:39'),
(9, 23416635, 'GONZALEZ ZEOLLA', 'MARIA PAULA', '1973-07-29', '1151489296', 'PAULAZEOLLA@HOTMAIL.COM', 2008, 5, '2023-10-10 19:36:54', '2024-02-08 15:09:17'),
(16, 23469231, 'MASTRANGO', 'GISELDA', '1973-06-24', '1131362808', 'GISELDAM@GMAIL.COM', 2023, 14, '2023-10-11 20:57:17', '2024-02-08 15:17:58'),
(17, 26095865, 'PIZARRO', 'PABLO GABRIEL', '1977-07-08', '1158654244', 'PABLOGABRIELPIZARRO@HOTMAIL.COM', 2024, 4, '2023-10-11 20:58:34', '2024-02-06 21:19:36'),
(19, 31013373, 'BOGO', 'GABRIELA MARTHA', '1984-07-17', '1158347915', 'EMMU3FDIRECCION@GMAIL.COM', 2013, 30, '2023-11-30 19:21:04', '2023-11-30 19:21:04'),
(11, 32595931, 'MORALES', 'CARLOS ESTEBAN', '1987-02-18', '1130869986', 'ESTEZAGNER@GMAIL.COM', 2016, 14, '2023-10-10 19:47:10', '2023-10-10 19:47:10'),
(13, 33079951, 'STAROPOLI', 'GABRIELA MARINA', '1987-07-23', '1148899992', 'G_STAROPOLI@YAHOO.COM.AR', 2013, 12, '2023-10-10 19:50:18', '2023-10-10 19:50:18'),
(22, 34504438, 'FERNANDEZ', 'ROMINA PAULA', '1988-03-27', '1169557769', 'ROMINAFERNANDEZ618@GMAIL.COM', 2009, 30, '2023-11-30 19:26:40', '2023-11-30 19:26:40'),
(2, 34890053, 'GIL', 'NICOLAS', '1989-10-24', '1141958729', 'WAGNERIANOANDROID@GMAIL.COM', 2017, 16, '2023-07-12 10:38:09', '2023-10-10 19:10:32'),
(10, 35267311, 'LOPEZ', 'DIEGO RICARDO', '1990-06-05', '1124671062', 'DIEGORICARDOLOPEZ@GMAIL.COM', 2021, 13, '2023-10-10 19:38:48', '2023-10-10 19:38:48'),
(7, 36992069, 'FUCILI', 'PRISCILA PAULA', '1992-07-14', '1153850454', 'PRISCIFUCILI@HOTMAIL.COM', 2022, 15, '2023-10-10 19:33:25', '2023-10-10 19:33:25'),
(8, 37008728, 'FUNGO', 'FEDERICO', '1992-06-26', '1159037620', 'FUNGO.FEDERICO@GMAIL.COM', 2022, 6, '2023-10-10 19:34:43', '2024-02-08 14:56:08'),
(15, 42674390, 'ZIGART', 'ARIANA', '2000-06-29', '1165209618', 'ZIGARTARIANA@GMAIL.COM', 2022, 10, '2023-10-10 19:53:50', '2024-02-08 15:31:31'),
(5, 94455913, 'CUADROS PRADILLA', 'RICARDO', '1985-04-30', '1169349133', 'RICARDOCUADROSP@GMAIL.COM', 2010, 10, '2023-10-10 19:25:29', '2023-11-16 20:51:38');

-- --------------------------------------------------------

--
-- Estructura de tabla para la tabla `users`
--

CREATE TABLE `users` (
  `id` bigint(11) NOT NULL,
  `dni` int(255) NOT NULL,
  `tipo` varchar(255) NOT NULL,
  `name` varchar(255) NOT NULL,
  `email` varchar(255) NOT NULL,
  `email_verified_at` timestamp NULL DEFAULT NULL,
  `password` varchar(255) NOT NULL,
  `remember_token` varchar(100) DEFAULT NULL,
  `created_at` timestamp NULL DEFAULT NULL,
  `updated_at` timestamp NULL DEFAULT NULL
) ENGINE=InnoDB DEFAULT CHARSET=utf8mb4 COLLATE=utf8mb4_unicode_ci;

--
-- Volcado de datos para la tabla `users`
--

INSERT INTO `users` (`id`, `dni`, `tipo`, `name`, `email`, `email_verified_at`, `password`, `remember_token`, `created_at`, `updated_at`) VALUES
(1, 38142329, 'admin', 'FORMICHELLI SANTIAGO ELIAS', 'SANTIFORM@GMAIL.COM', NULL, '$2y$10$yWPY6mI8umCU1OrYx.1wVeykh9eY5aLb4IPdtWlsAs0fd8EHhpGtK', 'ZDX5wysMt7qsQOflJXfYwl4pkUTcrSRL2DmKKlLYpj6iPcZ9Ls5djZ75TroC', '2023-04-12 07:16:04', '2024-02-18 01:29:45'),
(19, 31013373, 'admin', 'BOGO GABRIELA', 'emmu3fdireccion@gmail.com', NULL, '$2a$12$fcdZ7/VNB0L8ZHsAKMLfGusE/MJpfuALXK8Cv.QnBylDZvfErRyvC', 'pDHhaMwRJpJGh9Y66WDk0POlwAzNHjm8QfGIYo80U839Znqh5Lt9VkffokaQ', NULL, NULL),
(20, 94455913, 'profesor', 'CUADROS PRADILLA RICARDO', 'RICARDOCUADROSP@GMAIL.COM', NULL, '$2y$10$88tn.H3pkZoQBlJXzSwyZ.22eB1xvrO4JSRcqwwhyj0HmufJRflEq', NULL, NULL, NULL),
(21, 18010922, 'profesor', 'DIAZ MINOLI MARIA DEL LUJAN', 'MARADIAZMINOLI@YAHOO.COM.AR', NULL, '$2y$10$YSZuqzg6zKA5DS4OpsyjKODRqd8OF7bGR6C40Pf0pBZsgu1DYCTDW', NULL, NULL, NULL),
(22, 36992069, 'profesor', 'FUCILI PRISCILA PAULA', 'PRISCIFUCILI@HOTMAIL.COM', NULL, '$2y$10$INVQ6.eSdUl.OQgv.xpqHeX27IrbFWJD0mVF83wzh/whswKjEJJUm', NULL, NULL, NULL),
(23, 37008728, 'profesor', 'FUNGO FEDERICO', 'FUNGO.FEDERICO@GMAIL.COM', NULL, '$2y$10$czqe9nfd1vkiVKdG38bcM.BSrswPXrVxo5EKGOFCSl6Z/oMQhbLNG', NULL, NULL, NULL),
(24, 23416635, 'profesor', 'GONZALEZ ZEOLLA MARIA PAULA', 'PAULAZEOLLA@HOTMAIL.COM', NULL, '$2y$10$csv5LM69ZxveU2eMazaQSu./CiOjgGcentw9ilAA.OoizxqIAM2ue', NULL, NULL, NULL),
(25, 35267311, 'profesor', 'LOPEZ DIEGO RICARDO', 'DIEGORICARDOLOPEZ@GMAIL.COM', NULL, '$2y$10$8jIQcdkORbcmgJUF4mwCVewEkMWbnP6uO9ISMmpWdKDmT4LaUOENW', NULL, NULL, NULL),
(26, 32595931, 'profesor', 'MORALES CARLOS ESTEBAN', 'ESTEZAGNER@GMAIL.COM', NULL, '$2y$10$WBX6YCUdJbYe4TowWv3sM.NQbIR8xYqEItpGaSqFIG.jGnV5T/sI6', NULL, NULL, NULL),
(27, 14819672, 'profesor', 'PERCOSSI EDUARDO JUAN', 'EDUARDOPERCOSSI@GMAIL.COM', NULL, '$2y$10$a5E46ntMDNXGJ1NUeYe6I.mXD8hqc99JD4bkEiofN9xUJp7AJfIdq', NULL, NULL, NULL),
(28, 33079951, 'profesor', 'STAROPOLI GABRIELA MARINA', 'G_STAROPOLI@YAHOO.COM.AR', NULL, '$2y$10$KN10gy3ch9EtQKa/2YeY2O9ZRIMNbNtqd0zHSWomjBcio9igdX5s6', NULL, NULL, NULL),
(29, 14563173, 'profesor', 'URDAPILLETA EMILIO WALTER', 'URDAPILLETAEMILIO@GMAIL.COM', NULL, '$2y$10$oaplHJQ5Fc8jvR/2AQ2p0u40fy5y010jGraCTsPFwM11M3jAfT7mu', NULL, NULL, NULL),
(30, 42674390, 'profesor', 'ZIGART ARIANA', 'ZIGARTARIANA@GMAIL.COM', NULL, '$2a$12$zU.ogWRLF93MFQd3WOU6geJVANDkx8PRTNDgEx/NNBt8T3AJw0Yii', 'n6MImVq6CMvQehC6kYtbo58yrigQtmqgph1MwPuyXNGwe2pnrGQCcar8sgkp', NULL, NULL),
(31, 23469231, 'profesor', 'MASTRANGO GISELDA', 'GISELDAM@GMAIL.COM', NULL, '$2y$10$oPHgqSgTJWIsXamkKiFS6uHN0eYrEqt5Sc1DddxrU1zXasje6ly/G', NULL, NULL, NULL),
(32, 24170023, 'profesor', 'DELLA VALLE PATRICIO', 'CHELOPATO74@GMAIL.COM', NULL, '$2y$10$GbrFSE7t.kNgT5NgoRgJbO1IHxvI8.gYEdvpa.6F/OzYDbsNtMktW', NULL, NULL, NULL),
(33, 18617319, 'profesor', 'VÖLK ANDREA PAOLA', 'PAOLAVOLK7@GMAIL.COM', NULL, '$2a$12$9x2oeToOtfWTy2iCoXIUqeMoharvPa01i7k8DpvZ6NGD5HbAltyyC', NULL, NULL, NULL),
(34, 34890053, 'profesor', 'GIL NICOLAS', 'WAGNERIANOANDROID@GMAIL.COM', NULL, '$2a$12$G2pao39q9mSx3jQ.yEQY5Ogef4aNYkQGBxMZP90V2YzT9bJD99rMK', NULL, NULL, NULL),
(35, 13782182, 'profesor', 'CURA LILIANA ISABEL', 'LILIANA40CURA@YAHOO.COM.AR', NULL, '$2y$10$cz5KkClnYmH5.bSBePgFmuhB/omh84oCIpV0RnhCC.pzKS.Z9wwt6', NULL, NULL, NULL),
(36, 123456789, 'admin', 'EMMU Administración', 'administracion@gmail.com', NULL, '$2a$12$juWyHBu6yEHIAmmT06Mcg.uzKY1i9NtSUdvlSuZ8QFabPmo7lJ2F6', 'BxQa3Z3ufdzPmidhCln1CHtclKgJNEVo1qHWZjy85V7yhUVgWpCxzHu1Bhmk', NULL, NULL),
(69, 44319046, 'admin', 'ARRIOLA MICAELA AYELEN', 'micaarriola467@gmail.com', NULL, '$2a$12$HyM.3RrhQfp9Zo8lUvEYAOrNbbRJHDIkrv1aMBjmuL6dLLgkPzdza', NULL, NULL, NULL),
(70, 35799215, 'admin', 'CARBALLA MARILYN SOLEDAD', 'marilynsoledad61@gmail.com', NULL, '$2a$12$HyM.3RrhQfp9Zo8lUvEYAOrNbbRJHDIkrv1aMBjmuL6dLLgkPzdza', NULL, NULL, NULL),
(71, 34504438, 'admin', 'FERNANDEZ ROMINA PAULA', 'rominafernandez618@gmail.com', NULL, '$2a$12$HyM.3RrhQfp9Zo8lUvEYAOrNbbRJHDIkrv1aMBjmuL6dLLgkPzdza', NULL, NULL, NULL),
(72, 38142324, 'estudiante', 'LAMARCA TUMAMA', '213123', NULL, '$2y$10$O1hlpfTCVdY3knrfPXlchOyBjGiTrS5BrwBeAsQ/gvIZ1/HyxaYda', NULL, NULL, NULL),
(73, 12, 'estudiante', '12 21', '121', NULL, '$2y$10$KEn.szRGNeH0hR6rkurakOpCtzw0uypI3xrWu8wVonOWYMnd97L6q', NULL, NULL, NULL),
(74, 50417705, 'estudiante', 'DI LAURI LISANDRO ROMAN', 'DILAURISEGUROS@YAHOO.COM.AR', NULL, '$2y$10$Jy5p8Oy6gdH6v2MKpaiW7.wADRLLxyIdDZ/.fNiQVtSbYK4ao.M.G', 'hlYA2S9OEXhdDPtWdGKZ5DMl5LzSe4dqtqGKM0fdzsaj4QXy2tBnaSIiXBju', NULL, NULL),
(75, 95726694, 'estudiante', 'PEREZ NERI ANDRES ALEJANDRO', 'NERIYOU@HOTMAIL.COM', NULL, '$2y$10$hJAHP.rKzgi/umG30AMG..Stl3MMPXzmLARVQPgJsc1cLF1oj.qxa', 'm0dEu29LLituEjAwinE5AxbW2XeMtBwWUiwjo70ta25LOzOpjPoNZBmvU9qE', NULL, '2023-11-13 14:06:33'),
(76, 24663019, 'estudiante', 'TORRES ALVARENGA NANCY ELIZABETH', 'NCVM2804@GMAIL.COM', NULL, '$2y$10$lvvPEsiNHtMNJFg8.IZkku3OKM47.cJ88IsSHlYRQCDW/P4hCRFtu', 'O96lZ768U5Wguf0MlLR0P3poMgQTRJLo0eSb6rhgN13NRTkzFBP31a0NsL2V', NULL, '2024-02-05 18:53:59'),
(77, 95780174, 'estudiante', 'RUBIO TORRES MATHIAS ANDRES', 'TORRESPATRICIA419@GMAIL.COM', NULL, '$2y$10$6N5IUGohvizY/oi6v0P8TeTRoweJYezoRZIpVYSOq.vuhXyR4DcEG', 'Lb16eo7ocuAgFRX3HmdZ69duKGukOq7hp8zlBG39kYiBEMY3IyNSSnYBF6DO', NULL, '2023-11-13 14:27:46'),
(78, 52018269, 'estudiante', 'GOROSTIAGA VELLA NARELLA', 'FLAVIVELL@GMAIL.COM', NULL, '$2y$10$5Hu8F41Jo/bFLATuRofeTuS5qS.CoQFgxY01OxySDPvRKGH6cHG9.', NULL, NULL, NULL),
(81, 96118126, 'estudiante', 'TORRELLAS RODRIGUEZ JUAN DIEGO', 'CERTS.022@GMAIL.COM', NULL, '$2y$10$72TDaPLQe/r9lRnK7P.usOMf9GO0aQKjwJgXc14bqoajlQ/uwEdtm', 'j7zWRempIB2XaTg74Y8QNCWWxv16hJCvv5ehXBPqALjyafeXL44iAXMHZCVR', NULL, '2023-11-13 14:12:02'),
(82, 52167049, 'estudiante', 'TERRONES LOPEZ PATRICIO BENJAMIN DENIS', 'GISEL_2012A@HOTMAIL.COM', NULL, '$2y$10$ehDhRukTHoZnLRwXbj77gexW559VuYVNh2Nl06qP4p.kHneZtVMz.', 'qZx7G3P8FXgvqEz2pFClnejLdjnbqfLZU9u831UyKhXNv9rQEiAoQdFbGjxd', NULL, NULL),
(83, 20011636, 'estudiante', 'GENCHI PATRICIA', 'PATRIGENCHI@YAHOO.COM.AR', NULL, '$2y$10$9oI.QH4.4EHqBn/Ql8ucKu7wE64ZW/qSNeM1FE9abiF/cKLuVrGDy', NULL, NULL, NULL),
(84, 51268304, 'estudiante', 'IMBROGNO GRETEL', 'MIAMADAGRETEL@GMAIL.COM', NULL, '$2y$10$M54yx6q7kfz4HUT7sj0VX.wDnx0lsIAwrhzOYTQrjuNgG9dC7pqiG', 'iJIcplb7ByqmheMWhEtewEeEk5T2RFikScaSiEaIhwnwEJkT9IUd8w7RrWte', NULL, '2023-11-13 14:37:51'),
(85, 52704440, 'estudiante', 'SOTO SOFIA SHAIEL', 'KARICAM1@YAHOO.COM.AR', NULL, '$2y$10$5uDB4H9/dRiWp9k0nEIfEuErFVqM2scsedPufvUzaOk3yXFQcdtCK', NULL, NULL, NULL),
(86, 51583592, 'estudiante', 'ALVAREZ EUGENIA MURIEL', 'STELLAZUTTION2012@YAHOO.COM.AR', NULL, '$2y$10$Qf2DOU1eJ0MW2PVY3aGHjeu80NANMpXm.ZL9zCDFDedzHViPTbocO', NULL, NULL, NULL),
(87, 53856369, 'estudiante', 'CALZADO LOMBI CATALINA', 'LAURALOMBI@HOTMAIL.COM', NULL, '$2y$10$Syp/rwh1CU5mMFGgl6C.Hemwrd/iUTpLVZQRMM9fCd3.lUpNIrNwe', NULL, NULL, NULL),
(88, 22039615, 'estudiante', 'YBAÑEZ MYRIAM ELIZABETH', 'MYRIAMYBANEZ71@GMAIL.COM', NULL, '$2y$10$4MmV9e19WJoC9T6fOEw2NeSlNQ3XimbLiUUBgyxhVTl.ZsgVh4Es6', NULL, NULL, NULL),
(89, 29635961, 'estudiante', 'YACCUZZI MELISA CRISTINA', 'MELISAYACCUZZI@ABC.GOB.AR', NULL, '$2y$10$ISRtV1VHZRreaeviGizWt.PI1/ImTLmFtIVsaNuxj98Ve8O4SVp2K', '2YBM3mPk9nPE0wm6gFl91Z7hJIHKOtnBf0MeyzRiIyBSUB8dSPeY5sO4eJu1', NULL, NULL),
(91, 52091933, 'estudiante', 'PARIS JAZMIN AVRIL', 'PARISSEBASTIAN@HOTMAIL.COM', NULL, '$2y$10$V96kmnPoTZZvYqlDgk.RYOjuhlt1yQbgTfgCvHwYXRsewJK6P0ruO', NULL, NULL, NULL),
(92, 51072446, 'estudiante', 'GOMEZ MATEO ANTONIO', 'GOMEZSERGIOMATIAS@GMAIL.COM', NULL, '$2y$10$/5MHQJ8177O2ealrhm65reTkCrFu9yG7bqrCPkz/S8O6gLEVgCJKS', 'oUiwJENmKGQMnL37FpGmbwYzWnnF6huYncfVReuzy6kR61KYh3bmFSBvzuoY', NULL, NULL),
(93, 52983746, 'estudiante', 'OLMOS FELIPE ANDRE', 'VANESAALE19@GMAIL.COM', NULL, '$2y$10$WmxS1g4524.XlL8eTtRKJOxhTe.5BwuUxoOwWyThp9c4mVOOyywkW', 'MCilve5tO3XINvSp5k8DKdxSa0Z80sUMsJwD8fjwhtQooUPzkHMUM98Tq0xx', NULL, NULL),
(94, 96000341, 'estudiante', 'LOPEZ AYLLON DANNA GUISELLA', 'MIREYA_28AV@HOTMAIL.COM', NULL, '$2y$10$4P5wCsWBlAfJDRi4ob.IQuSz91f6DOpOajQy8EcLaFHRd7xybW7o.', NULL, NULL, NULL),
(95, 42661258, 'estudiante', 'BARRIONUEVO GRILLI SOFIA ALONDRA', 'ALODOLLALO@GMAIL.COM', NULL, '$2y$10$ncIR7K/EqQ4mdAkHT2pbLurWJw6R/Z.i/mAlyE6RE5hobxr3TaMSa', 'YbtQBpbQh1jKKvioBAvJe2LDipQoCOwWSmuaajihc52mAevqrRPmqx94k9hY', NULL, NULL),
(96, 12234345, 'estudiante', 'ESTUDIANTE PRUEBA', 'SANTIFORM+2@GMAIL.COM', NULL, '$2a$12$spA.I/5SMX6T547rmhYc/OYCmCdBuRPe1HcETjWQuOwFq5e18hVpa', '4x2S7YQvYp7RWlS9YGoBIKZGWrsdVWLQaFK8ISbrCXMIBaPV9bfR58WtHF3X', NULL, NULL),
(97, 95992732, 'estudiante', 'GOITIA BECERRA KIARA VALENTINA', 'BECERRA.ADRI@GMAIL.COM', NULL, '$2y$10$SvkOKkxS42C8s2B7/8qi8.eNlpJX4Fj6B0zx5yPIuMusX4YtZQg8O', 'KyK7J3UYwqumnT0RzhFO9Szhxn2RtwhrVYYvY7pWHTJoNqlms47GqrXjNKcu', NULL, '2023-11-13 15:15:51'),
(99, 95938822, 'estudiante', 'SUAREZ FIGUEROA JOSEPH DMITRY IVANOVSKY', 'ISFD34FIGUEROALUISAALEJANDRA@GMAIL.COM', NULL, '$2y$10$4ryiVQo4uoizFxz0Uztht.nH5T3KmIdYB03cjCqycLZXloS4V0Qoq', NULL, NULL, NULL),
(100, 17608617, 'estudiante', 'BORROMEO ALBERTO FABIAN', 'ALBERTOFABIANBORROMEO@GMAIL.COM', NULL, '$2y$10$VupU5VP8MdqES77tK2kaB.cHddAKX0DoWCD9TnGGt.MB.Dvc.hgdu', 'qspXZjmNzbp7vtNhTLlsZnzLxfutSjxBdjQN9RbAyXw8GDYDgshrZ7EGMrmc', NULL, NULL),
(101, 96095882, 'estudiante', 'GONZALEZ GONCALVES XIANNYS DANIELA', 'YURIANNY022@GMAIL.COM', NULL, '$2y$10$KYUxv6y78t8EqhaoyVM/tO6PGiSWdavwOR9HzbuaGATH4NKEITC1W', 'XBZRV9TMaALRclNvtVdGIQJyrOccdntPScHoDZdkT5gGrRUfr1QY2elA9gyy', NULL, '2023-11-13 16:22:06'),
(102, 27026885, 'estudiante', 'GARI NOELIA ROMINA', 'NOELIAGARI6@GMAIL.COM', NULL, '$2y$10$zTBpg5zi3Uf2pnJr8jPhvuLSvcp/Xrehj7pZW4FYbeMQahfvi.MRm', NULL, NULL, NULL),
(103, 40352328, 'estudiante', 'FERNANDEZ AYELEN GERALDINE', 'GERALDINEFERNANDEZ013@HOTMAIL.COM', NULL, '$2y$10$6DlLFg6O/xlETvewlaPyGO3ijNYMbg7g7PIkEREAYsM9xug.Hw1KW', 'AOoHxCnf1ARXg5yL2lshRi7yvZYve926KvRWoQxjNTePoG9nfTBdMpFTaZ3K', NULL, NULL),
(104, 49743715, 'estudiante', 'UGOLINI NAHIARA LUDMILA', 'UGOLININAHIARA@GMAIL.COM', NULL, '$2y$10$/NtvQj0vCcjE6yiSRpaF0e2humGJ.4nNyRDZGF4Azfl2A4w85ni6e', NULL, NULL, NULL),
(105, 96095554, 'estudiante', 'ESTRELLA GONCALVES SAMUEL ADRIAN', 'YURIANNY021@GMAIL.COM', NULL, '$2y$10$CmIgGBeRHXSFF39/st7fU.1dpk0o6yJHnbtD815yE2X3ZFsxJ9z2i', 'eQl0hi0k3TuKsvLBOay2urAIFVewgHHSDhfq33y1smnDNE670MCFFLib4rVO', NULL, '2023-11-13 16:49:52'),
(106, 96066175, 'estudiante', 'LUNA GONZALEZ DIEGO ALEXANDER', 'LUNA.DIEGO.GA@GMAIL.COM', NULL, '$2y$10$FmAW0H6M9glYFPRssktrBOp3UJA/ekGxqBqtjuF/ACbGfZHymWltG', NULL, NULL, NULL),
(107, 22297111, 'estudiante', 'ZULIANI MARIA', 'LICZULIANI@GMAIL.COM', NULL, '$2y$10$QgF3M.DFL9uBd4QJ0kmSSOdmLFjzcQYxawnFsYU.u4fLxQfT3hamu', 'nCAl2dx10A6RC1zKJzxC9Lrz5lgZra4N8j7HaoVfzwAw4Mda1sVgj5n3BnV4', NULL, NULL),
(108, 39330605, 'estudiante', 'CORDOVA EDGARDO MARTIN', 'THIMBIRD_PIANO@HOTMAIL.COM', NULL, '$2y$10$SiZJnl2YA0xpMp4htCd0RuCC1SIby6rW1X4viYqpOMCZQ5aXFKPo2', 'mWP7UHyvQiMh2UCQZIsn0TIcUDgYsOsZiLbqLOwLAZtu9erk0fMZQIkFPLTb', NULL, '2023-11-13 18:46:06'),
(109, 28587046, 'estudiante', 'LEVY NOELIA  SOLEDAD', 'NOELIA_LEVY@HOTMAIL.COM', NULL, '$2y$10$oQuD3i.tLpCUK5eKelyJO.II4zO1GqL8neVnlcsBOFarISoYkz8pS', 'evqPpaqz7pg52hEVVNCasqcnCxp7wfv4vBjo6MCABc8PqEbkENauBg9W00VO', NULL, NULL),
(110, 50861004, 'estudiante', 'ARRIOLA VICTORIA', 'CATUPECU350@GMAIL.COM', NULL, '$2y$10$oggHE0jSqiV1UmeCVUWOwOvBqL3i1x4zPaQoa1pGIZotplPzvhwhi', NULL, NULL, NULL),
(111, 12279506, 'estudiante', 'QUARANTA ALICIA', 'ALICIAQUARANTA@GMAIL.COM', NULL, '$2y$10$iJJg6H7zXzorXCRLkQoY0OGqson/I6b4GhM9PtRANpmAkTsw92ltS', 'RcczHBzJakN3BSlgVD19qcCCSfDigfxC1gAXxVRfDkxxLFikEDH1xIqpPmFy', NULL, NULL),
(112, 22724628, 'estudiante', 'VELOZO SILVANA A.E.', 'LAGUITARRADESIL@GMAIL.COM', NULL, '$2y$10$sPTMCaIQZgXa/erAzx4yRubBgiByShk9wTFtuYWG3SvljNCfgK3Hi', NULL, NULL, NULL),
(113, 53976180, 'estudiante', 'FERRARI LOLA CATALINA', 'ADANIELALOPEZ@HOTMAIL.COM', NULL, '$2y$10$.3msOnburbaDKsFb94kGT.ejf8paMzlC1KwLBS9woZenb0sF6UYne', NULL, NULL, NULL),
(114, 36662390, 'estudiante', 'HERRERA ALEJANDRA', 'ALEDALILA983@GMAIL.COM', NULL, '$2y$10$HvrNjs8dd/keM5XYRIpHVOzD6T05kxOzkqFa3hvibWKxDXmoZS7tO', 'ibCLgE3VL4csyeRqzPUmgJs9rujoha7YV1zlp1OjiVctfUd8bJreGj0ZNTce', NULL, NULL),
(115, 52712303, 'estudiante', 'PAREDES POMA MAGALI LAURA', 'JUANAPOMAARUNI@GMAIL.COM', NULL, '$2y$10$VNQ8X9AH.u9/stvkzk9Bl.5K0rcU8hlPSBt.C71CJYjqCX1Pvp6ou', NULL, NULL, NULL),
(116, 17298933, 'estudiante', 'GARCIA ANA MARIA', 'ANAMARIA_AMG_@HOTMAIL.COM', NULL, '$2y$10$Y6HDDlozrTgxNFJXkYB.o.FOidl7JS1NFr2nSJNQGKpp.HDyscx3i', NULL, NULL, NULL),
(117, 51396610, 'estudiante', 'ORSETTI VALENTINO', 'JBONACOR044@GMAIL.COM', NULL, '$2y$10$U68RFdr96xM90B1jEyRIy.JQ4KUJb0WgfEsdF.m4C9MnwlEKjNk.S', NULL, NULL, NULL),
(118, 96004967, 'estudiante', 'CONSTANTE PARRA ROMINA DAMARYS', 'DAMARYSCONSTANTE01@GMAIL.COM', NULL, '$2y$10$L3k..V5vWs31PuxVrxc6luXbyX/taSAtFjSk.Xz8.kPtrHtRiPcn2', 'rwrxIui6M9kVsoB2muCJouY0hMAvdNXnkerTeqTcr3fyxBBSucelxOrqKOom', NULL, NULL),
(119, 46290144, 'estudiante', 'PRETE LOURDES MAGALI', 'LOURDESPRETE04@GMAIL.COM', NULL, '$2y$10$0Sk0PaQ1SON7lkN3/N9JCOVwIjMFg6hoU1zWa5h7nmZ5agWhNNbSi', NULL, NULL, NULL),
(120, 51260519, 'estudiante', 'MELGAREJO TORRES MAXIMA SOFIA', 'VICKYAGUSMEL10@GMAIL.COM', NULL, '$2y$10$9f6LmNT2cYM9lgo94U0suOH.AtxvbNkGH4EKusGuGgeB3L3URQyBG', NULL, NULL, NULL),
(121, 47096655, 'estudiante', 'PAPARELLO PRISCILA MARIEL', 'PRISCILAPAPARELLO56@GMAIL.COM', NULL, '$2y$10$TqgT1ydC/OYwhU7iUR/p.emOWL905V1.r6E41BgUr7GVpZNiNyAIO', NULL, NULL, NULL),
(122, 52458952, 'estudiante', 'ROMEO BRUNELA', 'CLAUDIOJROMEO@GMAIL.COM', NULL, '$2y$10$AcK7c/4pGiLJoz7fWtYub.SXzBzKP.xSu69ZbldG6P3R.AWHEyQMm', 'wuClcI8G2IlBHfmqo1Xc281fU4CoTCSkmHFcV1SmnTDVwBXYaPnHGUQOQ6KQ', NULL, '2023-12-06 18:02:53'),
(123, 50074354, 'estudiante', 'RIO CAMILA', 'MAPALACIOSPFG@GMAIL.COM', NULL, '$2y$10$X0p.YKJYvVbUSlEs7.DwZOBklxAPsHpf2O9MnStO/r99IR8CMmFza', NULL, NULL, NULL),
(124, 17547794, 'estudiante', 'VILLARREAL MONICA LILIANA', 'VILLARREALMONICALILI@GMAIL.COM', NULL, '$2y$10$HIPYmv3K94U9.7rCEEiX/u0AGXr/nEcvj84z.XSTJTpUCgj2BIjni', NULL, NULL, NULL),
(125, 45317910, 'estudiante', 'CALDERON MILENA SOFIA', 'MIMICALDERONN@GMAIL.COM', NULL, '$2y$10$frTJ23rvzsSkmQf8Cncsu.vceC.UPUurFSmB/D0ptShFLbeI/6g4y', 'VuVJevE2CNg9PVTUrl42YHxesPKQSMpUErwakoIOaDl1PVbcN6yHOrkmZsJV', NULL, NULL),
(126, 14163098, 'estudiante', 'PEREZ RAUL ALBERTO', 'ALVERRAUL@GMAIL.COM', NULL, '$2y$10$5TR4dWyytO0BNfORhXPNUO5dm1s0sL4QS5Vrp.yd2L8wMmoJRNVTK', NULL, NULL, NULL),
(127, 50725222, 'estudiante', 'PEREIRA VARELA RUTH NATALIE', 'ALMA_PORA@HOTMAIL.COM', NULL, '$2y$10$WMbrmjUS3jaJGerZSZuuiOYMQwhxCzRuYY0XYQUx0LKHOeQjUojha', NULL, NULL, NULL),
(128, 52451021, 'estudiante', 'GOGGI FRANCESCA', 'ROMINAFRANCHE29@GMAIL.COM', NULL, '$2y$10$H9DhcPr9X2MQaKtHs2PEve4c4aouBK/HpL1hfhrNqL0aEzDW11VBe', NULL, NULL, NULL),
(129, 46440023, 'estudiante', 'TARRAGONA GARI JAZMIN MAGALI', 'TARRAGONAJAZMIN52@GMAIL.COM', NULL, '$2a$12$cv07ox.Jku6uBKkZjD61iOebC7PpxGngx1rsIc4NLGwXgZ2bOZV1W', NULL, NULL, NULL),
(130, 54095446, 'estudiante', 'FERNANDEZ THOULUC LUPE', 'THOULUCSABRINA@HOTMAIL.COM', NULL, '$2y$10$8W9wnrtZLhcfKhF.slyGzu/Ccx7NkUHjdy.hyfMACPTuKyiEZt8D.', 'KSZbfXUeFFpreeNA9IdcinkkgGULfhpBpHBFI0gSlklTVH9dDOXIXiATK0ss', NULL, NULL),
(131, 34948257, 'estudiante', 'AGUIRRE GUSTAVO MARTIN', 'GMAGUIRRE16183@GMAIL.COM', NULL, '$2y$10$Fe5zK7Vd5kpBMQ616z.JaeeribjeTzogn.z2mUzCzqOejRHbdXvJq', 'BF0mpD4y8e3AsgRYDDM2vL0XCclDKI25JaT2WCArZVIMqc3y8qTTiJpyf7AV', NULL, NULL),
(132, 43863490, 'estudiante', 'GONZALEZ MILAGROS NATALIE', 'MILI.GONZALEZN1312@GMAIL.COM', NULL, '$2y$10$WQPkHGaDdiH7/0FcCfuESORNZ53TVvhqO81SlYLHp8w5JoS4HCYdC', NULL, NULL, NULL),
(133, 28232607, 'estudiante', 'TARRAGONA NICOLAS', 'NICOLAS21061980@GMAIL.COM', NULL, '$2y$10$76ZvrudNmkN.mG.4QLOhMObdLFNpSQhlkL7mhIDE9dl3gVqSeo446', 'ULW0CDS0IZD0xjHDcl0aGoM2YbP4GK0F6Fn6vXvsYT6cRvJedzef9t7ZojwA', NULL, '2023-11-14 03:29:13'),
(134, 46826396, 'estudiante', 'INSFRAN DANISA MAITE', 'DANISAINSFRAN@GMAIL.COM', NULL, '$2y$10$q1/UkeGFJ3Ks.o7eG/aFW.NaDfL.OZLPmx0k5XNmbPnLH624LEzIK', 'GSB2HihxaPNQ2y24Df7A7R4bg2RQC0TSkyDlMJfmAlATuelZs5DTPM8RYBVx', NULL, '2023-11-23 14:50:54'),
(135, 95783315, 'estudiante', 'HERNANDEZ ECHEVERRY YUSBELY CAROLINA', 'YUSBELYECHEVERRY1234@GMAIL.COM', NULL, '$2y$10$syF.isNcgXA3IJBuwdIow.wsGX183nZibW19DMvjAc4TtXdWwv022', 'D0jmmt4wjiaMslNg56t7d2437kgcDF8fBJAlvTTX4ZihpNj1WTWcGZXXChQp', NULL, '2023-11-22 21:20:55'),
(136, 53051983, 'estudiante', 'TORRES MILENA PRISCILLA', 'ROCHAYAEL26@GMAIL.COM', NULL, '$2y$10$5oOSBzdPlAf9fFQyg9tNWuwdESIBQez2Z/7A.QGTJiqlh9QC5I2K.', 'PxMN9KZbgVYrHHNatHhFPQgWx7S7i4ed01Zz9r79oQ6mzmAd17h3EKiXQT9b', NULL, '2023-11-16 21:06:31'),
(137, 96277189, 'estudiante', 'BARRIOS SALGADO HEILLY CAROLINA', 'HEILLYCAROLINABARRIOS@GMAIL.COM', NULL, '$2y$10$u5nvrBxv41GnvrTRkDkkI.MwMmfUe4oKNKFVCGcMajy4AO4.ubkw6', NULL, NULL, NULL),
(138, 46961490, 'estudiante', 'MATANOWSKI LUCAS ADAN', 'LUCASADAN1341@GMAIL.COM', NULL, '$2y$10$nKypYDW3Y4t1fkTDafltPezDZtKfLUU4NB649nfnDXBeV7U.kkbaO', 'wDwjpn3cilf7F6O1xA2PTLPmNlUOOnlCDTZlEYKZLCJbS1Yt6CCIspYxpvk9', NULL, NULL),
(139, 45014853, 'estudiante', 'ECHEVARRIA SUTZ ZOE CANDELA', 'MERAKY.CIELO@GMAIL.COM', NULL, '$2y$10$c6yHwhCu5ElDesYhNUAKOOJlNEL15BjlcSKpHQq5VqFMkFWlNqXGu', NULL, NULL, NULL),
(140, 12685079, 'estudiante', 'CLAUSELL NORBERTO ADRIAN', 'NORBERTOCLAUSELL@YAHOO.COM.AR', NULL, '$2y$10$Q4hOJXLFoQnT9ufKD3WlqOSxhH0Clwxmz8ofuvF42kl7U.k.9jWYa', NULL, NULL, NULL),
(141, 52095765, 'estudiante', 'CALAFELL QUAGLIA TATIANA', 'VIRGINIAQUAGLIA@HOTMAIL.COM', NULL, '$2y$10$v/m2BaFVTxvgJYZySmHO1.ENHc/izhMdnnr3YLE8Z/1oNyZneBESS', 'Yj0xZuUV02IRh3jqNml0Y33L7JbpXcbs2TBcxYCXQG3HultumUPvNz3qFQyY', NULL, '2023-11-14 21:27:23'),
(142, 20281336, 'estudiante', 'IRIBARNE JUAN', 'JUANIRIBARNE2010@YAHOO.COM.AR', NULL, '$2y$10$A71MAZCMwzWhzJ/5m6FIbeYyOKWVligsw8pVQ3gMCr24cDCi1g3Qi', 't6cOctxYaZub2FXRrmIBWoiGWZIHbuge2axoE4XKFEl5webzM3h9QmyzL6a8', NULL, NULL),
(143, 38492717, 'estudiante', 'ALTAPARRO FRANCISCO', 'FRANCHE.A.A@GMAIL.COM', NULL, '$2y$10$oBAnn7d3p7/aepbDMoPDEuz.8vC0kGK5XTi/goKkayeIoYtA9cnaC', NULL, NULL, NULL),
(144, 92996944, 'estudiante', 'PENAYO MILKA', 'MILKAPENAYO@GMAIL.COM', NULL, '$2y$10$TykNC6ssoEJQD3OYtZtPXO4iqt6yTrDXxd.hBqhZkBofjpiF2x8Mu', NULL, NULL, NULL),
(145, 30087613, 'estudiante', 'MORENO SOFIA VANINA DE LAS MERCEDES', 'SOFIAVANINAMORENO26@GMAIL.COM', NULL, '$2y$10$i11/ZGh4EUs9WNuoSriKWOBdrzyUiXJU8Opm1KlYpZqbaiK053Bb.', '7YKmJOB2ixgNeXxrdCHZ3hclPE9zEWY9yHO6WcSTxyVSP3GwZvoZRGqP5wNQ', NULL, NULL),
(146, 47377946, 'estudiante', 'REYNOSO DUNJO JULIANA CAROLINA', 'JRDUNJO@GMAIL.COM', NULL, '$2y$10$aJzZPcaIcH0h2j7Ax3N15.102K8j/s0Ru.vqKVonoUYENINYYFU5K', 'gjVxfjdJNhz6VrPWgT2EEFwpw5kPdX8VefEwYu8IOrWWNeXp18jPfmeCjQuQ', NULL, NULL),
(147, 29327495, 'estudiante', 'SANCHEZ MARIA VICTORIA', 'MODVICSAN@GMAIL.COM', NULL, '$2y$10$9a5d3eZ1MlA76ub1a6x8A.GltJFp8R1VhRx7.4jIu6lWH1DqSr2k6', NULL, NULL, NULL),
(148, 29569172, 'estudiante', 'SANCHEZ EDUARDO ANIBAL', 'EDUARDODEN1125@GMAIL', NULL, '$2y$10$mw9TiuZc2rzEjfVVnYUvEOE0omBM.IgPGJSJT75.EGtnIGwxy98p2', NULL, NULL, NULL),
(149, 45747806, 'estudiante', 'JIMENEZ MARTINA SOFIA', 'MARTINUCHA74@GMAIL.COM', NULL, '$2y$10$xvkGbvrdRA11bjm525A0I.ddrZ9EYLDw32bwIySQcFYzJQEprknJ6', 'aIcJDJ8vH21Bc0JtsHksuVy8DfNQ1CPe27DqLcOw1hvr5y4YNcOpd9Woo5jo', NULL, NULL),
(150, 94360218, 'estudiante', 'BAZAN CASTRO PATRICIA CARLA', 'BAZANPATTY2122@GMAIL.COM', NULL, '$2y$10$DlCpq5dPnVkbNP1mlcF3LeEjC3fjxo2JIOhjZn8.68pYhvXecY6du', 'hIxnAl4SKyfXszxyYqOUrGY5DjOuAzRvekyW6kkinb7V6ybfZBqPtU7Ld4Oi', NULL, NULL),
(151, 30334937, 'estudiante', 'FONTENLA MARIA LAURA', 'LAURAFONTENLA@GMAIL.COM', NULL, '$2y$10$j.Bu.xRpDdfLqv.hZSDgF.9.65xDWHKgUv/0JhLGBv9hQhTFdAfJC', NULL, NULL, NULL),
(152, 20055682, 'estudiante', 'DOWGALUK ALEJANDRO UBALDO', 'ALEDOWGANUEVO@YAHHO.COM.AR', NULL, '$2y$10$qDbof33rqzr4fV0mhHfijucn.w6GV05tWXMEc/0wm5h2NQT.nEwDG', 'CS5VwCwk7s474xbVqQBPsBf8e0ra1UqGJbsiXcixgtTPscjjmLhqoOpFr7sp', NULL, NULL),
(153, 50031734, 'estudiante', 'SANCHEZ GARCIA BIANCA LARA', 'LAU.87GARCIA@GMAIL.COM', NULL, '$2y$10$frt/i8EaObju9v9OQY3oYuI5Sf4mZjUVUGU7SH6eA8eUb9tFA5Q0K', NULL, NULL, NULL),
(154, 43783296, 'estudiante', 'OJEDA MICAELA', 'MYCAGAMBOA19@GMAIL.COM', NULL, '$2y$10$JeTVxJsqCqeIWUDBiIPtNOpjXmES6heYXftj8eq5VHYRkzgNigsBu', NULL, NULL, NULL),
(155, 40638687, 'estudiante', 'MORAGA HORACIO FABIAN', 'HORACIOMORAGA97@GMAIL.COM', NULL, '$2y$10$O1TePQW/jlQfJbiKNcnyw.lgQc7Ei5jZoTITUP6ffwEUWQ/n1zDte', 'IMCpk5k2szxLxin92z0RjSJGDcMaC8Eaf6Chr7daqLQfuCdw9Aq0C6qRhKNy', NULL, NULL),
(166, 49526314, 'estudiante', 'PEYRANO AYGULIAN ESMERALDA MIRTA', 'ESMERALDAPEYRANO2022@GMAIL.COM', NULL, '$2y$10$dWmGfks03sqQZSt7e7yfteN0238DZ2LfV/jFiYyMOW57GUdzyNhcW', NULL, NULL, NULL),
(171, 26240194, 'estudiante', 'GOMEZ ALBERTO', 'ALBERTOGOMEZ77@HOTMAIL.COM', NULL, '$2y$10$Clyt.EjYnzAQS8n/ORxUXO2mNDbTUyS/jQUempjSE9Xx5t5pu4bvS', 'heHAUOy3l2O7Dos6DMkArLn9yZjWBXym7cdyKSktkq3dD2zdbJWg6TqSCByC', NULL, '2023-11-16 20:47:24'),
(172, 96035591, 'estudiante', 'RODRIGUEZ GONZALEZ BRENDA ELIZABETH', 'BRENDAELIZABETHR06@GMAIL.COM', NULL, '$2y$10$GWFcl0qVife31jR.mJ5fkutmtjXI7dgUxwtaUMIuUMIsGV.zqhiXm', NULL, NULL, NULL),
(173, 96035594, 'estudiante', 'RIVERO RODRIGUEZ FERNANDO DAVID', 'RIVERODN@GMAIL.COM', NULL, '$2y$10$Ol4BudxxZIErsoXsr7bSaeyJJlUSMOcaDV62lQ55RQs.vc/tHL/rK', NULL, NULL, NULL),
(174, 47553599, 'estudiante', 'PRIMAVERA TANIA', 'TANIAPRIMAVERA99@GMAIL.COM', NULL, '$2y$10$OrcVYz/j2gyzcnFrlYj2jORdVhhpw19Cawxb4ue9uEpa8JiT6.jXO', NULL, NULL, NULL),
(175, 24788975, 'estudiante', 'JARA VIRGINIA ANDREA', 'VIRGINIAANDREA677@GMAIL.COM', NULL, '$2y$10$k2mf2PZBoifmtSyiS1At7OvcfkmVepyQpYPl2MkLq8Gy6mslJKd1S', NULL, NULL, NULL),
(176, 51588307, 'estudiante', 'Fernández D\'Andrea Benjamín Ignacio', 'gabrielasdandrea@gmail.com', NULL, '$2y$10$LkITMSpkx9PnIsW9qYEnvOwHOj8YQ8.IOT00Ba1wtcR3rSP9b8U82', NULL, NULL, NULL),
(177, 47697650, 'estudiante', 'ANACORETO BENITEZ LEON JOAQUIN', 'LEONANACORETO@GMAIL.COM', NULL, '$2y$10$VEz38SHUNoxn6ZAOR1ZG3uyzX8Vhah1LhL/3XA9.Entv6q./A.Cby', 'R8KhYuLylV2lcJZ3O3omMm9cKszHx4zofy3OnxfJ7apFmYgZOw3IzfAu59zg', NULL, NULL),
(178, 52196822, 'estudiante', 'UGOLINI XIOMARA AYLEN', 'UGOLINIXIOMARA@GMAIL.COM', NULL, '$2y$10$elGLqv1YYWtcDgKYo6pNKO4Td0jMaoPhcFwOOpId6WX.Dc8RqrzNu', NULL, NULL, NULL),
(179, 44940258, 'estudiante', 'PETTINE CRISTIAN GONZALO', 'CGPETTINE@GMAIL.COM', NULL, '$2y$10$nuo8H7OU0uN8UPLCMaoTgOJpGUJ2JvWHTnW42koejwP6wVPh7/rve', 'IaRqJGAnwVkYFpYxLY1JH8ahPeBpIfWgjYnGM4uXwSiBDF601UO7B5E3Lfuu', NULL, '2023-11-17 20:06:41'),
(180, 96051484, 'estudiante', 'CONSTANTE PARRA ANGELA ISABEL', 'CONSTANTEISABEL298@GMAIL.COM', NULL, '$2y$10$Zx6CiMbOLtp4hqZ2dJBpmeSa6tR7QgXqPwq.aWDh0VuIq4V4pLvzG', 'DQORnRmD8DBNySL5ZgtnQd04Q9BjqQwXZYk3ehbG6cgFDRTrv2X1vKyHLLp5', NULL, '2023-11-18 01:42:43'),
(181, 35225404, 'estudiante', 'FRETES VANESA MARIANA', 'FRETESVANESA@GMAIL.COM', NULL, '$2y$10$XMn0FnxiUVsWW1QYcbvCn.ntSAzeGTA0eG5fPGfCEJ7su8n5EHeE.', 'UrADN23fsSS8hAES6kC5Ndeu0x4mofr6VDp1zkXIewiR5nz4sdtCxRd5vqx0', NULL, NULL),
(182, 96011038, 'estudiante', 'URREA HERNANDEZ DARLLY YIMAR', 'LIZDARLLY15@GMAIL.COM', NULL, '$2y$10$vpVfm.WxjxBm3eybow3vM.I8SKuRxf3qbUKG2ph0z9fAgbtHKK5di', NULL, NULL, NULL),
(183, 14010343, 'estudiante', 'MORENO BOCCUTI LUIS DEL VALLE', 'LUISDELVALLEMORENO@YAHOO.COM.AR', NULL, '$2y$10$lRK6pnaq4lg31/Fasn4.Yu4vTVxD39o2/nqhGL/q4QX3jDpPQTvM6', 'ZX0wCNZ9PuyuVOE66vYFNE6OS1rhkh8S5vYmWJyR1ODkuMNJt9KSKLmvno1z', NULL, '2023-12-02 21:37:02'),
(184, 53434835, 'estudiante', 'KANNEMAN TIZIANA LUDMILA', 'YESICADICERBO@GMAIL.COM', NULL, '$2y$10$puKXfk2W8RSxxCOSJILMiuCGgwj/xhoWH4J0bwGk4702mTREk15J2', NULL, NULL, NULL),
(185, 53329310, 'estudiante', 'MORENO LUIS FELIPE FERNANDO', 'LUISDELVALLEMORENO@TRABAJO.GOB.AR', NULL, '$2y$10$P0XsR8MhOcbNVEbTZiRuDu9lQr3AP3.FZrCd0ApTpGSdxB1APcbLi', NULL, NULL, NULL),
(186, 47930613, 'estudiante', 'MORENO AZUL LUISINA', 'LUISDELVALLEMORENO@GMAIL.COM', NULL, '$2y$10$FiAW1C7glelEeu5udbDOieN7UZQygXsJZ8rqf1QutVqR9HKe92w3i', NULL, NULL, NULL),
(187, 43729291, 'estudiante', 'ALVAREZ ALAN EZEQUIEL', 'ALANDRAKE01@GMAIL.COM', NULL, '$2y$10$ecj9g.QBG3kKUtNVe6HNieB.mNc2nwQL7tJUHh2Eb0/HhAWC644lu', '1z8aTtyJdOrtT37WVuivqIlgNMtyGzcAitBvJrqcTna3SqnIE8KLpMPREgFJ', NULL, '2023-11-19 01:41:25'),
(188, 14015676, 'estudiante', 'URZAGASTE SUSANA', 'SUSANAURZAGASTE@YAHOO.COM.AR', NULL, '$2y$10$0fcqxQfwSOEpP5SiyU/J3.MUjllvH/nnADvNQ8ldmE1DDifh.36Eq', 'GYhQt4XlQdfDSk97mAPZ6Yxn3Mk9qh4fdvAkILFb4tQGddMKzq65VEdE7PXC', NULL, NULL),
(189, 96172117, 'estudiante', 'NERI PAOLO', 'PATRICIANERIPEREZ@GMAIL.COM', NULL, '$2y$10$zJ2Hk3P9YRtyI5/7n2IUSuF9gAwvh4VWrPnaB9bTO0IwQhIqM6sMi', NULL, NULL, NULL),
(190, 96136925, 'estudiante', 'NERI FABRIZIO', 'PATRICIAPEREZCONTRERAS@GMAIL.COM', NULL, '$2y$10$OYdJT9LsLipvOQ44YMN/GedcB/GSF6KGHScTsMP9zHctywxg4/c/G', NULL, NULL, NULL),
(191, 96113788, 'estudiante', 'TORRELLAS RODRIGUEZ CAMILA VALENTINA', 'CARLARODRIGUEZALMAXXII@GMAIL.COM', NULL, '$2y$10$TMKtuFFUBxyHaW3TSenKjeh9RuC8C/gGCZ9W4OsRDt4oYPADnMCbW', NULL, NULL, NULL),
(192, 12459535, 'estudiante', 'PRIOR MARIA DEL CARMEN', 'MARITAPRIOR@HOTMAIL.COM', NULL, '$2y$10$w28PaiEl/L8T/RFbDJc6DuyoyupDs5NDGaImChz2woXuP/7OyGdVG', 'm3w2RXllQ2XxSpeRPgwrLfq3Be2fIImWwLIDojH64uNz0IJchJ8AmEONyyUF', NULL, NULL),
(193, 53373187, 'estudiante', 'GRILLO GERONIMO ISAIAS', 'CREMASARNICA1@HOTMAIL.COM', NULL, '$2y$10$ahCvZR0xxTjTpQC5XjnY1Oiv5wjjSVwv5mis3y5vD8EmSz7XtmgtK', NULL, NULL, NULL),
(194, 48434401, 'estudiante', 'HUGUETTI VALENTINA BELEN', 'VALENTINA.HUGUE@GMAIL.COM', NULL, '$2y$10$a9XMKiAKR.ne51.i4lUcte9AXtVa1l98nKy2WfHzVg7NEez1gP/Je', NULL, NULL, NULL),
(195, 9572520, 'estudiante', 'PEREZ NERI ARIANNA ALESSANDRA', 'INERI1805@GMAIL.COM', NULL, '$2y$10$4z6Y4j6SWc/ryP55LLGwDe4JzJqvBL6dE//u8dhTuQWlw3pkHeUZi', 'Szi0gPuy9fZGj9YaypF8xwG4zcjlyKa6zs2qojTkgeMCEKW2SMHgOA8cGAzB', NULL, NULL),
(196, 37326475, 'estudiante', 'VIACAVA FEDERICO', 'FEDERICOVIACAVA25@GMAIL.COM', NULL, '$2y$10$CCW7vjKsLRAZGmTgWzKFuuPnbn0h9BViDJt2dE0HSUcEQ20Q/6lN6', NULL, NULL, NULL),
(197, 55187737, 'estudiante', 'VIACAVA MILENA SOFIA', 'VIACAVA475@ABC.GOB.AR', NULL, '$2y$10$rv/yIzTuFvAWESndzIUd5.tdKZ.Tr8NyX.RNWH4pollAonwRveTNW', NULL, NULL, NULL),
(198, 22548689, 'estudiante', 'PICCININI IRINA', 'IRINAPICCININI@HOTMAIL.COM', NULL, '$2y$10$qGRzVVdxJ4Tv7niT.bOvuOipmj/Y07mvbEBIz0L/i8zqkKsH0zHpq', NULL, NULL, NULL),
(199, 42299065, 'estudiante', 'GOMEZ JORDAN', 'KEV.GOMEZV@HOTMAIL.COM', NULL, '$2y$10$MefwnTdTmaSXuCRuBWFVJu.2l2bwIDjp00iZkHulyxznLy1QaG3yG', 'GYrzjMdLzbI5RWdQhFlvvkXQCTApjZQLrS4RCr9nowCiYQACCsMgUV6d5Ml4', NULL, '2023-11-22 02:12:29'),
(200, 20051418, 'estudiante', 'TOLEDO LUIS ADRIAN', 'TOLEDOLUIS706@GMAIL.COM', NULL, '$2y$10$26KN2Nyg7HtSjgK/frdSfuMn2FlCSSW/Yq/nFlB5iWy4jcuEYHQla', NULL, NULL, NULL),
(201, 50538840, 'estudiante', 'AGUILAR BEJNAR BRUNO', 'NATYBEJNAR@GMAIL.COM', NULL, '$2y$10$9IQsKRB9SO44xzSGuZFIXO9kE5Zg0aeah4KrN7teWR0Yq8H.K1fAG', NULL, NULL, NULL),
(202, 49254590, 'estudiante', 'INSFRAN ALLEGRA MIA', 'INSFRANALLEGRA@GMAIL.COM', NULL, '$2y$10$D6zekZtdZ/0ukzFWuYfZmu85kTRzeMBrDUpK/Ty5j/dia12OhXh9m', NULL, NULL, NULL),
(203, 36662075, 'estudiante', 'TOMEO NATACHA ELIZABETH', 'NATACHA_TOMEO@HOTMAIL.COM', NULL, '$2y$10$Ywblx4S1i3H5xPiJMytgX.c7wuCjriCHJWDF8ZJh2aS/hPzEFbOHW', NULL, NULL, NULL),
(204, 33669432, 'estudiante', 'VAQUINZAY JONATHAN LEONEL', 'JONATHANVAQUINZAY88@GMAIL.COM', NULL, '$2y$10$eb9oCwUpYSpNlaxmmzCjauqGTpZ21eVqNVpG5iVmbBNMF3j9GrVhS', 'EyYVX9ipL1SyJXnX08dUkAU7GaYqxTXu34xwcnD994Kh9MGBqp25ZcPsg0bY', NULL, NULL),
(205, 41009842, 'estudiante', 'PEREZ LAUTARO', 'LAUTAROPEREZ1717@GMAIL.COM', NULL, '$2y$10$cBmq8Cjt6Qhx.1qw0cnNxOVBrJd4Vo17BY1TkzA4YKt7B4YiuXwxi', 'km1x5NGVZnauFu0fuwxVF2jwx9URWDinyPbBoB8t19jcD992dWVhoXl90mOA', NULL, '2023-12-01 17:34:48'),
(206, 49058827, 'estudiante', 'PERSICO JOAQUIN AMIR', 'PERSICOJOAQUIN2@GMAIL.COM', NULL, '$2y$10$ZEoZJ7oVw8XHXYUHkzIrZ.u81tgvMMjyLSxXXrmWQPToa2PMeBYI.', NULL, NULL, NULL),
(207, 50800858, 'estudiante', 'UBEDA JAZMIN', 'UBEDA.AIMY@GMAIL.COM', NULL, '$2y$10$qNvF07LsDxOVBMtG3SZFleMF1adXoCOoy4zYAZwO1ATP5dlDA/piO', NULL, NULL, NULL),
(208, 14079714, 'estudiante', 'FERRARIS ADRIANA  EDITH', 'ADRIANAFERRARIS@HOTMAIL.COM', NULL, '$2y$10$J4spQE6vot1ffVh3hewvWO0wyK3nY3lBNZ1YjtvPD6wdcpoOgQeBK', 'kXpvswVtcG6LuTQap4KjQzl0oaiFPRjoHP6AskqW4tpX5sh8N9bLoNpTDHXW', NULL, NULL),
(209, 95313839, 'estudiante', 'ESCOBAR SISNIEGAS FLAVIA ANDREA', 'FAES.UV@GMAIL.COM', NULL, '$2y$10$ai04HLk9TjXtT.RAKuOfH.eVKRoOscVxu.QExCjh27UK1Y6GJmZiC', 'jqsErRyZs4gGT3lx4wPDmdF4GdavNh6xD0kDKYA80bNQGT3Y44yr1wMIl8Wm', NULL, '2023-11-23 15:15:13'),
(210, 49901203, 'estudiante', 'TEMPIO LUDMILA ABRIL', 'LOSADALAURA789@GMAIL.COM', NULL, '$2y$10$QM5kz6JZg4wT6GaxAU4ql.6fbjh9h9hd1Qda1jvFR7LbIxAMRKaCG', 'zYeWco8jE1QYIpkmzWzaz7AnMqQhRqiCY55JLmeADTr5OEfvwSoievEaeOO4', NULL, '2024-02-03 05:33:44'),
(211, 49423967, 'estudiante', 'MAIDANA ELIAN EMILIANO', 'NICROSIODAIANA9@GMAIL', NULL, '$2y$10$p1eqFFkA/Cc7yAvPIU3F.OM.2igC4g3Q/Mi8YcLbngNJ/jqTDjhZe', '93m20x59UmKtCvvetoBh3zDvOxqdPp3TDcudGxXu76A9B28u7mal12wHLXbk', NULL, NULL),
(212, 42776572, 'estudiante', 'MOLINAS FERNANDA ISABEL', 'FEROLINAS031@GMAIL.COM', NULL, '$2y$10$9awc7xAmO1RYOLi5jAmZgu9mQEb6CTCh.WuR5QNBSfJOTycdCY1Ki', NULL, NULL, NULL),
(213, 39390924, 'estudiante', 'GODOY INGENS', 'INGENSGODOY@GMAIL.COM', NULL, '$2y$10$9eOOO6qKMHrNQa/KAGClRu2IXKWY8H2fJPiUuXyZSqF5m/U2z/sCm', 'MbiceRVS4V75WwnOSIYRGE39GMfFgOswAdSbXERwv3bdXsa4h50IhyQnp9uI', NULL, NULL),
(214, 54101006, 'estudiante', 'CASARES VARRICA UMMA NATALI', 'ROUMMA123@GMAIL.COM', NULL, '$2y$10$kHMvGUQ1s1qC.nBAmfPWN.pBUO.QBYNhyEzQSunhqW6XOprnDM66a', 'yxc67WiAcP4z1biOTFkB184TxC5h3YnPTncU3FTByluP2fdIopF2IWTPU3C0', NULL, '2023-11-23 16:21:08'),
(215, 33993954, 'estudiante', 'PEÑALBA NICOLAS', 'NICOLASYS250@GMAIL.COM', NULL, '$2y$10$Xn7GyZW.mEUM7Wdw06oUt.lM0FCDNk8VHShWaOoll10EAUWovQ2ZG', NULL, NULL, NULL),
(216, 31722291, 'estudiante', 'NECCHI JUAN MANUEL', 'JUANMANUEL41985@GMAIL.COM', NULL, '$2y$10$UPI6oTD.4H22QYRIbpz8LOzSEDXxcgGO/OCV1Eo9rGOP95q8Dpe2a', NULL, NULL, NULL),
(217, 49555250, 'estudiante', 'BUSTOS MIA GISELA', 'GISELAMIA49@GMAIL.COM', NULL, '$2y$10$TQSVZxIfiUPEyc5hpGcAsuqAbOmzk/pILIb.ycJIz.3aaczTyIiza', NULL, NULL, NULL),
(218, 56262124, 'estudiante', 'KAMIEN BRASSEUR ALEJO', 'NATALIA.BRASSEUR.84@GMAIL.COM', NULL, '$2y$10$eqwrQB5smuPekWwcOTofnuyEG1dkIo1B9DDO8hkSx9HkQhhnrtPiG', 'RhNt5dtf9eNT4vJ8kHkks537bp9ubd35lVsivVf2BVvP7WqfljhqwOTCINqQ', NULL, NULL),
(219, 96042508, 'estudiante', 'SZULCZUK PAULA', 'DUBRASKAAGUILAR5@GMAIL.COM', NULL, '$2y$10$NbdTxKh3D.larsCjot0uke1dbfIShgOP7pJpI.2ThBPVBb1N06EhO', NULL, NULL, NULL),
(220, 30982543, 'estudiante', 'BRASSEUR NATALIA EMILIA', 'NEB_LEF@HOTMAIL.COM', NULL, '$2y$10$mpo.H2FE/l6dQO05MBj6BeKu9Mn5aQInrW9FRLdEagIllHIl9O7KG', '5yw8EI96Klt6hDAndwzjoe8GoJQYES4ES2sLoD0M3TTEbqViriCHe6aG09Wl', NULL, NULL),
(221, 95909656, 'estudiante', 'URIBE FLORES SELESTE ANDREINA', 'ODYVET13@GMAIL.COM', NULL, '$2y$10$zDY/jvHhRVKiNArPE9Y0geti4plK3TuoFmMn2TVxur3g9e.07XoEe', NULL, NULL, NULL),
(222, 45288525, 'estudiante', 'ALMEIDA MAYDANA JEREMIAS GABRIEL', 'BOHEMIUS_77@YAHOO.COM.AR', NULL, '$2y$10$0GbL4BLS9hrg.1zxvEn8C.M7vCXvCKH7WLFFD.7XbWGQCLqeJxTuy', NULL, NULL, NULL),
(223, 55069794, 'estudiante', 'LAPALMA CECILIA', 'INGRID081990SEGO@HOTMAIL.COM', NULL, '$2y$10$JCtK5jsgYVxk8wTPr8UqMO0c651CRlDf8qZ3qTzu06ZtY1tq2iSgi', NULL, NULL, NULL),
(224, 92146759, 'estudiante', 'LOPEZ SILVERO PAULINA', 'LOPEZSILVEROP2@GMAIL.COM', NULL, '$2y$10$0qs3vPcmSwcThVoXGGShReMYu0sJx9njfJshjqoCA3EKyQ..kwi/K', NULL, NULL, NULL),
(225, 53085237, 'estudiante', 'OCAMPO AZAÑA EMANUEL EZEQUIEL', 'NAN_EDITHAR@HOTMAIL.COM', NULL, '$2y$10$EuOjnh8WJecLtl8MssGLpOe8fyl9WiBZY5ayK2id4m8NvMEQbJ4pm', '451SHXhyTocAWmQNAKYuSdV66ytiSaDQqxg5wlSun9ql5pZ4uTamgYye1K3S', NULL, NULL),
(226, 96206947, 'estudiante', 'AÑEZ FERRER ANDRES ELOY', 'ANDRESSELOYANEZ@GMAIL.COM', NULL, '$2y$10$.FgdaF4g1.MW55LviPJrSuofjKNaMtw5Pf5I/cFDDpbtHamqhdgGS', NULL, NULL, NULL),
(227, 95798454, 'estudiante', 'TORRES MENDOZA FABIANA VALENTINA', 'VEMC1808@GMAIL.COM', NULL, '$2y$10$GkDwQBor074FDXf2FT1Hl.e2BK3mPc7EykyHWmxWSKHwhGjgu1gje', NULL, NULL, NULL),
(228, 94854102, 'estudiante', 'LISMAN MOLINA CATHARINA REBECA', 'LMOLINACATHARINA@ABC.GOB.AR', NULL, '$2y$10$aYfUEFcjh86FU5O1h9oS..4a0v6W3bm7.oi40oP8JOuy9OOM/BNSW', 'BFuH5GUbKMFaiPega2nAHJowGQmfeCFaoh6TuVH8zGYgJahdVlEWfuOfqtmA', NULL, '2023-11-24 01:04:01'),
(229, 31270853, 'estudiante', 'GAUTO JUAN MANUEL GAUTO', 'JMGCXXI@GMAIL.COM', NULL, '$2y$10$mQx63DRMoPNdydZEQTtKBOnXxQDcCKJpayAoBAC7JKy6p42GZqqLS', 'i1ZXlXxiysvAaSrG0nI6Sdt7Hz0kVC4IL1qralkj8jrBc8EpD0mPWmdkOJix', NULL, '2023-11-24 02:43:11'),
(230, 14915694, 'estudiante', 'PARRA BUCARELO NICOLE ALESSANDRA', 'CARMENFPP18@GMAIL.COM', NULL, '$2y$10$Bd4jePW/9fYNWcbUm6O31uqWcxolQ3lQRlaiTf1ZXZNp.MVHT/94i', NULL, NULL, NULL),
(231, 25654068, 'estudiante', 'TILBE SIBELES ALEJANDRA', 'SIBELESTIL@GMAIL.COM', NULL, '$2y$10$ToPo2lZAeM0rpLuSpZqyre8fPsRAspfmPcRxCCFznbvDa1EzMd5s.', NULL, NULL, NULL),
(232, 30128656, 'estudiante', 'LORENZO DAMIAN ALFREDO', 'MOSKADAMIAN@GMAIL.COM', NULL, '$2y$10$l9I.djJjNHWJOfATuDtV/e6t.Uasc8beFYBKtSCmFQQQWkbtwxLaO', 'ejdAqax3wWcRLwDXXVkhAUy3xTLf2VF90cuOBcAIRJm6QrQ3o3ITTe0yX5cN', NULL, '2023-12-11 00:07:55'),
(233, 42375185, 'estudiante', 'VIVEROS GASTON MAXIMILIANO', 'VIVEROSGASTON@GMAIL.COM', NULL, '$2y$10$yzh7oz34mdx/oMI0hwDwtu.reTz8BBoG/6i8wUl79jDSJ4ILIxkaK', 'CMx4sDYl8uoSm0OkBGKGIRNvrC0zzvDZqIWKAcv3UNw2JU9uJ7upWStv3jDX', NULL, '2023-11-24 16:30:39'),
(234, 46631970, 'estudiante', 'MARCHETTI DIAZ ABBIGAIL MILAGROS', 'ABBIGAILMILAGROS33@GMAIL.COM', NULL, '$2y$10$Mvg.aEiaxAzy22C7WN7q8uOsS2DVAKvtTp99WXvxKcpSKSvY9N5/S', NULL, NULL, NULL),
(235, 36954702, 'estudiante', 'MELGAREJO MELISA ALEXIA', 'MELGAREJO.ALEXIA@GMAIL.COM', NULL, '$2y$10$atP9TVAEo.V1rcV94zdJCuhBxHP0Y.2j3.hMZfaC1ggvFtq.kz2l.', '8vtSR22qS5lOTAVADM0KQquYL6QQ0a0vWGN6lM1Oma7BAzYJCIii2I74Zpxc', NULL, NULL),
(236, 95726520, 'estudiante', 'PEREZ NERI ARIANNA ALESSANDRA', 'EPERE18@HOTMAIL.COM', NULL, '$2y$10$xXatvjhyOaq/qcAkF77gte/Q.xy/IIykSOf83YID8upjvSedj.i3e', NULL, NULL, NULL),
(237, 46281636, 'estudiante', 'CARBO LUCIANO BENJAMIN', 'LUBENJAMIN60@GMAIL.COM', NULL, '$2y$10$tH9w/kikdwPjXxTMQBI1auxjpaF6Lpgn9c0ISwXFjsW26HR/JOpj.', NULL, NULL, NULL),
(238, 51430440, 'estudiante', 'STUR GONZALO EZEQUIEL', 'TERESITADELROSARIOMAGUNA@GMAIL.COM', NULL, '$2y$10$i4kxIakfroa73gaHRkZYo.a4VCAah8MUCqyPIGCuD0b1Mt39mbd.6', NULL, NULL, NULL),
(239, 55067855, 'estudiante', 'VIDUEIRA YACCUZZI SANTIAGO', 'MELISAYACCUZZI@GMAIL.COM', NULL, '$2y$10$SEifakcFArAoU5rG2sNYc.xu5lalthgTyU5vBMrZXJWP7xqiTJbR.', NULL, NULL, NULL),
(240, 94801070, 'estudiante', 'ACOSTA CASTILLO BRISA NOELI', 'CASTILLOBRISANOELI23@GMAIL.COM', NULL, '$2y$10$Aemz9Wai8duGTdlUHgtQ8OrleNaWJgRludfyt.IOM5.da.yrLcXaa', 'urz33IxJkUvzzQGf9Tbvchkmlm5KEPC4VWt8uKiGPWsHqTNmJreM2V8SQGzd', NULL, NULL),
(241, 10625458, 'estudiante', 'CHAVES MARTA', 'MARTACHAVES52@GMAIL.COM', NULL, '$2y$10$iN2h4nnBgfIK9bUBlVZX0uZR8QbNIAtd8MG3Ldi/ZZ9qP.yRQfo6u', NULL, NULL, NULL),
(242, 55601839, 'estudiante', 'IMBROGNO VICENTE', 'NATTPERSICO@HOTMAIL.COM', NULL, '$2y$10$FmYakGKl37Xe96Rrh8nCpeExb5zFs.mPVwWShEJicTZ.Lfnlc02sy', NULL, NULL, NULL),
(243, 46421538, 'estudiante', 'CERANA ALEN EMANUEL', 'LICPERELLI@GMAIL.COM', NULL, '$2y$10$treS9/Q9hVf1JLFC7W9nquqy/kSk9k5mKA/yjV4stmM..AFN3f8Zu', NULL, NULL, NULL),
(244, 44755235, 'estudiante', 'TARRAGONA GARI CANDELA LUDMILA', 'CANDELA.TARRAGONAGARI@GMAIL.COM', NULL, '$2y$10$5GYYkZweMcYPu7kMDVW3W.dBigsFYHTkMhPm6sv1FsGoxJWbfdYq2', NULL, NULL, NULL),
(245, 11876881, 'estudiante', 'GAMERO SUSANA MIRTA', 'SU.GAMERO55@HOTMAUL.COM', NULL, '$2y$10$yMGK.Bm7az8cUqXP4Qm67.KeStP4C.kQQ0J3j/iYJXBVtTouCllUe', NULL, NULL, NULL),
(246, 14889646, 'estudiante', 'LUNA FABIANA IRENE', 'FABIANA.ILUNA1961@GMAIL.COM', NULL, '$2y$10$dpdlqz1biYT2xnAytGqoku2wCm.uxu3W4eAsFkM4RB8DPVDvKHUgS', NULL, NULL, NULL),
(247, 20007668, 'estudiante', 'CERANA ANDRES HERNAN', 'AHCERANA@YAHOO.COM.AR', NULL, '$2y$10$7/DrBxr81WaUN4aFspEBtugrafK6G9WP2dLSbu/RnLj6Vz96I1wr2', 'vvdi3n8LJzH9UT7tihAfrkSchL0t246ey4xt4PgJqCIytk9lPQVBjVt7WQuX', NULL, NULL),
(248, 50031669, 'estudiante', 'VIDUEIRA YACCUZZI MATEO', 'MATEOVIDUEIRA10@GMAIL.COM', NULL, '$2y$10$7nU0cAP727JqM6skfZEjR.thzBBhf6VF9oJdGC9m0Ve0rHtnAOaOq', NULL, NULL, NULL),
(249, 49177144, 'estudiante', 'DONAIRE GOMEZ PRISCILA MELANIE', 'DANIELAIVANAGOMEZ@GMAIL.COM', NULL, '$2y$10$m2/fD65jbfWo0QPXOllXW.pFh.6WKKIldS9HFmICXrQZO0kFv8jvy', NULL, NULL, NULL),
(250, 42905975, 'estudiante', 'CEPEDA JULIAN', 'JULIIANCEPEDA18@GMAIL.COM', NULL, '$2y$10$5lbyzIxSGKdz1Yau5wwl1.Vxm/oJvpW1mohVrMNZKr88/LxTn/QBC', NULL, NULL, NULL),
(251, 46362535, 'estudiante', 'RODRIGUEZ CANDELA', 'CANDELAR328@GMAIL.COM', NULL, '$2y$10$.ejXu4AvrjBOMnhR523oiO4PQ9BT2mD64u3j7kcHw3acaBRDviNfy', NULL, NULL, NULL),
(252, 30348123, 'estudiante', 'VEGA LAURA', 'LAURAVEGAKARINA@GMAIL.COM', NULL, '$2y$10$pidr3QfoDGnGTUxivYtwGuOFDYXT0MNqUB9y3xhFBF1hJlkec0ac.', NULL, NULL, NULL),
(253, 29592146, 'estudiante', 'ROMAN MARIA CECILIA', 'MCECIROMAN@GMAIL.COM', NULL, '$2y$10$VgWygGjfeCXm413OkAsuSuWAoPAV3lyLlbjPt//W.LwIFSKcc8RVS', NULL, NULL, NULL),
(254, 34119921, 'estudiante', 'MARTINEZ MICAELA', 'MARTINEZMICA@GMAIL.COM', NULL, '$2y$10$viqSBNRK8TcVzI2aDs6NL.0jiM3akK9RHDBq5/z1AwDLavWexK2qy', NULL, NULL, NULL),
(255, 29660672, 'estudiante', 'PALLARES JORGELINA GRISELDA', 'JORGELINAPALLARES@YAHOO.COM.AR', NULL, '$2y$10$VuqcG0XQQ3kTWRcKpxDGZeTQjFsxdRpELzNRxEoWOwmyKpdAkT.SG', NULL, NULL, NULL),
(256, 6436256, 'estudiante', 'MOYANO ANA DELIA', 'ANADELIAMOYANO@YAHOO.COM.AR', NULL, '$2y$10$5q5nbe4bILaYp8/Kedigb.V/mdWArKxO3DJ5hYW93DtRmf.PDh9Ey', NULL, NULL, NULL),
(257, 20583252, 'estudiante', 'RIVAROLA MARIA LUISA', 'RIVAROLAMARIALUISA@GMAIL.COM', NULL, '$2y$10$GjgrUiprEKpzok0wZBhdtue.vdYYHKe2//MpiygMvVmImHQZYF6BC', NULL, NULL, NULL),
(258, 21019479, 'estudiante', 'CEFALI MARIA ISABEL', 'ISABELCATANZARO@GMAIL.COM', NULL, '$2y$10$zhlSKu6E9zTqLNXes0iU1uPikoApoNfplFhZPBdxDH3tktZEwIuQK', NULL, NULL, NULL),
(259, 666208, 'estudiante', 'SANCHEZ EVA', 'BETTYMILENIUM1@GMAIL.COM', NULL, '$2y$10$ReooSBlwsm53xCVzQIEug.JDTruElYtnNfm2Ckdw9OFjpkpaHjhVe', NULL, NULL, NULL),
(260, 18402237, 'estudiante', 'VITALE ADRIANA BEATRIZ', 'ADRIANAMILENA23@HOTMAIL.COM', NULL, '$2y$10$YC3mz2Va4a/ShFTvUtY0luDh64LIvkiArnfjGrLX9OdAgbs7el/ee', NULL, NULL, NULL),
(261, 14933380, 'estudiante', 'ROSCIANO VIVIANA', 'VIVIANAG.QUIROGA@GMAIL.COM', NULL, '$2y$10$FNq404fSAs/iT9DncJCRRe7qPgOajrHgOmFRzdcCPy5CEe0KKggjy', NULL, NULL, NULL),
(262, 5755364, 'estudiante', 'REILLY SUSANA HAYDEE', 'SREILLY231@GMAIL.COM', NULL, '$2y$10$fH.aF41/1IofxKcpcQ88FeA0Qv5yD1xzXjeKKN8MhGxC7GixV0/re', NULL, NULL, NULL),
(263, 18164814, 'estudiante', 'NOVAL ANDREA SILVIA', 'ANDREASILVIANOVAL@GMAIL.COM', NULL, '$2y$10$lrUKO7eDrEaFc3aF32/G9OLhyijPkDzlGfLKzfaaIsrO8y7YYstBC', NULL, NULL, NULL),
(264, 5897557, 'estudiante', 'FELIPETTI ADELA', 'ADEFELIPETTI1@YAHOO.COM.AR', NULL, '$2y$10$jcQdxlImE4hLvsgdH2T87uk9guBtiyi0hCbzOenVoe9BmzH3OIVTS', NULL, NULL, NULL),
(265, 10106892, 'estudiante', 'LOPEZ GRACIELA', 'GRAXLOPEZ@GMAIL.COM', NULL, '$2y$10$X7Jxrq/7txfx6nUr2KidZOfOjJdOr3b3zJ8sqlugrbZvUOM9IOJ4m', NULL, NULL, NULL),
(266, 44486768, 'estudiante', 'LUJAN AVRIL', 'AVRILCATH4@GMAIL.COM', NULL, '$2y$10$eZ0ccSs0gMx0Pqium/aJBe7xqVbIlVN/haGqsveyJEQT5AjyfT/Qi', 'Hx7LWDyQQngWM2VRjWTlcquJMJkjeO72pt593OgGpRXVQXjWdneyfkMYJRwK', NULL, NULL),
(267, 11172794, 'estudiante', 'DOMINGUEZ MIRTA GRACIELA', 'MAGELADO25@GMAIL.COM', NULL, '$2y$10$ZReME92dClmoU.3G4wZ.JueXvNAqC/qnmC6lscHwMzHdVjGYgd8S6', NULL, NULL, NULL),
(268, 10233838, 'estudiante', 'URQUIZA GRACIELA', 'FAMILIA_FONTANA@YAHOO.COM.AR', NULL, '$2y$10$vxFkcsdwJd5gJVFzjQv02.4TL8GMtykrEh8JdJs8nk/S4s7iA2WXm', NULL, NULL, NULL),
(269, 42565833, 'estudiante', 'GALANTE ROCIO', 'ROCIOGALANTE@HOTMAIL.COM', NULL, '$2y$10$V41xRt2P5aVTMCcDeOt7o.QQLduPDO4wc49E86EqpNZiYrK2Mcj4K', NULL, NULL, NULL),
(270, 93334830, 'estudiante', 'CAROSELLA RITA', 'RITA812@HOTMAIL.COM.AR', NULL, '$2y$10$Lkx.zF89ZxFpgkqTNQPwtua.VdE7eAn70uxfYrm8GA9zoONTUxzCm', NULL, NULL, NULL),
(271, 93342493, 'estudiante', 'CAROSELLA TOSCA', 'CAROSELLATOSCA@GMAIL.COM', NULL, '$2y$10$X.ZRs5x7iYND/4BUgJksDOp5LFoMhw/y5UhG4lMOuoS2J7ztqB0mi', NULL, NULL, NULL),
(272, 10037426, 'estudiante', 'FERREYRA MANUELA ROSARIO', 'ROSARIOFERREYRA@GMAIL.COM', NULL, '$2y$10$21X1VKqQkjKIV1KfxgiiGuMHQ2e2BgpoIYbcNorhBUOEmlU0XkQQ6', NULL, NULL, NULL),
(273, 10369816, 'estudiante', 'POMPONIO ELBA MARIA', 'ELBAMARIAPOMPONIO@GMAIL.COM', NULL, '$2y$10$UuUxQKxVhziUVzIqlce.huUUlp9lW2fBvgOec2uBNehWIlK0n30WK', NULL, NULL, NULL),
(274, 111222333, 'estudiante', 'PORUEBA 234', '1234@GMAIL.COM', NULL, '$2y$10$E9RDjeZyFdbtQrXv3nUV1uoP1Yf2UIhIy1IhRwJdfxWrHmTjw9hwi', NULL, NULL, NULL),
(275, 111222334, 'estudiante', 'PORUEBA 234', '12345@GMAIL.COM', NULL, '$2y$10$YPzXE1WyXbIyFEug/LTXdOF93WWGY4kdK5mC6.l3xTHGwvVqmeaL.', NULL, NULL, NULL),
(276, 56789012, 'estudiante', 'DA VINCI LEONARDO', 'EMMU3FDIRECCION+9@GMAIL.COM', NULL, '$2y$10$ezsWwz.IeT1p7K4A9sz1pe2s5ZIQbWv7Qoil.cTn38CJLnGN6zScG', NULL, NULL, NULL),
(277, 12226968, 'estudiante', 'CHIESA ANA', 'ANAECHIESA@GMAIL.COM', NULL, '$2y$10$nf8xmXMgHbgGQBhwMro2XuHv9c0WrgzEGT//z7CWgso1MjhZoRubu', 'vlDjugp3hThDLF8a05scZJ3DP5jEUBTnOZpl6TkjsWTGZwOmngVxYR2F6WN9', NULL, '2023-11-30 17:07:35'),
(280, 12620896, 'estudiante', 'CENTA ANA DOMINGA', 'ANADOMINGA912@GMAIL.COM', NULL, '$2y$10$14Bu3C3tPxwuAwbLA4zEHuFDB5FLxp58VZoCAH9LQ63zdzJQx.1WS', NULL, NULL, NULL),
(281, 13501753, 'estudiante', 'BLASI SILVANA MARISA', 'SILVANABLASI@YAHOO.COM.AR', NULL, '$2y$10$IQi10/9Dn8KDuHQ7RinQ5OdoqkQiim7d5RttxDIb5zP3RODv1JPXq', NULL, NULL, NULL),
(282, 10053968, 'estudiante', 'MINHONDO EUSEBIO VALERIO', 'SUCARRERE16@GMAIL.COM', NULL, '$2y$10$TLPFwOkGkZxHJBrNNqUkauKXM.FQ7lRLaUyxW.otj2usTdm9D1R2e', NULL, NULL, NULL),
(283, 53151141, 'estudiante', 'CISNEROS SISTO ANGELA CAMILA', 'SOLESISTO@HOTMAIL.COM', NULL, '$2y$10$JoJ0KO/sN6.Z0OLg8JptIeIINRFSwEQKyLGckZC.95/TNDNYK427u', NULL, NULL, NULL),
(284, 96128315, 'estudiante', 'SALINAS CHAPARRO DANTE ALEJANDRO', 'CHAITANIACELLIST@GMAIL.COM', NULL, '$2y$10$SU3w8RoNgCbSsmloo/y4luG83XtHl1Sjtiv/zve5bJrE5.TDTtha.', NULL, NULL, NULL),
(285, 96136405, 'estudiante', 'SALINAS CHAPARRO SHANTAL NATALI', 'SALINASMUSIKER@GMAIL.COM', NULL, '$2y$10$i5FQbHa56RCb/OcVg9LsMuTWElOALt0eTDJZJEylojDyJu9mWwXFW', NULL, NULL, NULL),
(286, 47938630, 'estudiante', 'MORENO AZUL LUISINA', 'AZULITITA48@GMAIL.COM', NULL, '$2y$10$.NV3jOJoSnNQPMxBbTkmM.x537pg9B7Tqggpq/D2/9ckDxMXgYMBW', 'nAD0NJ4k4tQUA0h6XvWkmLgu4eTyY3V565AWAdd0FOliO7EZm3nyVWr4XiOc', NULL, NULL),
(287, 13408486, 'estudiante', 'MILLICAY MABEL EDITH', 'MABELMILLICAY12@GMAIL.COM', NULL, '$2y$10$JeLl9vvcy6oui9tSmQxLr.FBJIPmKWETWJAVle9RIY8dAmWGb3/mS', NULL, NULL, NULL),
(288, 22386395, 'estudiante', 'DEL HOYAL SILVINA LAURA', 'SILVINADELHOYAL@GMAIL.COM', NULL, '$2y$10$Dv7UKQSxCJPPZpjpphBs9epZlEypCsjqyZwE5q.yfkaVVtrjsVsKu', 'ZLF24sDwpLxw2Bbpyvy6mleNRiKPKqgaHZBZk7tGlVvkBUm20icsitmVE9h3', NULL, NULL),
(289, 16454981, 'estudiante', 'Plebani Gladys', 'parodi105@gmail.com', NULL, '$2y$10$tP1l4d1QJzdrh4TfeNnA1eumrAruzlJWANv0ZBj7Qd9.022b9v9om', NULL, NULL, NULL),
(290, 14077944, 'estudiante', 'GARCIA VIVIANA', 'VIMAGA59@HOTMAIL.COM', NULL, '$2y$10$Frf9Vxglf758swcr0/..T.2UdV9rW4Mm2oP5mqDO.44UBjhfWe2lC', 'hqCvJhGJs5ZmYjAlnsUYxhLQLb57sKdFLMIsFGEGM8kzjqthWcdgNbwd4vRz', NULL, NULL),
(291, 10265358, 'estudiante', 'NELLA ISABEL', 'ISANELLA51@HOTMAIL.COM', NULL, '$2y$10$UbY0DmPkgJQlaT5zzRKGXet7JQ2hNMb.fUtOf5VEdPd69U0zTyc.K', NULL, NULL, NULL),
(292, 25094770, 'estudiante', 'VEGA GABRIELA', 'GABYGOSPELS@GMAIL.COM', NULL, '$2y$10$smIRohO2OdWZLyPRG9K73.FeP/NErnDYSqANKFh7PQziA6rktqTQu', 'daVcd5lEr5QmzojTjr1w6CK0to1PcyvlZa2hY6Y4ShHVL3CpjIE7JWPdyzwB', NULL, '2023-12-20 00:20:39'),
(293, 49371811, 'estudiante', 'CAMBRIA RICCARDI JUAN JOSE', 'JUANJOSECAMBRIARICCARDI@GMAIL.COM', NULL, '$2y$10$3z/VGEImEwLhQ3KaLy5a6OvXZ.GTstGuwyQd13yNb2GtFV/ly2kBy', NULL, NULL, NULL),
(294, 12107988, 'estudiante', 'CHARRUT VIVIANA', 'VCHARRUT@HOTMAIL.COM', NULL, '$2y$10$kxfrUHT.G0ndhTS.9kM4h..mb/VM0hhLlvxKXCm7JtI7jAfEMkkYu', NULL, NULL, NULL),
(295, 50227793, 'estudiante', 'SILVA SOFIA', 'CARLASARLI3F@GMAIL.COM', NULL, '$2y$10$zlwt9b5YBb1MLS6NTnriA.QD7OVuufWx6ayUqC9WFEdsnyUBeIKmy', NULL, NULL, NULL),
(296, 46958181, 'estudiante', 'RODRIGUEZ PENA LUCAS NICOLAS', 'RODRIGUEZPENALUCAS@GMAIL.COM', NULL, '$2y$10$TOR74rgOqdEzD1n9chVv8.qAvAox41C81iLZwjbJ8IJuXnnCHsfHW', NULL, NULL, NULL),
(297, 36399526, 'estudiante', 'RAMIREZ ROCIO BELEN', 'ROCBEL_15@HOTMAIL.COM', NULL, '$2y$10$MuNotvesoDD2GTkGZ.mLReRjpftbgVZjsZ20zkL/2iKgF5BOrxBa2', NULL, NULL, NULL),
(298, 5003125, 'estudiante', 'BINASCO ELMA ESILDA', 'ELMABINASCO@YAHOO.COM.AR', NULL, '$2y$10$AZnrShV7LZo7FD1mAFm4B.D1/3MZ5NmQRTwE.StBfo2pHkaFX4vZ6', NULL, NULL, NULL),
(299, 20229109, 'estudiante', 'GAMBOA LAURA ALEJANDRA', 'LAURAALEJANDRAGAMBOA9@GMAIL.COM', NULL, '$2y$10$OvW3k5Kx0a0f4fjNw5MW1.LsNXPC9LFnDnKEM/7Vyh94MS3CN/hSO', 'JxBEio8E5r5jnYkVbCq4GIlRUFy2fX6tFKl8UMA62Y8ol4DBzONEr7vcg0ri', NULL, NULL),
(300, 12463159, 'estudiante', 'LAROCCA MARIA PATRICIA', 'PATCANTA@HOTMAIL.COM.AR', NULL, '$2y$10$sepluwD47ioHhpHNZsFTYesUETsZwLLybjf8BsUKhXZaXgl0B3MQe', NULL, NULL, NULL),
(301, 12819889, 'estudiante', 'DELLA LONGA JUANA EMILIA', 'GIOVANNADELONGA@YAHOO.IT', NULL, '$2y$10$91.jU0abFErCcz6Z5/ez0uvyJxmVsuhmspq.7rJ3MGNIBnifc1w6m', NULL, NULL, NULL),
(302, 12946629, 'estudiante', 'PEREIRA SILVIA MONICA', 'SILVIAMONICA07@HOTMAIL.COM', NULL, '$2y$10$ZGzY2PKD1e6SlZn2HtLue.5K.G9NCWqgrOlI8KZeV10J42JC3IfVm', NULL, NULL, NULL),
(303, 14951975, 'estudiante', 'NOGUERA MARTA CRISTINA', 'CRISNOGUERAA@GMAIL.COM', NULL, '$2y$10$idW6tgMdjttN4WErqhTajuepTNTy7tIFL3o.LppOxDjgfmbMMZSsi', NULL, NULL, NULL),
(304, 11985788, 'estudiante', 'LEON SILVIA', 'MSILVIALEON55@GMAIL.COM', NULL, '$2y$10$QvDqMMHumgJfml5xZl7TduUCVYs7V105BzBhLPMQkCWqickhnpira', NULL, NULL, NULL),
(305, 12315552, 'estudiante', 'BONAFINA LIDIA CECILIA', 'LIDIABONAFINASIMCIC@GMAIL.COM', NULL, '$2y$10$8vgb4a/BXacNK/8fv5NFg.A.iH6NHFxv0JfgVI3UjJNI0ddrU4TPm', '8fpcOQTvitKBtNo4ZrJybZmp6I12JoeD5ZMknyn9RwKMOlMRmpLNo4oDgUrb', NULL, NULL),
(306, 6516044, 'estudiante', 'ALTAMARE MICAELA', 'MICAELAALTAMARE22@GMAIL.COM O', NULL, '$2y$10$uHznsmSwfR3IE96us3jVkOqdaJro6kZJ173si7KogkEl5biGCkG3a', NULL, NULL, NULL);

--
-- Índices para tablas volcadas
--

--
-- Indices de la tabla `asistencia`
--
ALTER TABLE `asistencia`
  ADD PRIMARY KEY (`id`),
  ADD KEY `dni` (`dni`),
  ADD KEY `id_catedra` (`id_catedra`);

--
-- Indices de la tabla `asistencia_historial`
--
ALTER TABLE `asistencia_historial`
  ADD PRIMARY KEY (`id`),
  ADD KEY `id_catedra` (`id_catedra`);

--
-- Indices de la tabla `calificaciones`
--
ALTER TABLE `calificaciones`
  ADD PRIMARY KEY (`id`),
  ADD KEY `dni` (`dni`),
  ADD KEY `id_materia` (`id_materia`);

--
-- Indices de la tabla `calificaciones_historial`
--
ALTER TABLE `calificaciones_historial`
  ADD PRIMARY KEY (`id`),
  ADD KEY `catedra_id` (`catedra_id`);

--
-- Indices de la tabla `carreras`
--
ALTER TABLE `carreras`
  ADD PRIMARY KEY (`id`);

--
-- Indices de la tabla `catedras`
--
ALTER TABLE `catedras`
  ADD PRIMARY KEY (`id`),
  ADD KEY `id_materia` (`id_materia`),
  ADD KEY `id_profesor` (`dni_profesor`);

--
-- Indices de la tabla `correlativas`
--
ALTER TABLE `correlativas`
  ADD PRIMARY KEY (`id`),
  ADD KEY `id_materia` (`id_materia`),
  ADD KEY `id_correlativa` (`id_correlativa`);

--
-- Indices de la tabla `estudiantes`
--
ALTER TABLE `estudiantes`
  ADD PRIMARY KEY (`dni`),
  ADD UNIQUE KEY `id` (`id`),
  ADD KEY `dni` (`dni`),
  ADD KEY `carrera` (`carrera`),
  ADD KEY `id_2` (`id`);

--
-- Indices de la tabla `examenes_fechas`
--
ALTER TABLE `examenes_fechas`
  ADD PRIMARY KEY (`id`),
  ADD KEY `id_presidente` (`presidente`),
  ADD KEY `id_vocal1` (`vocal1`),
  ADD KEY `id_vocal2` (`vocal2`),
  ADD KEY `id_catedra` (`id_catedra`);

--
-- Indices de la tabla `failed_jobs`
--
ALTER TABLE `failed_jobs`
  ADD PRIMARY KEY (`id`),
  ADD UNIQUE KEY `failed_jobs_uuid_unique` (`uuid`);

--
-- Indices de la tabla `inscripciones_examenes`
--
ALTER TABLE `inscripciones_examenes`
  ADD PRIMARY KEY (`id`),
  ADD KEY `dni` (`dni`),
  ADD KEY `id_fecha_examen` (`id_fecha_examen`);

--
-- Indices de la tabla `inscripciones_materias`
--
ALTER TABLE `inscripciones_materias`
  ADD PRIMARY KEY (`id`),
  ADD KEY `dni` (`dni`),
  ADD KEY `id_catedra` (`id_catedra`);

--
-- Indices de la tabla `materias`
--
ALTER TABLE `materias`
  ADD PRIMARY KEY (`id`);

--
-- Indices de la tabla `materias_x_carreras`
--
ALTER TABLE `materias_x_carreras`
  ADD PRIMARY KEY (`id`),
  ADD KEY `id_carrera` (`id_carrera`),
  ADD KEY `id_materia` (`id_materia`);

--
-- Indices de la tabla `migrations`
--
ALTER TABLE `migrations`
  ADD PRIMARY KEY (`id`);

--
-- Indices de la tabla `password_resets`
--
ALTER TABLE `password_resets`
  ADD KEY `password_resets_email_index` (`email`);

--
-- Indices de la tabla `password_reset_tokens`
--
ALTER TABLE `password_reset_tokens`
  ADD PRIMARY KEY (`email`);

--
-- Indices de la tabla `personal_access_tokens`
--
ALTER TABLE `personal_access_tokens`
  ADD PRIMARY KEY (`id`),
  ADD UNIQUE KEY `personal_access_tokens_token_unique` (`token`),
  ADD KEY `personal_access_tokens_tokenable_type_tokenable_id_index` (`tokenable_type`,`tokenable_id`);

--
-- Indices de la tabla `profesores`
--
ALTER TABLE `profesores`
  ADD PRIMARY KEY (`dni`),
  ADD UNIQUE KEY `id` (`id`);

--
-- Indices de la tabla `users`
--
ALTER TABLE `users`
  ADD PRIMARY KEY (`id`),
  ADD UNIQUE KEY `users_email_unique` (`email`),
  ADD UNIQUE KEY `id_2` (`id`),
  ADD KEY `id` (`id`),
  ADD KEY `id_3` (`id`);

--
-- AUTO_INCREMENT de las tablas volcadas
--

--
-- AUTO_INCREMENT de la tabla `asistencia`
--
ALTER TABLE `asistencia`
  MODIFY `id` int(11) NOT NULL AUTO_INCREMENT, AUTO_INCREMENT=57;

--
-- AUTO_INCREMENT de la tabla `asistencia_historial`
--
ALTER TABLE `asistencia_historial`
  MODIFY `id` int(11) NOT NULL AUTO_INCREMENT;

--
-- AUTO_INCREMENT de la tabla `calificaciones`
--
ALTER TABLE `calificaciones`
  MODIFY `id` bigint(11) NOT NULL AUTO_INCREMENT, AUTO_INCREMENT=2136;

--
-- AUTO_INCREMENT de la tabla `calificaciones_historial`
--
ALTER TABLE `calificaciones_historial`
  MODIFY `id` bigint(20) NOT NULL AUTO_INCREMENT;

--
-- AUTO_INCREMENT de la tabla `catedras`
--
ALTER TABLE `catedras`
  MODIFY `id` int(11) NOT NULL AUTO_INCREMENT, AUTO_INCREMENT=177;

--
-- AUTO_INCREMENT de la tabla `estudiantes`
--
ALTER TABLE `estudiantes`
  MODIFY `id` bigint(11) NOT NULL AUTO_INCREMENT, AUTO_INCREMENT=523;

--
-- AUTO_INCREMENT de la tabla `examenes_fechas`
--
ALTER TABLE `examenes_fechas`
  MODIFY `id` int(11) NOT NULL AUTO_INCREMENT, AUTO_INCREMENT=112;

--
-- AUTO_INCREMENT de la tabla `failed_jobs`
--
ALTER TABLE `failed_jobs`
  MODIFY `id` bigint(20) UNSIGNED NOT NULL AUTO_INCREMENT;

--
-- AUTO_INCREMENT de la tabla `inscripciones_examenes`
--
ALTER TABLE `inscripciones_examenes`
  MODIFY `id` int(10) UNSIGNED NOT NULL AUTO_INCREMENT, AUTO_INCREMENT=122;

--
-- AUTO_INCREMENT de la tabla `inscripciones_materias`
--
ALTER TABLE `inscripciones_materias`
  MODIFY `id` int(10) UNSIGNED NOT NULL AUTO_INCREMENT, AUTO_INCREMENT=49;

--
-- AUTO_INCREMENT de la tabla `materias_x_carreras`
--
ALTER TABLE `materias_x_carreras`
  MODIFY `id` int(10) UNSIGNED NOT NULL AUTO_INCREMENT, AUTO_INCREMENT=515;

--
-- AUTO_INCREMENT de la tabla `migrations`
--
ALTER TABLE `migrations`
  MODIFY `id` int(10) UNSIGNED NOT NULL AUTO_INCREMENT, AUTO_INCREMENT=19;

--
-- AUTO_INCREMENT de la tabla `personal_access_tokens`
--
ALTER TABLE `personal_access_tokens`
  MODIFY `id` bigint(20) UNSIGNED NOT NULL AUTO_INCREMENT;

--
-- AUTO_INCREMENT de la tabla `profesores`
--
ALTER TABLE `profesores`
  MODIFY `id` int(11) NOT NULL AUTO_INCREMENT, AUTO_INCREMENT=24;

--
-- AUTO_INCREMENT de la tabla `users`
--
ALTER TABLE `users`
  MODIFY `id` bigint(11) NOT NULL AUTO_INCREMENT, AUTO_INCREMENT=307;

--
-- Restricciones para tablas volcadas
--

--
-- Filtros para la tabla `asistencia`
--
ALTER TABLE `asistencia`
  ADD CONSTRAINT `asistencia_ibfk_1` FOREIGN KEY (`dni`) REFERENCES `estudiantes` (`dni`) ON DELETE NO ACTION ON UPDATE NO ACTION,
  ADD CONSTRAINT `asistencia_ibfk_2` FOREIGN KEY (`id_catedra`) REFERENCES `catedras` (`id`) ON DELETE NO ACTION ON UPDATE NO ACTION;

--
-- Filtros para la tabla `asistencia_historial`
--
ALTER TABLE `asistencia_historial`
  ADD CONSTRAINT `asistencia_historial_ibfk_1` FOREIGN KEY (`id_catedra`) REFERENCES `catedras` (`id`);

--
-- Filtros para la tabla `calificaciones`
--
ALTER TABLE `calificaciones`
  ADD CONSTRAINT `calificaciones_ibfk_1` FOREIGN KEY (`id_materia`) REFERENCES `materias` (`id`) ON DELETE NO ACTION ON UPDATE NO ACTION,
  ADD CONSTRAINT `calificaciones_ibfk_2` FOREIGN KEY (`dni`) REFERENCES `estudiantes` (`dni`) ON DELETE NO ACTION ON UPDATE NO ACTION;

--
-- Filtros para la tabla `calificaciones_historial`
--
ALTER TABLE `calificaciones_historial`
  ADD CONSTRAINT `calificaciones_historial_ibfk_1` FOREIGN KEY (`catedra_id`) REFERENCES `catedras` (`id`) ON DELETE NO ACTION ON UPDATE NO ACTION;

--
-- Filtros para la tabla `catedras`
--
ALTER TABLE `catedras`
  ADD CONSTRAINT `catedras_ibfk_1` FOREIGN KEY (`dni_profesor`) REFERENCES `profesores` (`dni`) ON DELETE NO ACTION ON UPDATE NO ACTION,
  ADD CONSTRAINT `catedras_ibfk_2` FOREIGN KEY (`id_materia`) REFERENCES `materias` (`id`) ON DELETE NO ACTION ON UPDATE NO ACTION;

--
-- Filtros para la tabla `correlativas`
--
ALTER TABLE `correlativas`
  ADD CONSTRAINT `correlativas_ibfk_1` FOREIGN KEY (`id_materia`) REFERENCES `materias` (`id`),
  ADD CONSTRAINT `correlativas_ibfk_2` FOREIGN KEY (`id_correlativa`) REFERENCES `materias` (`id`) ON DELETE NO ACTION ON UPDATE NO ACTION;

--
-- Filtros para la tabla `estudiantes`
--
ALTER TABLE `estudiantes`
  ADD CONSTRAINT `estudiantes_ibfk_1` FOREIGN KEY (`carrera`) REFERENCES `carreras` (`id`) ON DELETE NO ACTION ON UPDATE NO ACTION;

--
-- Filtros para la tabla `examenes_fechas`
--
ALTER TABLE `examenes_fechas`
  ADD CONSTRAINT `examenes_fechas_ibfk_1` FOREIGN KEY (`presidente`) REFERENCES `profesores` (`dni`) ON DELETE NO ACTION ON UPDATE NO ACTION,
  ADD CONSTRAINT `examenes_fechas_ibfk_2` FOREIGN KEY (`vocal1`) REFERENCES `profesores` (`dni`) ON DELETE NO ACTION ON UPDATE NO ACTION,
  ADD CONSTRAINT `examenes_fechas_ibfk_3` FOREIGN KEY (`vocal2`) REFERENCES `profesores` (`dni`) ON DELETE NO ACTION ON UPDATE NO ACTION,
  ADD CONSTRAINT `examenes_fechas_ibfk_4` FOREIGN KEY (`id_catedra`) REFERENCES `catedras` (`id`) ON DELETE NO ACTION ON UPDATE NO ACTION;

--
-- Filtros para la tabla `inscripciones_examenes`
--
ALTER TABLE `inscripciones_examenes`
  ADD CONSTRAINT `inscripciones_examenes_ibfk_1` FOREIGN KEY (`dni`) REFERENCES `estudiantes` (`dni`),
  ADD CONSTRAINT `inscripciones_examenes_ibfk_2` FOREIGN KEY (`id_fecha_examen`) REFERENCES `examenes_fechas` (`id`);

--
-- Filtros para la tabla `inscripciones_materias`
--
ALTER TABLE `inscripciones_materias`
  ADD CONSTRAINT `inscripciones_materias_ibfk_1` FOREIGN KEY (`dni`) REFERENCES `estudiantes` (`dni`),
  ADD CONSTRAINT `inscripciones_materias_ibfk_2` FOREIGN KEY (`id_catedra`) REFERENCES `catedras` (`id`);

--
-- Filtros para la tabla `materias_x_carreras`
--
ALTER TABLE `materias_x_carreras`
  ADD CONSTRAINT `materias_x_carreras_ibfk_1` FOREIGN KEY (`id_carrera`) REFERENCES `carreras` (`id`),
  ADD CONSTRAINT `materias_x_carreras_ibfk_2` FOREIGN KEY (`id_materia`) REFERENCES `materias` (`id`) ON DELETE NO ACTION ON UPDATE NO ACTION;
COMMIT;

/*!40101 SET CHARACTER_SET_CLIENT=@OLD_CHARACTER_SET_CLIENT */;
/*!40101 SET CHARACTER_SET_RESULTS=@OLD_CHARACTER_SET_RESULTS */;
/*!40101 SET COLLATION_CONNECTION=@OLD_COLLATION_CONNECTION */;
